"binomial_name","family","genus","species","species_origin","logging_status","history_at_IF_site","history_at_CP_site","level_used","mean_dry_seed_mass_mg","reference_seed_mass"
"Acranthera frutescens","Rubiaceae","Acranthera","frutescens","50ha","unlogged",NA,NA,"Family",59.1893790915751,"BIEN"
"Acranthera velutinervia","Rubiaceae","Acranthera","velutinervia","50ha","unlogged",NA,NA,"Family",59.1893790915751,"BIEN"
"Actinodaphne borneensis","Lauraceae","Actinodaphne","borneensis","50ha","unlogged",NA,NA,"Family",1244.48787274336,"BIEN"
"Actinodaphne glomerata","Lauraceae","Actinodaphne","glomerata","50ha","unlogged",NA,NA,"Family",1244.48787274336,"BIEN"
"Actinodaphne macrophylla","Lauraceae","Actinodaphne","macrophylla","50ha","unlogged",NA,NA,"Family",1244.48787274336,"BIEN"
"Actinodaphne pruinosa","Lauraceae","Actinodaphne","pruinosa","50ha","unlogged",NA,NA,"Family",1244.48787274336,"BIEN"
"Actinodaphne species 1","Lauraceae","Actinodaphne","species 1","50ha","unlogged",NA,NA,"Family",1244.48787274336,"BIEN"
"Actinodaphne unknown mixed","Lauraceae","Actinodaphne","unknown mixed","CP, 50ha","both",NA,"no seedling data, AR, NR",NA,NA,NA
"Adenanthera kostermansii","Fabaceae","Adenanthera","kostermansii","CP, 50ha","both",NA,"AR, NR","Genus",137.12,"BIEN"
"Adenanthera malayana","Fabaceae","Adenanthera","malayana","CP, 50ha","both",NA,"AR","Genus",137.12,"BIEN"
"Adinandra unknown mixed","Theaceae","Adinandra","unknown mixed","CP","logged",NA,"NR",NA,NA,NA
"Aglaia angustifolia","Meliaceae","Aglaia","angustifolia","CP, 50ha","both",NA,"AR","Genus",924.6375,"BIEN"
"Aglaia argentea","Meliaceae","Aglaia","argentea","CP, 50ha","both",NA,"AR, NR","Genus",924.6375,"BIEN"
"Aglaia crassinervia","Meliaceae","Aglaia","crassinervia","50ha","unlogged",NA,NA,"Genus",924.6375,"BIEN"
"Aglaia edulis","Meliaceae","Aglaia","edulis","50ha","unlogged",NA,NA,"Genus",924.6375,"BIEN"
"Aglaia elliptica","Meliaceae","Aglaia","elliptica","50ha","unlogged",NA,NA,"Genus",924.6375,"BIEN"
"Aglaia grandis","Meliaceae","Aglaia","grandis","50ha","unlogged",NA,NA,"Genus",924.6375,"BIEN"
"Aglaia luzoniensis","Meliaceae","Aglaia","luzoniensis","50ha","unlogged",NA,NA,"Genus",924.6375,"BIEN"
"Aglaia macrocarpa","Meliaceae","Aglaia","macrocarpa","50ha","unlogged",NA,NA,"Genus",924.6375,"BIEN"
"Aglaia odoratissima","Meliaceae","Aglaia","odoratissima","CP, 50ha","both",NA,"AR, NR","Genus",924.6375,"BIEN"
"Aglaia oligophylla","Meliaceae","Aglaia","oligophylla","50ha","unlogged",NA,NA,"Genus",924.6375,"BIEN"
"Aglaia silvestris","Meliaceae","Aglaia","silvestris","CP, 50ha","both",NA,"AR, NR","Genus",924.6375,"BIEN"
"Aglaia spectabilis","Meliaceae","Aglaia","spectabilis","CP, 50ha","both",NA,"AR, NR","Genus",924.6375,"BIEN"
"Aglaia tomentosa","Meliaceae","Aglaia","tomentosa","CP, 50ha","both",NA,"AR, NR","Species",298,"Royal Botanical Gardens KEW. 2008. Seed Information Database (SID). Version 7.1. Available from: http://data.kew.org/sid/ (May 2008)., Royal Botanical Gardens KEW. Seed Information Database (SID), http://data.kew.org/sid/ accessed May 2014, Royal Botanical Gardens KEW. 2008. Seed Information Database (SID). Version 7.1. Available from: http://data.kew.org/sid/ (May 2011)., Royal Botanic Gardens Kew. (2019) Seed Information Database (SID). Version 7.1. Available from: http://data.kew.org/sid/ (06 2019)"
"Aglaia unknown mixed","Meliaceae","Aglaia","unknown mixed","CP, 50ha","both",NA,"AR, NR, no seedling data",NA,NA,NA
"Alangium javanicum","Cornaceae","Alangium","javanicum","CP, 50ha","both",NA,"AR, NR","Genus",75,"BIEN"
"Allophylus cobbe","Sapindaceae","Allophylus","cobbe","50ha","unlogged",NA,NA,"Species",40.96,"Royal Botanical Gardens KEW. 2008. Seed Information Database (SID). Version 7.1. Available from: http://data.kew.org/sid/ (May 2008)., Royal Botanical Gardens KEW. Seed Information Database (SID), http://data.kew.org/sid/ accessed May 2014, Royal Botanical Gardens KEW. 2008. Seed Information Database (SID). Version 7.1. Available from: http://data.kew.org/sid/ (May 2011)., Schrader, J., Moeljono, S., Tambing, J., Sattler, C., Kreft, H. (2020) A new dataset on plant occurrences on small islands, including species abundances and functional traits across different spatial scales. Biodiversity Data Journal 8, e55275. doi: 10.3897/BDJ.8.e55275, Royal Botanic Gardens Kew. (2019) Seed Information Database (SID). Version 7.1. Available from: http://data.kew.org/sid/ (06 2019)"
"Alseodaphne bancana","Lauraceae","Alseodaphne","bancana","50ha","unlogged",NA,NA,"Family",1244.48787274336,"BIEN"
"Alseodaphne unknown mixed","Lauraceae","Alseodaphne","unknown mixed","CP, 50ha","both",NA,"AR",NA,NA,NA
"Alstonia angustifolia","Apocynaceae","Alstonia","angustifolia","CP, 50ha","both",NA,"NR, AR","Genus",6.28333333333333,"BIEN"
"Alstonia iwahigensis","Apocynaceae","Alstonia","iwahigensis","50ha","unlogged",NA,NA,"Genus",6.28333333333333,"BIEN"
"Anaxagorea javanica","Annonaceae","Anaxagorea","javanica","50ha","unlogged",NA,NA,"Genus",61.56,"BIEN"
"Angelesia splendens","Chrysobalanaceae","Angelesia","splendens","50ha","unlogged",NA,NA,"NA",NA,"BIEN"
"Anisophyllea beccariana","Anisophylleaceae","Anisophyllea","beccariana","50ha","unlogged",NA,NA,"NA",NA,"BIEN"
"Anisophyllea corneri","Anisophylleaceae","Anisophyllea","corneri","CP, 50ha","both",NA,"NR, AR","NA",NA,"BIEN"
"Anisoptera costata","Dipterocarpaceae","Anisoptera","costata","CP, 50ha","both",NA,"AR","Species",685,"Royal Botanical Gardens KEW. 2008. Seed Information Database (SID). Version 7.1. Available from: http://data.kew.org/sid/ (May 2008)., Royal Botanical Gardens KEW. Seed Information Database (SID), http://data.kew.org/sid/ accessed May 2014, Royal Botanical Gardens KEW. 2008. Seed Information Database (SID). Version 7.1. Available from: http://data.kew.org/sid/ (May 2011)., Royal Botanic Gardens Kew. (2019) Seed Information Database (SID). Version 7.1. Available from: http://data.kew.org/sid/ (06 2019)"
"Anthoshorea agamae","Dipterocarpaceae","Anthoshorea","agamae","CP, 50ha","both",NA,"NR, AR","NA",NA,"BIEN"
"Anthoshorea symingtonii","Dipterocarpaceae","Anthoshorea","symingtonii","50ha","unlogged",NA,NA,"NA",NA,"BIEN"
"Antiaris toxicaria","Moraceae","Antiaris","toxicaria","50ha","unlogged",NA,NA,"Species",1019.3,"Royal Botanical Gardens KEW. 2008. Seed Information Database (SID). Version 7.1. Available from: http://data.kew.org/sid/ (May 2008)., Royal Botanical Gardens KEW. Seed Information Database (SID), http://data.kew.org/sid/ accessed May 2014, Royal Botanical Gardens KEW. 2008. Seed Information Database (SID). Version 7.1. Available from: http://data.kew.org/sid/ (May 2011)., Royal Botanic Gardens Kew. (2019) Seed Information Database (SID). Version 7.1. Available from: http://data.kew.org/sid/ (06 2019)"
"Antidesma leucopodum","Phyllanthaceae","Antidesma","leucopodum","50ha","unlogged",NA,NA,"Genus",18.0333333333333,"BIEN"
"Antidesma neurocarpum","Phyllanthaceae","Antidesma","neurocarpum","50ha","unlogged",NA,NA,"Genus",18.0333333333333,"BIEN"
"Antidesma roxburghii","Phyllanthaceae","Antidesma","roxburghii","50ha","unlogged",NA,NA,"Genus",18.0333333333333,"BIEN"
"Antidesma unknown mixed","Phyllanthaceae","Antidesma","unknown mixed","CP, 50ha","both",NA,"AR",NA,NA,NA
"Aphanamixis borneensis","Meliaceae","Aphanamixis","borneensis","50ha","unlogged",NA,NA,"Family",704.921018041667,"BIEN"
"Aphanamixis unknown mixed","Meliaceae","Aphanamixis","unknown mixed","50ha","unlogged",NA,NA,NA,NA,NA
"Aporosa elmeri","Phyllanthaceae","Aporosa","elmeri","CP","logged",NA,"AR, NR","Family",39.4013353648649,"BIEN"
"Aporosa falcifera","Phyllanthaceae","Aporosa","falcifera","CP","logged",NA,"AR, NR","Family",39.4013353648649,"BIEN"
"Aporosa frutescens","Phyllanthaceae","Aporosa","frutescens","CP","logged",NA,"AR, NR","Species",53,"Royal Botanical Gardens KEW. 2008. Seed Information Database (SID). Version 7.1. Available from: http://data.kew.org/sid/ (May 2008)., Royal Botanical Gardens KEW. Seed Information Database (SID), http://data.kew.org/sid/ accessed May 2014, Royal Botanic Gardens Kew. (2019) Seed Information Database (SID). Version 7.1. Available from: http://data.kew.org/sid/ (06 2019)"
"Aporosa grandistipula","Phyllanthaceae","Aporosa","grandistipula","CP","logged",NA,"AR, NR","Family",39.4013353648649,"BIEN"
"Aporosa illustris","Phyllanthaceae","Aporosa","illustris","CP","logged",NA,"NR, AR","Family",39.4013353648649,"BIEN"
"Aporusa unknown mixed","Phyllanthaceae","Aporusa","unknown mixed","CP","logged",NA,"NR, AR",NA,NA,NA
"Aquilaria beccariana","Thymelaeaceae","Aquilaria","beccariana","50ha","unlogged",NA,NA,"Family",112.981647058824,"BIEN"
"Archidendron microcarpum","Fabaceae","Archidendron","microcarpum","50ha","unlogged",NA,NA,"Genus",170,"BIEN"
"Archidendron unknown mixed","Fabaceae","Archidendron","unknown mixed","50ha","unlogged",NA,NA,NA,NA,NA
"Ardisia  colorata","Primulaceae","Ardisia ","colorata",NA,NA,NA,NA,NA,NA,NA
"Ardisia  macrophylla","Primulaceae","Ardisia ","macrophylla",NA,NA,NA,NA,NA,NA,NA
"Ardisia  unknown mixed","Primulaceae","Ardisia ","unknown mixed","CP","logged",NA,"AR",NA,NA,NA
"Artocarpus anisophyllus","Moraceae","Artocarpus","anisophyllus","CP, 50ha","both",NA,"NR","Genus",2682.45407407407,"BIEN"
"Artocarpus elasticus","Moraceae","Artocarpus","elasticus","CP","logged",NA,"NR","Species",150,"Royal Botanical Gardens KEW. 2008. Seed Information Database (SID). Version 7.1. Available from: http://data.kew.org/sid/ (May 2008)., Royal Botanical Gardens KEW. Seed Information Database (SID), http://data.kew.org/sid/ accessed May 2014, Royal Botanical Gardens KEW. 2008. Seed Information Database (SID). Version 7.1. Available from: http://data.kew.org/sid/ (May 2011)., Royal Botanic Gardens Kew. (2019) Seed Information Database (SID). Version 7.1. Available from: http://data.kew.org/sid/ (06 2019)"
"Artocarpus heterophyllus","Moraceae","Artocarpus","heterophyllus","CP","logged",NA,"AR","Species",9338.93,"Royal Botanical Gardens KEW. 2008. Seed Information Database (SID). Version 7.1. Available from: http://data.kew.org/sid/ (May 2008)., Royal Botanical Gardens KEW. Seed Information Database (SID), http://data.kew.org/sid/ accessed May 2014, Moles, A. T., D. S. Falster, M. R. Leishman, and M. Westoby. 2004. Small-seeded species produce more seeds per square metre of canopy per year, but not per individual per lifetime. Journal of Ecology 92:384-396., Royal Botanical Gardens KEW. 2008. Seed Information Database (SID). Version 7.1. Available from: http://data.kew.org/sid/ (May 2011)., Royal Botanic Gardens Kew. (2019) Seed Information Database (SID). Version 7.1. Available from: http://data.kew.org/sid/ (06 2019)"
"Artocarpus unknown mixed","Moraceae","Artocarpus","unknown mixed","CP","logged",NA,"AR",NA,NA,NA
"Atuna excelsa","Chrysobalanaceae","Atuna","excelsa","CP","logged",NA,"NR","Family",2536.14322477778,"BIEN"
"Azadirachta excelsa","Meliaceae","Azadirachta","excelsa","CP, 50ha","both",NA,"AR","Species",1920,"Royal Botanical Gardens KEW. 2008. Seed Information Database (SID). Version 7.1. Available from: http://data.kew.org/sid/ (May 2008)., Royal Botanical Gardens KEW. Seed Information Database (SID), http://data.kew.org/sid/ accessed May 2014, Royal Botanical Gardens KEW. 2008. Seed Information Database (SID). Version 7.1. Available from: http://data.kew.org/sid/ (May 2011)., Royal Botanic Gardens Kew. (2019) Seed Information Database (SID). Version 7.1. Available from: http://data.kew.org/sid/ (06 2019)"
"Baccaurea edulis","Phyllanthaceae","Baccaurea","edulis","50ha","unlogged",NA,NA,"Family",39.4013353648649,"BIEN"
"Baccaurea lanceolata","Phyllanthaceae","Baccaurea","lanceolata","CP, 50ha","both",NA,"AR, NR","Family",39.4013353648649,"BIEN"
"Baccaurea macrocarpa","Phyllanthaceae","Baccaurea","macrocarpa","CP, 50ha","both",NA,"no seedling data","Family",39.4013353648649,"BIEN"
"Baccaurea parviflora","Phyllanthaceae","Baccaurea","parviflora","50ha","unlogged",NA,NA,"Species",38,"Royal Botanical Gardens KEW. 2008. Seed Information Database (SID). Version 7.1. Available from: http://data.kew.org/sid/ (May 2008)., Royal Botanical Gardens KEW. Seed Information Database (SID), http://data.kew.org/sid/ accessed May 2014, unpub., Royal Botanic Gardens Kew. (2019) Seed Information Database (SID). Version 7.1. Available from: http://data.kew.org/sid/ (06 2019)"
"Baccaurea species 1","Phyllanthaceae","Baccaurea","species 1","50ha","unlogged",NA,NA,"Family",39.4013353648649,"BIEN"
"Baccaurea tetrandra","Phyllanthaceae","Baccaurea","tetrandra","CP, 50ha","both",NA,"AR, NR","Species",100,"Royal Botanical Gardens KEW. 2008. Seed Information Database (SID). Version 7.1. Available from: http://data.kew.org/sid/ (May 2008)., Royal Botanical Gardens KEW. Seed Information Database (SID), http://data.kew.org/sid/ accessed May 2014, Moles, A. T., D. S. Falster, M. R. Leishman, and M. Westoby. 2004. Small-seeded species produce more seeds per square metre of canopy per year, but not per individual per lifetime. Journal of Ecology 92:384-396., Royal Botanic Gardens Kew. (2019) Seed Information Database (SID). Version 7.1. Available from: http://data.kew.org/sid/ (06 2019)"
"Baccaurea unknown mixed","Phyllanthaceae","Baccaurea","unknown mixed","CP, 50ha","both",NA,"AR, NR",NA,NA,NA
"Barringtonia lanceolata","Lecythidaceae ","Barringtonia","lanceolata","CP, 50ha","both",NA,"AR, NR","Genus",1163,"BIEN"
"Barringtonia macrostachya","Lecythidaceae ","Barringtonia","macrostachya","CP, 50ha","both",NA,"AR, NR","Genus",1163,"BIEN"
"Barringtonia unknown mixed","Lecythidaceae","Barringtonia","unknown mixed","50ha","unlogged",NA,NA,NA,NA,NA
"Beilschmiedia ","Lauraceae","Beilschmiedia","","CP, 50ha","both",NA,"NR",NA,NA,NA
"Beilschmiedia Unknown species 1","Lauraceae","Beilschmiedia","Unknown species 1","50ha","unlogged",NA,NA,"Genus",4248.53,"BIEN"
"Beilschmiedia assamica","Lauraceae","Beilschmiedia","assamica","50ha","unlogged",NA,NA,"Species",4248.53,"Neuschulz, E. L., T. Mueller, M. Schleuning & K. Böhning-Gaese (2016) Pollination and seed dispersal are the most threatened processes of plant regeneration. Scientific Reports 6, Article number: 29839"
"Beilschmiedia micrantha","Lauraceae","Beilschmiedia","micrantha","CP, 50ha","both",NA,"AR, NR","Genus",4248.53,"BIEN"
"Beilschmiedia tawaensis","Lauraceae","Beilschmiedia","tawaensis","CP, 50ha","both",NA,"AR, NR","Genus",4248.53,"BIEN"
"Beilschmiedia unknown mixed","Lauraceae","Beilschmiedia","unknown mixed","CP","logged",NA,"AR, NR",NA,NA,NA
"Bhesa paniculata","Centroplacaceae","Bhesa","paniculata","50ha","unlogged",NA,NA,"Species",77,"Royal Botanical Gardens KEW. 2008. Seed Information Database (SID). Version 7.1. Available from: http://data.kew.org/sid/ (May 2008)., Royal Botanical Gardens KEW. Seed Information Database (SID), http://data.kew.org/sid/ accessed May 2014, Royal Botanic Gardens Kew. (2019) Seed Information Database (SID). Version 7.1. Available from: http://data.kew.org/sid/ (06 2019)"
"Blumeodendron kurzii","Euphorbiaceae","Blumeodendron","kurzii","CP, 50ha","both",NA,"AR, NR","Family",119.998798464659,"BIEN"
"Blumeodendron tokbrai","Euphorbiaceae","Blumeodendron","tokbrai","CP, 50ha","both",NA,"AR, NR","Family",119.998798464659,"BIEN"
"Bridelia ","Phyllanthaceae","Bridelia","","50ha","unlogged",NA,NA,NA,NA,NA
"Bridelia cinnamomea","Phyllanthaceae","Bridelia","cinnamomea","50ha","unlogged",NA,NA,"Family",39.4013353648649,"BIEN"
"Bridelia insulana","Phyllanthaceae","Bridelia","insulana","CP, 50ha","both",NA,"no seedling data, AR","Family",39.4013353648649,"BIEN"
"Brownlowia peltata","Malvaceae","Brownlowia","peltata","CP, 50ha","both",NA,"NR, AR","Family",881.714199688546,"BIEN"
"Brownlowia stipulata","Malvaceae","Brownlowia","stipulata","CP, 50ha","both",NA,"NR","Family",881.714199688546,"BIEN"
"Buchanania arborescens","Anacardiaceae","Buchanania","arborescens","50ha","unlogged",NA,NA,"Species",238.03,"Schrader, J., Moeljono, S., Tambing, J., Sattler, C., Kreft, H. (2020) A new dataset on plant occurrences on small islands, including species abundances and functional traits across different spatial scales. Biodiversity Data Journal 8, e55275. doi: 10.3897/BDJ.8.e55275, Royal Botanic Gardens Kew. (2019) Seed Information Database (SID). Version 7.1. Available from: http://data.kew.org/sid/ (06 2019)"
"Buchanania sessilifolia","Anacardiaceae","Buchanania","sessilifolia","CP, 50ha","both",NA,"NR","Genus",256.4,"BIEN"
"Buchanania unknown mixed","Anacardiaceae","Buchanania","unknown mixed","50ha","unlogged",NA,NA,NA,NA,NA
"Callicarpa longifolia","Lamiaceae","Callicarpa","longifolia","50ha","unlogged",NA,NA,"Species",0.39,"Royal Botanical Gardens KEW. 2008. Seed Information Database (SID). Version 7.1. Available from: http://data.kew.org/sid/ (May 2008)., Royal Botanical Gardens KEW. Seed Information Database (SID), http://data.kew.org/sid/ accessed May 2014, Moles, A. T., D. S. Falster, M. R. Leishman, and M. Westoby. 2004. Small-seeded species produce more seeds per square metre of canopy per year, but not per individual per lifetime. Journal of Ecology 92:384-396., Royal Botanical Gardens KEW. 2008. Seed Information Database (SID). Version 7.1. Available from: http://data.kew.org/sid/ (May 2011)., Royal Botanic Gardens Kew. (2019) Seed Information Database (SID). Version 7.1. Available from: http://data.kew.org/sid/ (06 2019)"
"Callicarpa pentandra","Lamiaceae","Callicarpa","pentandra","CP, 50ha","both",NA,"AR, NR","Family",25.4065073459038,"BIEN"
"Callicarpa unknown mixed","Lamiaceae","Callicarpa","unknown mixed","CP","logged",NA,"AR",NA,NA,NA
"Calophyllaceae venulosum","Calophyllaceae","Calophyllaceae","venulosum","50ha","unlogged",NA,NA,"NA",NA,"BIEN"
"Calophyllum blancoi","Calophyllaceae","Calophyllum","blancoi","CP, 50ha","both",NA,"NR, AR","Genus",3760.18529197872,"BIEN"
"Calophyllum gracilipes","Calophyllaceae","Calophyllum","gracilipes","CP, 50ha","both",NA,"AR","Genus",3760.18529197872,"BIEN"
"Calophyllum pulcherrimum","Calophyllaceae","Calophyllum","pulcherrimum","50ha","unlogged",NA,NA,"Genus",3760.18529197872,"BIEN"
"Calophyllum soulattri","Calophyllaceae","Calophyllum","soulattri","CP, 50ha","both",NA,"NR","Genus",3760.18529197872,"BIEN"
"Calophyllum species 1","Clusiaceae","Calophyllum","species 1","50ha","unlogged",NA,NA,"Genus",3760.18529197872,"BIEN"
"Calophyllum species 2","Clusiaceae","Calophyllum","species 2","50ha","unlogged",NA,NA,"Genus",3760.18529197872,"BIEN"
"Cananga odorata","Annonaceae","Cananga","odorata","50ha","unlogged",NA,NA,"Species",61.6,"Royal Botanical Gardens KEW. 2008. Seed Information Database (SID). Version 7.1. Available from: http://data.kew.org/sid/ (May 2008)., Royal Botanical Gardens KEW. Seed Information Database (SID), http://data.kew.org/sid/ accessed May 2014, Royal Botanical Gardens KEW. 2008. Seed Information Database (SID). Version 7.1. Available from: http://data.kew.org/sid/ (May 2011)., Royal Botanic Gardens Kew. (2019) Seed Information Database (SID). Version 7.1. Available from: http://data.kew.org/sid/ (06 2019)"
"Canarium decumanum","Burseraceae","Canarium","decumanum","CP","logged",NA,"AR, NR","Genus",5413.04,"BIEN"
"Canarium denticulatum","Burseraceae","Canarium","denticulatum","CP, IF","logged","ActiveRestoration","AR, NR","Species",10100,"Moles, A. T., D. S. Falster, M. R. Leishman, and M. Westoby. 2004. Small-seeded species produce more seeds per square metre of canopy per year, but not per individual per lifetime. Journal of Ecology 92:384-396."
"Canarium odontophyllum","Burseraceae","Canarium","odontophyllum","CP","logged",NA,"AR, NR, no seedling data","Genus",5413.04,"BIEN"
"Canarium unknown mixed","Burseraceae","Canarium","unknown mixed","CP","logged",NA,"AR, NR",NA,NA,NA
"Carallia borneensis","Rhizophoraceae","Carallia","borneensis","50ha","unlogged",NA,NA,"Family",17460.309515,"BIEN"
"Carallia species 1","Rhizophoraceae","Carallia","species 1","50ha","unlogged",NA,NA,"Family",17460.309515,"BIEN"
"Caryodaphnopsis tonkinensis","Lauraceae","Caryodaphnopsis","tonkinensis","CP, 50ha","both",NA,"NR, no seedling data, AR","Family",1244.48787274336,"BIEN"
"Casearia grewiifolia","Salicaceae","Casearia","grewiifolia","CP, 50ha","both",NA,"AR","Genus",11.2636,"BIEN"
"Castanopsis hypophoenicea","Fagaceae","Castanopsis","hypophoenicea","CP, 50ha","both",NA,"AR, NR","Genus",1350.3275,"BIEN"
"Castanopsis motleyana","Fagaceae","Castanopsis","motleyana","CP","logged",NA,"NR","Genus",1350.3275,"BIEN"
"Castanopsis unknown mixed","Fagaceae","Castanopsis","unknown mixed","50ha","unlogged",NA,NA,NA,NA,NA
"Chionanthus curvicarpus","Oleaceae","Chionanthus","curvicarpus","50ha","unlogged",NA,NA,"Genus",550,"BIEN"
"Chionanthus macrocarpus","Oleaceae","Chionanthus","macrocarpus","50ha","unlogged",NA,NA,"Genus",550,"BIEN"
"Chionanthus pluriflorus","Oleaceae","Chionanthus","pluriflorus","CP, 50ha","both",NA,"AR, NR","Genus",550,"BIEN"
"Chionanthus unknown mixed","Oleaceae","Chionanthus","unknown mixed","CP, 50ha","both",NA,"NR",NA,NA,NA
"Chisocheton ceramicus","Meliaceae","Chisocheton","ceramicus","50ha","unlogged",NA,NA,"Family",704.921018041667,"BIEN"
"Chisocheton macranthus","Meliaceae","Chisocheton","macranthus","CP, 50ha","both",NA,"AR, NR","Family",704.921018041667,"BIEN"
"Chisocheton patens","Meliaceae","Chisocheton","patens","CP, 50ha","both",NA,"NR","Family",704.921018041667,"BIEN"
"Chisocheton pentandrus","Meliaceae","Chisocheton","pentandrus","CP, 50ha","both",NA,"AR","Family",704.921018041667,"BIEN"
"Chisocheton polyandrus","Meliaceae","Chisocheton","polyandrus","50ha","unlogged",NA,NA,"Family",704.921018041667,"BIEN"
"Chisocheton sarawakanus","Meliaceae","Chisocheton","sarawakanus","CP, 50ha","both",NA,"AR, NR","Family",704.921018041667,"BIEN"
"Chisocheton unknown mixed","Meliaceae","Chisocheton","unknown mixed","CP, 50ha","both",NA,"AR, NR",NA,NA,NA
"Cinnamomum iners","Lauraceae","Cinnamomum","iners","CP, 50ha","both",NA,"AR","Species",262,"Royal Botanical Gardens KEW. 2008. Seed Information Database (SID). Version 7.1. Available from: http://data.kew.org/sid/ (May 2008)., Royal Botanical Gardens KEW. Seed Information Database (SID), http://data.kew.org/sid/ accessed May 2014, Royal Botanical Gardens KEW. 2008. Seed Information Database (SID). Version 7.1. Available from: http://data.kew.org/sid/ (May 2011)., Royal Botanic Gardens Kew. (2019) Seed Information Database (SID). Version 7.1. Available from: http://data.kew.org/sid/ (06 2019)"
"Cinnamomum racemosum","Lauraceae","Cinnamomum","racemosum","50ha","unlogged",NA,NA,"Genus",1520.18968181818,"BIEN"
"Cinnamomum unknown mixed","Lauraceae","Cinnamomum","unknown mixed","CP, 50ha","both",NA,"NR",NA,NA,NA
"Clausena excavata","Rutaceae","Clausena","excavata","CP, 50ha","both",NA,"NR","Family",124.165051964912,"BIEN"
"Clausena unknown","Rutaceae","Clausena","unknown","50ha","unlogged",NA,NA,"Family",124.165051964912,"BIEN"
"Cleistanthus hirsutulus","Phyllanthaceae","Cleistanthus","hirsutulus","CP, 50ha","both",NA,"AR, NR","Family",39.4013353648649,"BIEN"
"Cleistanthus oblongifolius","Phyllanthaceae","Cleistanthus","oblongifolius","CP","logged",NA,"NR, AR","Family",39.4013353648649,"BIEN"
"Cleistanthus podopyxis","Phyllanthaceae","Cleistanthus","podopyxis","CP, 50ha","both",NA,"no seedling data, AR","Family",39.4013353648649,"BIEN"
"Cleistanthus species 2","Phyllanthaceae","Cleistanthus","species 2","50ha","unlogged",NA,NA,"Family",39.4013353648649,"BIEN"
"Cleistanthus unknown mixed","Phyllanthaceae","Cleistanthus","unknown mixed","CP, 50ha","both",NA,"AR, NR",NA,NA,NA
"Coelostegia borneensis","Malvaceae","Coelostegia","borneensis","CP, 50ha","both",NA,"AR","Family",881.714199688546,"BIEN"
"Cowiea borneensis","Rubiaceae","Cowiea","borneensis","50ha","unlogged",NA,NA,"Family",59.1893790915751,"BIEN"
"Crateva magna","Capparaceae","Crateva","magna","50ha","unlogged",NA,NA,"Species",26.39,"Royal Botanical Gardens KEW. 2008. Seed Information Database (SID). Version 7.1. Available from: http://data.kew.org/sid/ (May 2008)., Royal Botanical Gardens KEW. Seed Information Database (SID), http://data.kew.org/sid/ accessed May 2014, Royal Botanical Gardens KEW. 2008. Seed Information Database (SID). Version 7.1. Available from: http://data.kew.org/sid/ (May 2011)., Royal Botanic Gardens Kew. (2019) Seed Information Database (SID). Version 7.1. Available from: http://data.kew.org/sid/ (06 2019)"
"Cratoxylum cochinchinense","Hypericaceae","Cratoxylum","cochinchinense","50ha","unlogged",NA,NA,"Species",0.67,"Royal Botanical Gardens KEW. 2008. Seed Information Database (SID). Version 7.1. Available from: http://data.kew.org/sid/ (May 2008)., Royal Botanical Gardens KEW. Seed Information Database (SID), http://data.kew.org/sid/ accessed May 2014, Moles, A. T., D. S. Falster, M. R. Leishman, and M. Westoby. 2004. Small-seeded species produce more seeds per square metre of canopy per year, but not per individual per lifetime. Journal of Ecology 92:384-396., Royal Botanical Gardens KEW. 2008. Seed Information Database (SID). Version 7.1. Available from: http://data.kew.org/sid/ (May 2011)., Royal Botanic Gardens Kew. (2019) Seed Information Database (SID). Version 7.1. Available from: http://data.kew.org/sid/ (06 2019)"
"Cratoxylum unknown mixed","Hypericaceae","Cratoxylum","unknown mixed","CP","logged",NA,"AR, NR",NA,NA,NA
"Croton argyratus","Euphorbiaceae","Croton","argyratus","CP","logged",NA,"NR","Genus",40.5848428571429,"BIEN"
"Croton oblongus","Euphorbiaceae","Croton","oblongus","50ha","unlogged",NA,NA,"Genus",40.5848428571429,"BIEN"
"Croton unknown mixed","Euphorbiaceae","Croton","unknown mixed","50ha","unlogged",NA,NA,NA,NA,NA
"Crudia bantamensis","Fabacea","Crudia","bantamensis","50ha","unlogged",NA,NA,"Family",273.929465733062,"BIEN"
"Crudia tenuipes","Fabaceae","Crudia","tenuipes","CP, 50ha","both",NA,"AR","Family",273.929465733062,"BIEN"
"Crudia unknown mixed","Fabaceae","Crudia","unknown mixed","CP","logged",NA,"AR, NR",NA,NA,NA
"Crypteronia rubiflora","Crypteroniaceae","Crypteronia","rubiflora","50ha","unlogged",NA,NA,"NA",NA,"BIEN"
"Cryptocarya ferrea","Lauraceae","Cryptocarya","ferrea","CP, 50ha","both",NA,"AR, NR","Genus",5366.65,"BIEN"
"Cryptocarya pulchrinervia","Lauraceae","Cryptocarya","pulchrinervia","CP, 50ha","both",NA,"no seedling data, NR","Genus",5366.65,"BIEN"
"Cryptocarya strictifolia","Lauraceae","Cryptocarya","strictifolia","CP","logged",NA,"AR","Genus",5366.65,"BIEN"
"Cryptocarya teysmanniana","Lauraceae","Cryptocarya","teysmanniana","50ha","unlogged",NA,NA,"Genus",5366.65,"BIEN"
"Cryptocarya unknown mixed","Lauraceae","Cryptocarya","unknown mixed","CP","logged",NA,"AR",NA,NA,NA
"Cyathocalyx magnifructus","Annonaceae","Cyathocalyx","magnifructus","CP, 50ha","both",NA,"AR","Family",1341.40229068627,"BIEN"
"Cynometra elmeri","Fabaceae","Cynometra","elmeri","50ha","unlogged",NA,NA,"Genus",5902.49966425,"BIEN"
"Cynometra mirabilis","Fabaceae","Cynometra","mirabilis","CP, 50ha","both",NA,"NR","Genus",5902.49966425,"BIEN"
"Dacryodes laxa","Burseraceae","Dacryodes","laxa","50ha","unlogged",NA,NA,"Family",2816.2775,"BIEN"
"Dacryodes rostrata","Burseraceae","Dacryodes","rostrata","CP, 50ha","both",NA,"AR","Family",2816.2775,"BIEN"
"Dacryodes rugosa","Burseraceae","Dacryodes","rugosa","CP, 50ha","both",NA,"AR, NR","Family",2816.2775,"BIEN"
"Dacryodes species 1","Burseraceae","Dacryodes","species 1","50ha","unlogged",NA,NA,"Family",2816.2775,"BIEN"
"Dacryodes unknown mixed","Burseraceae","Dacryodes","unknown mixed","CP","logged",NA,"AR, NR",NA,NA,NA
"Dalrympelea sphaerocarpa","Staphyleaceae","Dalrympelea","sphaerocarpa","50ha","unlogged",NA,NA,"Family",53.308125,"BIEN"
"Decaspermum parviflorum","Myrtaceae","Decaspermum","parviflorum","50ha","unlogged",NA,NA,"Species",5.99,"Royal Botanic Gardens Kew. (2019) Seed Information Database (SID). Version 7.1. Available from: http://data.kew.org/sid/ (06 2019)"
"Dehaasia caesia","Lauraceae","Dehaasia","caesia","CP, 50ha","both",NA,"AR, NR","Family",1244.48787274336,"BIEN"
"Dehaasia gigantocarpa","Lauraceae","Dehaasia","gigantocarpa","50ha","unlogged",NA,NA,"Family",1244.48787274336,"BIEN"
"Dehaasia incrassata","Lauraceae","Dehaasia","incrassata","CP, 50ha","both",NA,"AR, NR","Family",1244.48787274336,"BIEN"
"Dehaasia unknown mixed","Lauraceae","Dehaasia","unknown mixed","CP, 50ha","both",NA,"AR, NR",NA,NA,NA
"Dendrocnide elliptica","Urticaceae","Dendrocnide","elliptica","CP, 50ha","both",NA,"AR, NR","Genus",0.648,"BIEN"
"Dendrocnide stimulans","Urticaceae","Dendrocnide","stimulans","50ha","unlogged",NA,NA,"Genus",0.648,"BIEN"
"Dendrocnide unknown mixed","Urticaceae","Dendrocnide","unknown mixed","CP, 50ha","both",NA,"NR",NA,NA,NA
"Dialium indum","Fabaceae","Dialium","indum","50ha","unlogged",NA,NA,"Genus",250,"BIEN"
"Dialium unknown mixed","Fabaceae","Dialium","unknown mixed","50ha","unlogged",NA,NA,NA,NA,NA
"Didymocheton gaudichaudianus","Meliaceae","Didymocheton","gaudichaudianus","50ha","unlogged",NA,NA,"Family",704.921018041667,"BIEN"
"Dillenia borneensis","Dilleniaceae","Dillenia","borneensis","50ha","unlogged",NA,NA,"Genus",18.2625,"BIEN"
"Dillenia excelsa","Dilleniaceae","Dillenia","excelsa","CP, 50ha","both",NA,"NR, AR","Genus",18.2625,"BIEN"
"Dillenia species 1","Dilleniaceae","Dillenia","species 1","CP, 50ha","both",NA,"NR","Genus",18.2625,"BIEN"
"Dimocarpus dentatus","Sapindaceae","Dimocarpus","dentatus","CP, 50ha","both",NA,"NR, AR","Genus",600,"BIEN"
"Dimocarpus fumatus","Sapindaceae","Dimocarpus","fumatus","50ha","unlogged",NA,NA,"Genus",600,"BIEN"
"Dimocarpus longan","Sapindaceae","Dimocarpus","longan","CP, 50ha, IF","both","ActiveRestoration, NaturalRegeneration","AR, NR","Species",969,"Royal Botanical Gardens KEW. 2008. Seed Information Database (SID). Version 7.1. Available from: http://data.kew.org/sid/ (May 2008)., Royal Botanical Gardens KEW. Seed Information Database (SID), http://data.kew.org/sid/ accessed May 2014, Royal Botanical Gardens KEW. 2008. Seed Information Database (SID). Version 7.1. Available from: http://data.kew.org/sid/ (May 2011)., Royal Botanic Gardens Kew. (2019) Seed Information Database (SID). Version 7.1. Available from: http://data.kew.org/sid/ (06 2019)"
"Diospyros andamanica","Ebenaceae","Diospyros","andamanica","CP, 50ha","both",NA,"NR, AR","Genus",611.180001967213,"BIEN"
"Diospyros borneensis","Ebenaceae","Diospyros","borneensis","50ha","unlogged",NA,NA,"Genus",611.180001967213,"BIEN"
"Diospyros cauliflora","Ebenaceae","Diospyros","cauliflora","CP, 50ha","both",NA,"NR, no seedling data, AR","Genus",611.180001967213,"BIEN"
"Diospyros curranii","Ebenaceae","Diospyros","curranii","CP, 50ha","both",NA,"AR, NR","Genus",611.180001967213,"BIEN"
"Diospyros daemona","Ebenaceae","Diospyros","daemona","50ha","unlogged",NA,NA,"Genus",611.180001967213,"BIEN"
"Diospyros dictyoneura","Ebenaceae","Diospyros","dictyoneura","CP, 50ha","both",NA,"NR","Genus",611.180001967213,"BIEN"
"Diospyros diepenhorstii","Ebenaceae","Diospyros","diepenhorstii","50ha","unlogged",NA,NA,"Genus",611.180001967213,"BIEN"
"Diospyros elliptifolia","Ebenaceae","Diospyros","elliptifolia","CP, 50ha","both",NA,"AR, NR","Genus",611.180001967213,"BIEN"
"Diospyros euphlehia","Ebenaceae","Diospyros","euphlehia","CP, 50ha","both",NA,"AR","Genus",611.180001967213,"BIEN"
"Diospyros frutescens","Ebenaceae","Diospyros","frutescens","CP, 50ha","both",NA,"NR","Genus",611.180001967213,"BIEN"
"Diospyros muricata","Ebenaceae","Diospyros","muricata","CP, 50ha","both",NA,"AR","Genus",611.180001967213,"BIEN"
"Diospyros oblonga","Ebenaceae","Diospyros","oblonga","CP, 50ha","both",NA,"AR, NR","Genus",611.180001967213,"BIEN"
"Diospyros peregrina","Ebenaceae","Diospyros","peregrina","CP, 50ha","both",NA,"AR, NR","Genus",611.180001967213,"BIEN"
"Diospyros pyrrhocarpa","Ebenaceae","Diospyros","pyrrhocarpa","50ha","unlogged",NA,NA,"Genus",611.180001967213,"BIEN"
"Diospyros species 1","Ebenaceae","Diospyros","species 1","50ha","unlogged",NA,NA,"Genus",611.180001967213,"BIEN"
"Diospyros species 2","Ebenaceae","Diospyros","species 2","50ha","unlogged",NA,NA,"Genus",611.180001967213,"BIEN"
"Diospyros species 3","Ebenaceae","Diospyros","species 3","50ha","unlogged",NA,NA,"Genus",611.180001967213,"BIEN"
"Diospyros species 4","Ebenaceae","Diospyros","species 4","50ha","unlogged",NA,NA,"Genus",611.180001967213,"BIEN"
"Diospyros species 6","Ebenaceae","Diospyros","species 6","50ha","unlogged",NA,NA,"Genus",611.180001967213,"BIEN"
"Diospyros species 7","Ebenaceae","Diospyros","species 7","50ha","unlogged",NA,NA,"Genus",611.180001967213,"BIEN"
"Diospyros squamifolia ","Ebenaceae","Diospyros","squamifolia ","50ha","unlogged",NA,NA,NA,NA,NA
"Diospyros toposia","Ebenaceae","Diospyros","toposia","CP, 50ha","both",NA,"NR, AR","Genus",611.180001967213,"BIEN"
"Diospyros tuberculata","Ebenaceae","Diospyros","tuberculata","CP, 50ha","both",NA,"NR, AR","Genus",611.180001967213,"BIEN"
"Diospyros unknown mixed","Ebenaceae","Diospyros","unknown mixed","CP","logged",NA,"AR, NR",NA,NA,NA
"Diospyros wallichii","Ebenaceae","Diospyros","wallichii","50ha","unlogged",NA,NA,"Genus",611.180001967213,"BIEN"
"Diplospora unknown mixed","Rubiaceae","Diplospora","unknown mixed","50ha","unlogged",NA,NA,NA,NA,NA
"Dipterocarpus applanatus","Dipterocarpaceae","Dipterocarpus","applanatus","CP","logged",NA,"AR, NR","Genus",6666.7,"BIEN"
"Dipterocarpus caudifer","Dipterocarpaceae","Dipterocarpus","caudifer","CP, IF","logged","ActiveRestoration, NaturalRegeneration","AR, NR","Genus",6666.7,"BIEN"
"Dipterocarpus unknown mixed","Dipterocarpaceae","Dipterocarpus","unknown mixed","CP","logged",NA,"AR, NR",NA,NA,NA
"Discospermum malaccense","Rubiaceae","Discospermum","malaccense","CP, 50ha","both",NA,"AR, NR","Family",59.1893790915751,"BIEN"
"Dracontomelon costatum","Anacardiaceae","Dracontomelon","costatum","50ha","unlogged",NA,NA,"Family",1133.94134912719,"BIEN"
"Dracontomelon dao","Anacardiaceae","Dracontomelon","dao","CP, 50ha","both",NA,"NR","Family",1133.94134912719,"BIEN"
"Dracontomelon unknown mixed","Anacardiaceae","Dracontomelon","unknown mixed","50ha","unlogged",NA,NA,NA,NA,NA
"Drepananthus havilandii","Annonaceae","Drepananthus","havilandii","CP","logged",NA,"NR","Family",1341.40229068627,"BIEN"
"Dryobalanops lanceolata","Dipterocarpaceae","Dryobalanops","lanceolata","CP, 50ha, IF","both","ActiveRestoration","AR, NR, no seedling data","Species",8300,"Royal Botanical Gardens KEW. 2008. Seed Information Database (SID). Version 7.1. Available from: http://data.kew.org/sid/ (May 2008)., Royal Botanical Gardens KEW. Seed Information Database (SID), http://data.kew.org/sid/ accessed May 2014, Royal Botanical Gardens KEW. 2008. Seed Information Database (SID). Version 7.1. Available from: http://data.kew.org/sid/ (May 2011)., Paine CET, Amissah L, Auge H, Baraloto C, Baruffol M, Bourland N, Bruelheide H, Dainou K, de Gouvenain RC, Doucet J-L, Doust SJ, Fine PV a, Fortunel C, Haase J, Holl KD, Jactel H, Li X, Kitajima K, Koricheva J, Martinez-Garza C, Messier C, Paquette A, Philipson CD, Piotto D, Poorter L, Posada JM, Potvin C, Rainio K, Russo SE, Ruiz-Jaen M, Scherer-Lorenzen M, Webb CO, Zahawi RA & Hector A (2015) Globally, functional traits are weak predictors of juvenile tree growth, and we do not know why. Journal of Ecology, 103, 978–989. DOI: 10.1111/1365-2745.12401, Royal Botanic Gardens Kew. (2019) Seed Information Database (SID). Version 7.1. Available from: http://data.kew.org/sid/ (06 2019)"
"Drypetes castilloi","Putranjivaceae","Drypetes","castilloi","CP, 50ha","both",NA,"NR","Genus",559,"BIEN"
"Drypetes eriocarpa","Putranjivaceae","Drypetes","eriocarpa","CP, 50ha","both",NA,"AR","Genus",559,"BIEN"
"Drypetes longifolia","Putranjivaceae","Drypetes","longifolia","CP, 50ha","both",NA,"AR, NR, no seedling data","Genus",559,"BIEN"
"Drypetes subcrenata","Putranjivaceae","Drypetes","subcrenata","50ha","unlogged",NA,NA,"Genus",559,"BIEN"
"Drypetes unknown mixed","Putranjivaceae","Drypetes","unknown mixed","CP, 50ha","both",NA,"AR, NR",NA,NA,NA
"Duabanga moluccana","Lythraceae","Duabanga","moluccana","CP, 50ha","both",NA,"AR, NR","Genus",3,"BIEN"
"Durio graveolens","Malvaceae","Durio","graveolens","CP, 50ha","both",NA,"NR","Genus",18094.3333333333,"BIEN"
"Durio unknown mixed","Malvaceae","Durio","unknown mixed","CP, 50ha","both",NA,"AR",NA,NA,NA
"Dysoxylum cyrtobotryum","Meliaceae","Dysoxylum","cyrtobotryum","CP, 50ha","both",NA,"NR, AR","Species",6300,"Royal Botanical Gardens KEW. 2008. Seed Information Database (SID). Version 7.1. Available from: http://data.kew.org/sid/ (May 2008)., Royal Botanical Gardens KEW. Seed Information Database (SID), http://data.kew.org/sid/ accessed May 2014, Moles, A. T., D. S. Falster, M. R. Leishman, and M. Westoby. 2004. Small-seeded species produce more seeds per square metre of canopy per year, but not per individual per lifetime. Journal of Ecology 92:384-396., Royal Botanical Gardens KEW. 2008. Seed Information Database (SID). Version 7.1. Available from: http://data.kew.org/sid/ (May 2011)., Royal Botanic Gardens Kew. (2019) Seed Information Database (SID). Version 7.1. Available from: http://data.kew.org/sid/ (06 2019)"
"Dysoxylum grande","Meliaceae","Dysoxylum","grande","50ha","unlogged",NA,NA,"Genus",1385,"BIEN"
"Dysoxylum oppositifolium","Meliaceae","Dysoxylum","oppositifolium","50ha","unlogged",NA,NA,"Genus",1385,"BIEN"
"Dysoxylum unknown mixed","Meliaceae","Dysoxylum","unknown mixed","CP, 50ha","both",NA,"NR, AR",NA,NA,NA
"Elaeocarpus brunnescens","Elaeocarpaceae","Elaeocarpus","brunnescens","50ha","unlogged",NA,NA,"Genus",2088.19083556757,"BIEN"
"Elaeocarpus stipularis","Elaeocarpaceae","Elaeocarpus","stipularis","CP, 50ha","both",NA,"NR, AR","Species",3240,"Royal Botanical Gardens KEW. 2008. Seed Information Database (SID). Version 7.1. Available from: http://data.kew.org/sid/ (May 2008)., Royal Botanical Gardens KEW. Seed Information Database (SID), http://data.kew.org/sid/ accessed May 2014, Moles, A. T., D. S. Falster, M. R. Leishman, and M. Westoby. 2004. Small-seeded species produce more seeds per square metre of canopy per year, but not per individual per lifetime. Journal of Ecology 92:384-396., Royal Botanical Gardens KEW. 2008. Seed Information Database (SID). Version 7.1. Available from: http://data.kew.org/sid/ (May 2011)., Royal Botanic Gardens Kew. (2019) Seed Information Database (SID). Version 7.1. Available from: http://data.kew.org/sid/ (06 2019)"
"Elaeocarpus unknown mixed","Elaeocarpaceae","Elaeocarpus","unknown mixed","CP, 50ha","both",NA,"AR",NA,NA,NA
"Endospermum diadenum","Euphorbiaceae","Endospermum","diadenum","CP, 50ha","both",NA,"AR, NR","Species",9.9,"Royal Botanical Gardens KEW. 2008. Seed Information Database (SID). Version 7.1. Available from: http://data.kew.org/sid/ (May 2008)., Royal Botanical Gardens KEW. Seed Information Database (SID), http://data.kew.org/sid/ accessed May 2014, Royal Botanical Gardens KEW. 2008. Seed Information Database (SID). Version 7.1. Available from: http://data.kew.org/sid/ (May 2011)., Royal Botanic Gardens Kew. (2019) Seed Information Database (SID). Version 7.1. Available from: http://data.kew.org/sid/ (06 2019)"
"Engelhardia danumensis","Juglandaceae","Engelhardia","danumensis","50ha","unlogged",NA,NA,"Family",7367.1478863,"BIEN"
"Epicharis cumingiana","Meliaceae","Epicharis","cumingiana","50ha","unlogged",NA,NA,"Family",704.921018041667,"BIEN"
"Epicharis parasitica","Meliaceae","Epicharis","parasitica","50ha","unlogged",NA,NA,"Family",704.921018041667,"BIEN"
"Erycibe borneensis","Convolvulaceae","Erycibe","borneensis","CP, 50ha","both",NA,"NR","Family",34.9657962592593,"BIEN"
"Erythroxylum cuneatum","Erythroxylaceae","Erythroxylum","cuneatum","50ha","unlogged",NA,NA,"Genus",15.5853333333333,"BIEN"
"Eurycoma longifolia","Simaroubaceae","Eurycoma","longifolia","50ha","unlogged",NA,NA,"Family",2225.01172319355,"BIEN"
"Eusideroxylon zwageri","Lauraceae","Eusideroxylon","zwageri","CP, 50ha","both",NA,"NR","Species",28571,"Royal Botanical Gardens KEW. 2008. Seed Information Database (SID). Version 7.1. Available from: http://data.kew.org/sid/ (May 2008)., Royal Botanical Gardens KEW. Seed Information Database (SID), http://data.kew.org/sid/ accessed May 2014, Royal Botanical Gardens KEW. 2008. Seed Information Database (SID). Version 7.1. Available from: http://data.kew.org/sid/ (May 2011)., Royal Botanic Gardens Kew. (2019) Seed Information Database (SID). Version 7.1. Available from: http://data.kew.org/sid/ (06 2019)"
"Fagraea unknown mixed","Gentianaceae","Fagraea","unknown mixed","50ha","unlogged",NA,NA,NA,NA,NA
"Ficus beccarii","Moraceae","Ficus","beccarii","50ha","unlogged",NA,NA,"Genus",33.4234181640625,"BIEN"
"Ficus lepicarpa","Moraceae","Ficus","lepicarpa","50ha","unlogged",NA,NA,"Genus",33.4234181640625,"BIEN"
"Ficus mixed","Moraceae","Ficus","mixed","50ha","unlogged",NA,NA,"Genus",33.4234181640625,"BIEN"
"Ficus obscura","Moraceae","Ficus","obscura","50ha","unlogged",NA,NA,"Genus",33.4234181640625,"BIEN"
"Ficus sinuata","Moraceae","Ficus","sinuata","50ha","unlogged",NA,NA,"Genus",33.4234181640625,"BIEN"
"Ficus species 1","Moraceae","Ficus","species 1","50ha","unlogged",NA,NA,"Genus",33.4234181640625,"BIEN"
"Ficus species 2","Moraceae","Ficus","species 2","50ha","unlogged",NA,NA,"Genus",33.4234181640625,"BIEN"
"Ficus species 3","Moraceae","Ficus","species 3","50ha","unlogged",NA,NA,"Genus",33.4234181640625,"BIEN"
"Ficus species 4","Moraceae","Ficus","species 4","50ha","unlogged",NA,NA,"Genus",33.4234181640625,"BIEN"
"Ficus species 5","Moraceae","Ficus","species 5","50ha","unlogged",NA,NA,"Genus",33.4234181640625,"BIEN"
"Ficus species 6","Moraceae","Ficus","species 6","50ha","unlogged",NA,NA,"Genus",33.4234181640625,"BIEN"
"Ficus species 7","Moraceae","Ficus","species 7","50ha","unlogged",NA,NA,"Genus",33.4234181640625,"BIEN"
"Ficus species 8","Moraceae","Ficus","species 8","50ha","unlogged",NA,NA,"Genus",33.4234181640625,"BIEN"
"Ficus stolonifera","Moraceae","Ficus","stolonifera","50ha","unlogged",NA,NA,"Genus",33.4234181640625,"BIEN"
"Ficus unknown mixed","Moraceae","Ficus","unknown mixed","CP","logged",NA,"AR, NR",NA,NA,NA
"Ficus variegata","Moraceae","Ficus","variegata","CP, 50ha","both",NA,"NR","Species",0.34,"Royal Botanical Gardens KEW. 2008. Seed Information Database (SID). Version 7.1. Available from: http://data.kew.org/sid/ (May 2008)., Royal Botanical Gardens KEW. Seed Information Database (SID), http://data.kew.org/sid/ accessed May 2014, Moles, A. T., D. S. Falster, M. R. Leishman, and M. Westoby. 2004. Small-seeded species produce more seeds per square metre of canopy per year, but not per individual per lifetime. Journal of Ecology 92:384-396., Royal Botanical Gardens KEW. 2008. Seed Information Database (SID). Version 7.1. Available from: http://data.kew.org/sid/ (May 2011)., Royal Botanic Gardens Kew. (2019) Seed Information Database (SID). Version 7.1. Available from: http://data.kew.org/sid/ (06 2019)"
"Flacourtia rukam","Salicaceae","Flacourtia","rukam","50ha","unlogged",NA,NA,"Genus",66.9,"BIEN"
"Fordia brachybotrys","Fabaceae","Fordia","brachybotrys","CP, 50ha","both",NA,"AR, NR","Family",273.929465733062,"BIEN"
"Fordia species 1","Fabaceae","Fordia","species 1","50ha","unlogged",NA,NA,"Family",273.929465733062,"BIEN"
"Fordia species 3","Fabaceae","Fordia","species 3","50ha","unlogged",NA,NA,"Family",273.929465733062,"BIEN"
"Fordia splendidissima","Fabaceae","Fordia","splendidissima","CP, 50ha","both",NA,"AR, NR","Species",500,"Royal Botanical Gardens KEW. 2008. Seed Information Database (SID). Version 7.1. Available from: http://data.kew.org/sid/ (May 2008)., Royal Botanical Gardens KEW. Seed Information Database (SID), http://data.kew.org/sid/ accessed May 2014, Moles, A. T., D. S. Falster, M. R. Leishman, and M. Westoby. 2004. Small-seeded species produce more seeds per square metre of canopy per year, but not per individual per lifetime. Journal of Ecology 92:384-396., Royal Botanical Gardens KEW. 2008. Seed Information Database (SID). Version 7.1. Available from: http://data.kew.org/sid/ (May 2011)., Royal Botanic Gardens Kew. (2019) Seed Information Database (SID). Version 7.1. Available from: http://data.kew.org/sid/ (06 2019)"
"Fordia unknown mixed","Fabaceae","Fordia","unknown mixed","CP","logged",NA,"NR",NA,NA,NA
"Galearia fulva","Pandaceae","Galearia","fulva","CP, 50ha","both",NA,"AR","Family",272.477229799337,"BIEN"
"Garcinia forbesii","Clusiaceae","Garcinia","forbesii","CP, 50ha","both",NA,"AR, NR","Genus",2781.22546314583,"BIEN"
"Garcinia gaudichaudii","Clusiaceae","Garcinia","gaudichaudii","50ha","unlogged",NA,NA,"Genus",2781.22546314583,"BIEN"
"Garcinia nervosa","Clusiaceae","Garcinia","nervosa","CP, 50ha","both",NA,"AR","Genus",2781.22546314583,"BIEN"
"Garcinia parvifolia","Clusiaceae","Garcinia","parvifolia","50ha","unlogged",NA,NA,"Genus",2781.22546314583,"BIEN"
"Garcinia unknown mixed","Clusiaceae","Garcinia","unknown mixed","CP","logged",NA,"AR",NA,NA,NA
"Gardenia carinata","Rubiaceae","Gardenia","carinata","50ha","unlogged",NA,NA,"Genus",9.69,"BIEN"
"Gironniera nervosa","Cannabaceae","Gironniera","nervosa","CP, 50ha","both",NA,"AR, NR","Family",47.9403180779221,"BIEN"
"Gironniera species 1","Cannabaceae","Gironniera","species 1","50ha","unlogged",NA,NA,"Family",47.9403180779221,"BIEN"
"Glochidion elmeri","Phyllanthaceae","Glochidion","elmeri","CP, 50ha","both",NA,"AR, NR","Genus",7.74545061538462,"BIEN"
"Glochidion pubicapsa","Phyllanthaceae","Glochidion","pubicapsa","CP, 50ha","both",NA,"AR","Genus",7.74545061538462,"BIEN"
"Glochidion species 1","Phyllanthaceae","Glochidion","species 1","50ha","unlogged",NA,NA,"Genus",7.74545061538462,"BIEN"
"Glochidion species 2","Phyllanthaceae","Glochidion","species 2","50ha","unlogged",NA,NA,"Genus",7.74545061538462,"BIEN"
"Glochidion species 3","Phyllanthaceae","Glochidion","species 3","50ha","unlogged",NA,NA,"Genus",7.74545061538462,"BIEN"
"Glochidion species 4","Phyllanthaceae","Glochidion","species 4","50ha","unlogged",NA,NA,"Genus",7.74545061538462,"BIEN"
"Glochidion species 5","Phyllanthaceae","Glochidion","species 5","50ha","unlogged",NA,NA,"Genus",7.74545061538462,"BIEN"
"Glochidion unknown mixed","Phyllanthaceae","Glochidion","unknown mixed","CP, 50ha","both",NA,"AR, NR",NA,NA,NA
"Glycosmis chlorosperma","Rutaceae","Glycosmis","chlorosperma","50ha","unlogged",NA,NA,"Genus",92.7,"BIEN"
"Glycosmis macrantha","Rutaceae","Glycosmis","macrantha","CP, 50ha","both",NA,"AR","Genus",92.7,"BIEN"
"Glycosmis unknown mixed","Rutaceae","Glycosmis","unknown mixed","50ha","unlogged",NA,NA,NA,NA,NA
"Gomphandra quadrifida","Stemonuraceae","Gomphandra","quadrifida","50ha","unlogged",NA,NA,"NA",NA,"BIEN"
"Goniocheton arborescens","Meliaceae","Goniocheton","arborescens","50ha","unlogged",NA,NA,"NA",NA,"BIEN"
"Goniothalamus gigantifolius","Annonaceae","Goniothalamus","gigantifolius","50ha","unlogged",NA,NA,"Family",1341.40229068627,"BIEN"
"Goniothalamus species 1","Annonaceae","Goniothalamus","species 1","50ha","unlogged",NA,NA,"Family",1341.40229068627,"BIEN"
"Goniothalamus species 2","Annonaceae","Goniothalamus","species 2","50ha","unlogged",NA,NA,"Family",1341.40229068627,"BIEN"
"Goniothalamus species 3","Annonaceae","Goniothalamus","species 3","50ha","unlogged",NA,NA,"Family",1341.40229068627,"BIEN"
"Goniothalamus uvarioides","Annonaceae","Goniothalamus","uvarioides","CP, 50ha","both",NA,"NR","Family",1341.40229068627,"BIEN"
"Goniothalamus woodii","Annonaceae","Goniothalamus","woodii","50ha","unlogged",NA,NA,"Family",1341.40229068627,"BIEN"
"Gonocaryum calleryanum","Cardiopteridaceae","Gonocaryum","calleryanum","50ha","unlogged",NA,NA,"NA",NA,"BIEN"
"Gonocaryum macrophyllum","Cardiopteridaceae","Gonocaryum","macrophyllum","50ha","unlogged",NA,NA,"NA",NA,"BIEN"
"Gonystylus keithii","Thymelaeaceae","Gonystylus","keithii","50ha","unlogged",NA,NA,"Family",112.981647058824,"BIEN"
"Guioa pleuropteris","Sapindaceae","Guioa","pleuropteris","CP, 50ha","both",NA,"NR, AR","Family",3110.25326076077,"BIEN"
"Hancea penangensis","Euphorbiaceae","Hancea","penangensis","50ha, CP","both",NA,"AR, NR","Family",119.998798464659,"BIEN"
"Hancea stipularis","Euphorbiaceae","Hancea","stipularis","CP","logged",NA,"AR, NR","Family",119.998798464659,"BIEN"
"Harpullia arborea","Sapindaceae","Harpullia","arborea","50ha","unlogged",NA,NA,"Family",3110.25326076077,"BIEN"
"Harpullia species 1","Sapindaceae","Harpullia","species 1","50ha","unlogged",NA,NA,"Family",3110.25326076077,"BIEN"
"Helicia excelsa","Proteaceae","Helicia","excelsa","CP, 50ha","both",NA,"AR, NR","Family",177.918582039164,"BIEN"
"Helicia robusta","Proteaceae","Helicia","robusta","CP, 50ha","both",NA,"AR","Family",177.918582039164,"BIEN"
"Heliciopsis artocarpoides","Proteaceae","Heliciopsis","artocarpoides","50ha","unlogged",NA,NA,"Family",177.918582039164,"BIEN"
"Heritiera elata","Malvaceae","Heritiera","elata","50ha","unlogged",NA,NA,"Genus",4347.36961307692,"BIEN"
"Homalium foetidum","Salicaceae","Homalium","foetidum","50ha","unlogged",NA,NA,"Genus",4.485,"BIEN"
"Hopea ferruginea","Dipterocarpaceae","Hopea","ferruginea","CP, 50ha","both",NA,"AR","Genus",554.55,"BIEN"
"Hopea nervosa","Dipterocarpaceae","Hopea","nervosa","CP, 50ha","both",NA,"AR, NR","Species",560,"Royal Botanical Gardens KEW. Seed Information Database (SID), http://data.kew.org/sid/ accessed May 2014, Royal Botanical Gardens KEW. 2008. Seed Information Database (SID). Version 7.1. Available from: http://data.kew.org/sid/ (May 2011)., Royal Botanic Gardens Kew. (2019) Seed Information Database (SID). Version 7.1. Available from: http://data.kew.org/sid/ (06 2019)"
"Hopea pentanervia","Dipterocarpaceae","Hopea","pentanervia","50ha","unlogged",NA,NA,"Genus",554.55,"BIEN"
"Hopea plagata","Dipterocarpaceae","Hopea","plagata","50ha","unlogged",NA,NA,"Genus",554.55,"BIEN"
"Hopea sangal","Dipterocarpaceae","Hopea","sangal","CP, 50ha","both",NA,"AR, NR","Genus",554.55,"BIEN"
"Hopea unknown mixed","Dipterocarpaceae","Hopea","unknown mixed","CP, 50ha","both",NA,"NR, AR",NA,NA,NA
"Horsfieldia irya","Myristicaceae","Horsfieldia","irya","50ha","unlogged",NA,NA,"Family",3369.91158974359,"BIEN"
"Horsfieldia polyspherula","Myristicaceae","Horsfieldia","polyspherula","CP, 50ha","both",NA,"NR","Family",3369.91158974359,"BIEN"
"Horsfieldia unknown mixed","Myristicaceae","Horsfieldia","unknown mixed","50ha","unlogged",NA,NA,NA,NA,NA
"Huberantha rumphii","Annonaceae","Huberantha","rumphii","CP","logged",NA,"AR, NR","Genus",147,"BIEN"
"Hydnocarpus anomalus","Achariaceae","Hydnocarpus","anomalus","CP","logged",NA,"AR, NR","Genus",933.083333333333,"BIEN"
"Hydnocarpus borneensis","Achariaceae","Hydnocarpus","borneensis","CP, 50ha","both",NA,"AR, NR","Genus",933.083333333333,"BIEN"
"Hydnocarpus polypetalus","Achariaceae","Hydnocarpus","polypetalus","50ha","unlogged",NA,NA,"Genus",933.083333333333,"BIEN"
"Hydnocarpus unknown mixed","Achariaceae","Hydnocarpus","unknown mixed","CP, 50ha","both",NA,"NR",NA,NA,NA
"Intsia palembanica","Fabaceae","Intsia","palembanica","CP, 50ha","both",NA,"NR, AR","Species",7000,"Royal Botanical Gardens KEW. 2008. Seed Information Database (SID). Version 7.1. Available from: http://data.kew.org/sid/ (May 2008)., Royal Botanical Gardens KEW. Seed Information Database (SID), http://data.kew.org/sid/ accessed May 2014, Royal Botanical Gardens KEW. 2008. Seed Information Database (SID). Version 7.1. Available from: http://data.kew.org/sid/ (May 2011)., Royal Botanic Gardens Kew. (2019) Seed Information Database (SID). Version 7.1. Available from: http://data.kew.org/sid/ (06 2019)"
"Intsia unknown mixed","Fabaceae","Intsia","unknown mixed","50ha","unlogged",NA,NA,NA,NA,NA
"Irvingia malayana","Irvingiaceae","Irvingia","malayana","50ha","unlogged",NA,NA,"Family",7.54904026229508,"BIEN"
"Ixora blumei","Rubiaceae","Ixora","blumei","CP, 50ha","both",NA,"NR, AR","Genus",60.0116976666667,"BIEN"
"Ixora brevicaudata","Rubiaceae","Ixora","brevicaudata","50ha","unlogged",NA,NA,"Genus",60.0116976666667,"BIEN"
"Ixora grandifolia","Rubiaceae","Ixora","grandifolia","CP, 50ha","both",NA,"AR","Genus",60.0116976666667,"BIEN"
"Ixora unknown mixed","Rubiaceae","Ixora","unknown mixed","50ha","unlogged",NA,NA,NA,NA,NA
"Kayea borneensis","Calophyllaceae","Kayea","borneensis","50ha","unlogged",NA,NA,"Family",4146.43173062264,"BIEN"
"Kayea macrantha","Calophyllaceae","Kayea","macrantha","50ha","unlogged",NA,NA,"Family",4146.43173062264,"BIEN"
"Kayea oblongifolia","Calophyllaceae","Kayea","oblongifolia","50ha","unlogged",NA,NA,"Family",4146.43173062264,"BIEN"
"Kayea unknown mixed","Calophyllaceae","Kayea","unknown mixed","CP","logged",NA,"NR",NA,NA,NA
"Kibara obtusa","Monimiaceae","Kibara","obtusa","CP, 50ha","both",NA,"AR","Family",900,"BIEN"
"Knema cinerea","Myristicaceae","Knema","cinerea","50ha","unlogged",NA,NA,"Family",3369.91158974359,"BIEN"
"Knema elmeri","Myristicaceae","Knema","elmeri","CP, 50ha","both",NA,"AR, NR","Family",3369.91158974359,"BIEN"
"Knema furfuracea","Myristicaceae","Knema","furfuracea","50ha","unlogged",NA,NA,"Family",3369.91158974359,"BIEN"
"Knema glomerata","Myristicaceae","Knema","glomerata","50ha","unlogged",NA,NA,"Family",3369.91158974359,"BIEN"
"Knema kostermansiana","Myristicaceae","Knema","kostermansiana","50ha","unlogged",NA,NA,"Family",3369.91158974359,"BIEN"
"Knema latericia","Myristicaceae","Knema","latericia","CP, 50ha","both",NA,"AR, NR","Species",1670,"Royal Botanical Gardens KEW. 2008. Seed Information Database (SID). Version 7.1. Available from: http://data.kew.org/sid/ (May 2008)., Royal Botanical Gardens KEW. Seed Information Database (SID), http://data.kew.org/sid/ accessed May 2014, Moles, A. T., D. S. Falster, M. R. Leishman, and M. Westoby. 2004. Small-seeded species produce more seeds per square metre of canopy per year, but not per individual per lifetime. Journal of Ecology 92:384-396., Royal Botanical Gardens KEW. 2008. Seed Information Database (SID). Version 7.1. Available from: http://data.kew.org/sid/ (May 2011)., Royal Botanic Gardens Kew. (2019) Seed Information Database (SID). Version 7.1. Available from: http://data.kew.org/sid/ (06 2019)"
"Knema laurina","Myristicaceae","Knema","laurina","CP, 50ha","both",NA,"AR, NR","Species",1100,"Royal Botanical Gardens KEW. 2008. Seed Information Database (SID). Version 7.1. Available from: http://data.kew.org/sid/ (May 2008)., Royal Botanical Gardens KEW. Seed Information Database (SID), http://data.kew.org/sid/ accessed May 2014, Royal Botanical Gardens KEW. 2008. Seed Information Database (SID). Version 7.1. Available from: http://data.kew.org/sid/ (May 2011)., Royal Botanic Gardens Kew. (2019) Seed Information Database (SID). Version 7.1. Available from: http://data.kew.org/sid/ (06 2019)"
"Knema oblongata","Myristicaceae","Knema","oblongata","50ha","unlogged",NA,NA,"Family",3369.91158974359,"BIEN"
"Knema pectinata","Myristicaceae","Knema","pectinata","CP","logged",NA,"NR","Family",3369.91158974359,"BIEN"
"Knema pulchra","Myristicaceae","Knema","pulchra","50ha","unlogged",NA,NA,"Family",3369.91158974359,"BIEN"
"Knema unknown mixed","Myristicaceae","Knema","unknown mixed","CP, 50ha","both",NA,"AR",NA,NA,NA
"Koilodepas laevigatum","Euphorbiaceae","Koilodepas","laevigatum","50ha","unlogged",NA,NA,"Family",119.998798464659,"BIEN"
"Koilodepas longifolium","Euphorbiaceae","Koilodepas","longifolium","CP, 50ha","both",NA,"AR, NR","Family",119.998798464659,"BIEN"
"Kokoona ochracea","Celastraceae","Kokoona","ochracea","50ha","unlogged",NA,NA,"Family",5608.50790305738,"BIEN"
"Koompassia excelsa","Fabaceae","Koompassia","excelsa","CP, 50ha","both",NA,"AR, NR","Family",273.929465733062,"BIEN"
"Kopsia pauciflora","Apocynaceae","Kopsia","pauciflora","50ha","unlogged",NA,NA,"Family",195.992451671593,"BIEN"
"Lansium domesticum","Meliaceae","Lansium","domesticum","CP, 50ha","both",NA,"NR, no seedling data, AR","Genus",5100,"BIEN"
"Lasianthus borneensis","Rubiaceae","Lasianthus","borneensis","50ha","unlogged",NA,NA,"Family",59.1893790915751,"BIEN"
"Lasianthus reticulatus","Rubiaceae","Lasianthus","reticulatus","50ha","unlogged",NA,NA,"Family",59.1893790915751,"BIEN"
"Lasianthus species 1","Rubiaceae","Lasianthus","species 1","50ha","unlogged",NA,NA,"Family",65.1612315754386,"BIEN"
"Lasianthus species 2","Rubiaceae","Lasianthus","species 2","50ha","unlogged",NA,NA,"Family",65.1612315754386,"BIEN"
"Lasianthus species 3","Rubiaceae","Lasianthus","species 3","50ha","unlogged",NA,NA,"Family",65.1612315754386,"BIEN"
"Lasianthus unknown mixed","Rubiaceae","Lasianthus","unknown mixed","50ha","unlogged",NA,NA,NA,NA,NA
"Leea aculeata","Vitaceae","Leea","aculeata","CP, 50ha","both",NA,"NR, AR","Genus",37.518875,"BIEN"
"Leea indica","Vitaceae","Leea","indica","50ha","unlogged",NA,NA,"Species",36.35,"Royal Botanical Gardens KEW. 2008. Seed Information Database (SID). Version 7.1. Available from: http://data.kew.org/sid/ (May 2008)., Royal Botanical Gardens KEW. Seed Information Database (SID), http://data.kew.org/sid/ accessed May 2014, Moles, A. T., D. S. Falster, M. R. Leishman, and M. Westoby. 2004. Small-seeded species produce more seeds per square metre of canopy per year, but not per individual per lifetime. Journal of Ecology 92:384-396., Royal Botanical Gardens KEW. 2008. Seed Information Database (SID). Version 7.1. Available from: http://data.kew.org/sid/ (May 2011)., Royal Botanic Gardens Kew. (2019) Seed Information Database (SID). Version 7.1. Available from: http://data.kew.org/sid/ (06 2019)"
"Lepisanthes fruticosa","Sapindaceae","Lepisanthes","fruticosa","50ha","unlogged",NA,NA,"Family",3110.25326076077,"BIEN"
"Lepisanthes senegalensis","Sapindaceae","Lepisanthes","senegalensis","CP, 50ha","both",NA,"AR, NR","Species",633.44,"Royal Botanic Gardens Kew. (2019) Seed Information Database (SID). Version 7.1. Available from: http://data.kew.org/sid/ (06 2019)"
"Lepisanthes tetraphylla","Sapindaceae","Lepisanthes","tetraphylla","50ha","unlogged",NA,NA,"Family",3110.25326076077,"BIEN"
"Lepisanthes unknown mixed","Sapindaceae","Lepisanthes","unknown mixed","CP, 50ha","both",NA,"NR",NA,NA,NA
"Lithocarpus ewyckii","Fagaceae","Lithocarpus","ewyckii","CP, 50ha","both",NA,"AR, NR","Species",1100,"Royal Botanical Gardens KEW. 2008. Seed Information Database (SID). Version 7.1. Available from: http://data.kew.org/sid/ (May 2008)., Royal Botanical Gardens KEW. Seed Information Database (SID), http://data.kew.org/sid/ accessed May 2014, Royal Botanical Gardens KEW. 2008. Seed Information Database (SID). Version 7.1. Available from: http://data.kew.org/sid/ (May 2011)., Royal Botanic Gardens Kew. (2019) Seed Information Database (SID). Version 7.1. Available from: http://data.kew.org/sid/ (06 2019)"
"Lithocarpus gracilis","Fagaceae","Lithocarpus","gracilis","CP, 50ha","both",NA,"AR, NR","Genus",2140.61972972973,"BIEN"
"Lithocarpus leptogyne","Fagaceae","Lithocarpus","leptogyne","CP, 50ha","both",NA,"AR, NR","Genus",2140.61972972973,"BIEN"
"Lithocarpus nieuwenhuisii","Fagaceae","Lithocarpus","nieuwenhuisii","CP, 50ha","both",NA,"AR, NR","Genus",2140.61972972973,"BIEN"
"Lithocarpus species 1","Fagaceae","Lithocarpus","species 1","50ha","unlogged",NA,NA,"Genus",2140.61972972973,"BIEN"
"Lithocarpus species 2","Fagaceae","Lithocarpus","species 2","50ha","unlogged",NA,NA,"Genus",2140.61972972973,"BIEN"
"Lithocarpus species 3","Fagaceae","Lithocarpus","species 3","50ha","unlogged",NA,NA,"Genus",2140.61972972973,"BIEN"
"Lithocarpus species 4","Fagaceae","Lithocarpus","species 4","50ha","unlogged",NA,NA,"Genus",2140.61972972973,"BIEN"
"Lithocarpus species 5","Fagaceae","Lithocarpus","species 5","50ha","unlogged",NA,NA,"Genus",2140.61972972973,"BIEN"
"Lithocarpus species 6","Fagaceae","Lithocarpus","species 6","50ha","unlogged",NA,NA,"Genus",2140.61972972973,"BIEN"
"Lithocarpus species 7","Fagaceae","Lithocarpus","species 7","50ha","unlogged",NA,NA,"Genus",2140.61972972973,"BIEN"
"Lithocarpus species 8","Fagaceae","Lithocarpus","species 8","50ha","unlogged",NA,NA,"Genus",2140.61972972973,"BIEN"
"Lithocarpus species 9","Fagaceae","Lithocarpus","species 9","50ha","unlogged",NA,NA,"Genus",2140.61972972973,"BIEN"
"Lithocarpus unknown mixed","Fagaceae","Lithocarpus","unknown mixed","CP","logged",NA,"AR, NR, no seedling data",NA,NA,NA
"Litsea accedens","Lauraceae","Litsea","accedens","CP, 50ha","both",NA,"AR, NR","Species",290,"Royal Botanical Gardens KEW. 2008. Seed Information Database (SID). Version 7.1. Available from: http://data.kew.org/sid/ (May 2008)., Royal Botanical Gardens KEW. Seed Information Database (SID), http://data.kew.org/sid/ accessed May 2014, Royal Botanical Gardens KEW. 2008. Seed Information Database (SID). Version 7.1. Available from: http://data.kew.org/sid/ (May 2011)., Royal Botanic Gardens Kew. (2019) Seed Information Database (SID). Version 7.1. Available from: http://data.kew.org/sid/ (06 2019)"
"Litsea angulata","Lauraceae","Litsea","angulata","CP, 50ha","both",NA,"AR, NR","Family",1244.48787274336,"BIEN"
"Litsea caulocarpa","Lauraceae","Litsea","caulocarpa","CP, 50ha","both",NA,"AR, NR","Family",1244.48787274336,"BIEN"
"Litsea cordata","Lauraceae","Litsea","cordata","CP, 50ha","both",NA,"NR","Family",1244.48787274336,"BIEN"
"Litsea cuprea","Lauraceae","Litsea","cuprea","50ha","unlogged",NA,NA,"Family",1244.48787274336,"BIEN"
"Litsea curtisii","Lauraceae","Litsea","curtisii","50ha","unlogged",NA,NA,"Family",1244.48787274336,"BIEN"
"Litsea elliptica","Lauraceae","Litsea","elliptica","50ha","unlogged",NA,NA,"Family",1244.48787274336,"BIEN"
"Litsea ferruginea","Lauraceae","Litsea","ferruginea","50ha","unlogged",NA,NA,"Family",1244.48787274336,"BIEN"
"Litsea ficoidea","Lauraceae","Litsea","ficoidea","50ha","unlogged",NA,NA,"Family",1244.48787274336,"BIEN"
"Litsea fulva","Lauraceae","Litsea","fulva","CP, 50ha","both",NA,"AR","Family",1244.48787274336,"BIEN"
"Litsea garciae","Lauraceae","Litsea","garciae","CP, 50ha","both",NA,"NR, AR","Family",1244.48787274336,"BIEN"
"Litsea grandis","Lauraceae","Litsea","grandis","CP, 50ha","both",NA,"NR, AR","Species",950,"Royal Botanical Gardens KEW. 2008. Seed Information Database (SID). Version 7.1. Available from: http://data.kew.org/sid/ (May 2008)., Royal Botanical Gardens KEW. Seed Information Database (SID), http://data.kew.org/sid/ accessed May 2014, Royal Botanical Gardens KEW. 2008. Seed Information Database (SID). Version 7.1. Available from: http://data.kew.org/sid/ (May 2011)., Royal Botanic Gardens Kew. (2019) Seed Information Database (SID). Version 7.1. Available from: http://data.kew.org/sid/ (06 2019)"
"Litsea ligustrina","Lauraceae","Litsea","ligustrina","50ha","unlogged",NA,NA,"Family",1244.48787274336,"BIEN"
"Litsea machilifolia","Lauraceae","Litsea","machilifolia","50ha","unlogged",NA,NA,"Family",1244.48787274336,"BIEN"
"Litsea oppositifolia","Lauraceae","Litsea","oppositifolia","CP, 50ha","both",NA,"AR, no seedling data","Family",1244.48787274336,"BIEN"
"Litsea robusta","Lauraceae","Litsea","robusta","50ha","unlogged",NA,NA,"Family",1244.48787274336,"BIEN"
"Litsea unknown mixed","Lauraceae","Litsea","unknown mixed","CP, 50ha","both",NA,"AR, NR",NA,NA,NA
"Lophopetalum beccarianum","Celastraceae","Lophopetalum","beccarianum","CP, 50ha","both",NA,"NR","Family",5608.50790305738,"BIEN"
"Lophopetalum javanicum","Celastraceae","Lophopetalum","javanicum","CP, 50ha","both",NA,"AR, NR","Family",5608.50790305738,"BIEN"
"Lophopetalum unknown mixed","Celastraceae","Lophopetalum","unknown mixed","50ha","unlogged",NA,NA,NA,NA,NA
"Ludekia borneensis","Rubiaceae","Ludekia","borneensis","CP, 50ha","both",NA,"AR, NR","Family",59.1893790915751,"BIEN"
"Ludekia unknown mixed","Rubiaceae","Ludekia","unknown mixed","CP","logged",NA,"NR",NA,NA,NA
"Maasia sumatrana","Annonaceae","Maasia","sumatrana","CP","logged",NA,"AR, NR","Species",820,"Royal Botanical Gardens KEW. 2008. Seed Information Database (SID). Version 7.1. Available from: http://data.kew.org/sid/ (May 2008)., Royal Botanical Gardens KEW. Seed Information Database (SID), http://data.kew.org/sid/ accessed May 2014, Moles, A. T., D. S. Falster, M. R. Leishman, and M. Westoby. 2004. Small-seeded species produce more seeds per square metre of canopy per year, but not per individual per lifetime. Journal of Ecology 92:384-396., Royal Botanical Gardens KEW. 2008. Seed Information Database (SID). Version 7.1. Available from: http://data.kew.org/sid/ (May 2011)., Royal Botanic Gardens Kew. (2019) Seed Information Database (SID). Version 7.1. Available from: http://data.kew.org/sid/ (06 2019)"
"Macaranga conifera","Euphorbiaceae","Macaranga","conifera","CP","logged",NA,"AR","Genus",25.7087549583333,"BIEN"
"Macaranga gigantea","Euphorbiaceae","Macaranga","gigantea","CP","logged",NA,"AR, NR","Species",13,"Royal Botanical Gardens KEW. 2008. Seed Information Database (SID). Version 7.1. Available from: http://data.kew.org/sid/ (May 2008)., Royal Botanical Gardens KEW. Seed Information Database (SID), http://data.kew.org/sid/ accessed May 2014, Royal Botanical Gardens KEW. 2008. Seed Information Database (SID). Version 7.1. Available from: http://data.kew.org/sid/ (May 2011)., Royal Botanic Gardens Kew. (2019) Seed Information Database (SID). Version 7.1. Available from: http://data.kew.org/sid/ (06 2019)"
"Macaranga hypoleuca","Euphorbiaceae","Macaranga","hypoleuca","CP, 50ha","both",NA,"AR, NR","Species",28.8,"Royal Botanical Gardens KEW. 2008. Seed Information Database (SID). Version 7.1. Available from: http://data.kew.org/sid/ (May 2008)., Royal Botanical Gardens KEW. Seed Information Database (SID), http://data.kew.org/sid/ accessed May 2014, Royal Botanical Gardens KEW. 2008. Seed Information Database (SID). Version 7.1. Available from: http://data.kew.org/sid/ (May 2011)., Royal Botanic Gardens Kew. (2019) Seed Information Database (SID). Version 7.1. Available from: http://data.kew.org/sid/ (06 2019)"
"Macaranga pearsonii","Euphorbiaceae","Macaranga","pearsonii","CP, 50ha","both",NA,"AR, NR","Genus",25.7087549583333,"BIEN"
"Macaranga winkleri","Euphorbiaceae","Macaranga","winkleri","50ha","unlogged",NA,NA,"Genus",25.7087549583333,"BIEN"
"Madhuca elmeri","Sapotaceae","Madhuca","elmeri","CP, 50ha","both",NA,"NR","Genus",2293.73333333333,"BIEN"
"Madhuca kingiana","Sapotaceae","Madhuca","kingiana","CP, 50ha","both",NA,"AR, NR","Genus",2293.73333333333,"BIEN"
"Madhuca korthalsii","Sapotaceae","Madhuca","korthalsii","CP, 50ha","both",NA,"AR, NR","Genus",2293.73333333333,"BIEN"
"Madhuca kunstleri","Sapotaceae","Madhuca","kunstleri","50ha","unlogged",NA,NA,"Genus",2293.73333333333,"BIEN"
"Madhuca mindanaensis","Sapotaceae","Madhuca","mindanaensis","50ha","unlogged",NA,NA,"Genus",2293.73333333333,"BIEN"
"Madhuca unknown mixed","Sapotaceae","Madhuca","unknown mixed","50ha","unlogged",NA,NA,NA,NA,NA
"Magnolia acuminata","Magnoliaceae","Magnolia","acuminata","CP, 50ha","both",NA,"AR, NR","Species",94.03,"Royal Botanical Gardens KEW. 2008. Seed Information Database (SID). Version 7.1. Available from: http://data.kew.org/sid/ (May 2008)., Green, W. 2009. USDA PLANTS Compilation, version 1, 09-02-02. (http://bricol.net/downloads/data/PLANTSdatabase/) NRCS: The PLANTS Database (http://plants.usda.gov, 1 Feb 2009). National Plant Data Center: Baton Rouge, LA 70874-74490 USA., Royal Botanical Gardens KEW. Seed Information Database (SID), http://data.kew.org/sid/ accessed May 2014, Moles, A. T., D. S. Falster, M. R. Leishman, and M. Westoby. 2004. Small-seeded species produce more seeds per square metre of canopy per year, but not per individual per lifetime. Journal of Ecology 92:384-396., unpub., Wirth, C. and J. W. Lichstein. 2009. The Imprint of Species Turnover on Old-Growth Forest Carbon Balances - Insights From a Trait-Based Model of Forest Dynamics. Pages 81-113 in C. Wirth, G. Gleixner, and M. Heimann, editors. Old-Growth Forests: Function, Fate and Value. Springer, New York, Berlin, Heidelberg., Royal Botanical Gardens KEW. 2008. Seed Information Database (SID). Version 7.1. Available from: http://data.kew.org/sid/ (May 2011)., Royal Botanic Gardens Kew. (2019) Seed Information Database (SID). Version 7.1. Available from: http://data.kew.org/sid/ (06 2019)"
"Magnolia beccarii","Magnoliaceae","Magnolia","beccarii","50ha","unlogged",NA,NA,"Genus",141.938721391304,"BIEN"
"Magnolia gigantifolia","Magnoliaceae","Magnolia","gigantifolia","CP, 50ha","both",NA,"NR, AR","Genus",141.938721391304,"BIEN"
"Mallotus korthalsii","Euphorbiaceae","Mallotus","korthalsii","CP, 50ha","both",NA,"AR, NR","Family",119.998798464659,"BIEN"
"Mallotus lackeyi","Euphorbiaceae","Mallotus","lackeyi","CP, 50ha","both",NA,"AR","Family",119.998798464659,"BIEN"
"Mallotus miquelianus","Euphorbiaceae","Mallotus","miquelianus","50ha","unlogged",NA,NA,"Family",119.998798464659,"BIEN"
"Mallotus species 1","Euphorbiaceae","Mallotus","species 1","CP, 50ha","both",NA,"AR, NR, no seedling data","Family",119.998798464659,"BIEN"
"Mallotus unknown mixed","Euphorbiaceae","Mallotus","unknown mixed","CP, 50ha","both",NA,"AR",NA,NA,NA
"Mallotus wrayi","Euphorbiaceae","Mallotus","wrayi","CP, 50ha","both",NA,"AR, NR","Family",119.998798464659,"BIEN"
"Mangifera caesia","Anacardiaceae","Mangifera","caesia","CP, 50ha","both",NA,"AR, NR","Genus",17201.2857142857,"BIEN"
"Mangifera indica","Anacardiaceae","Mangifera","indica","50ha","unlogged",NA,NA,"Species",12442.26,"Royal Botanical Gardens KEW. 2008. Seed Information Database (SID). Version 7.1. Available from: http://data.kew.org/sid/ (May 2008)., Royal Botanical Gardens KEW. Seed Information Database (SID), http://data.kew.org/sid/ accessed May 2014, Moles, A. T., D. S. Falster, M. R. Leishman, and M. Westoby. 2004. Small-seeded species produce more seeds per square metre of canopy per year, but not per individual per lifetime. Journal of Ecology 92:384-396., Royal Botanical Gardens KEW. 2008. Seed Information Database (SID). Version 7.1. Available from: http://data.kew.org/sid/ (May 2011)., Swenson, N.G., P. Anglada-Cordero, and J.A. Barone. 2011. Deterministic tropical tree community turnover: evidence from patterns of functional beta diversity along an elevational gradient. Proceedings of the Royal Society B 278:877-884. , Hawes, J.E., Viera, I.C.G., Magnago, L.F.S., Berenguer, E., Ferreira, J., Aragão, L., Cardoso, A., Lees, A.C., Lennox, G.D., Tobias, J.A., Waldron, A. & Barlow, J. (in review) A large-scale assessment of plant dispersal traits across human-modified Amazonian forests. Journal of Ecology, Royal Botanic Gardens Kew. (2019) Seed Information Database (SID). Version 7.1. Available from: http://data.kew.org/sid/ (06 2019)"
"Mangifera odorata","Anacardiaceae","Mangifera","odorata","50ha","unlogged",NA,NA,"Genus",17201.2857142857,"BIEN"
"Mangifera pajang","Anacardiaceae","Mangifera","pajang","CP, 50ha","both",NA,"AR","Genus",17201.2857142857,"BIEN"
"Mangifera rufocostata","Anacardiaceae","Mangifera","rufocostata","50ha","unlogged",NA,NA,"Genus",17201.2857142857,"BIEN"
"Mangifera species 1","Anacardiaceae","Mangifera","species 1","50ha","unlogged",NA,NA,"Genus",17201.2857142857,"BIEN"
"Mangifera swintonioides","Anacardiaceae","Mangifera","swintonioides","50ha","unlogged",NA,NA,"Genus",17201.2857142857,"BIEN"
"Mangifera unknown mixed","Anacardiaceae","Mangifera","unknown mixed","CP, 50ha","both",NA,"AR, NR",NA,NA,NA
"Maranthes corymbosa","Chrysobalanaceae","Maranthes","corymbosa","50ha","unlogged",NA,NA,"Family",2536.14322477778,"BIEN"
"Marsypopetalum pallidum","Annonaceae","Marsypopetalum","pallidum","50ha","unlogged",NA,NA,"Family",1341.40229068627,"BIEN"
"Mastixia trichotoma","Nyssaceae","Mastixia","trichotoma","CP, 50ha","both",NA,"AR, NR","NA",NA,"BIEN"
"Meiogyne virgata","Annonaceae","Meiogyne","virgata","CP, 50ha","both",NA,"NR, no seedling data, AR","Family",1341.40229068627,"BIEN"
"Melanochyla auriculata","Anacardiaceae","Melanochyla","auriculata","50ha","unlogged",NA,NA,"Family",1133.94134912719,"BIEN"
"Melanochyla beccariana","Anacardiaceae","Melanochyla","beccariana","CP, 50ha","both",NA,"NR","Family",1133.94134912719,"BIEN"
"Melanochyla unknown mixed","Anacardiaceae","Melanochyla","unknown mixed","50ha","unlogged",NA,NA,NA,NA,NA
"Melastoma malabathricum","Melastomataceae","Melastoma","malabathricum","50ha","unlogged",NA,NA,"Species",0.06,"Royal Botanical Gardens KEW. 2008. Seed Information Database (SID). Version 7.1. Available from: http://data.kew.org/sid/ (May 2008)., Royal Botanical Gardens KEW. Seed Information Database (SID), http://data.kew.org/sid/ accessed May 2014, Moles, A. T., D. S. Falster, M. R. Leishman, and M. Westoby. 2004. Small-seeded species produce more seeds per square metre of canopy per year, but not per individual per lifetime. Journal of Ecology 92:384-396., Royal Botanical Gardens KEW. 2008. Seed Information Database (SID). Version 7.1. Available from: http://data.kew.org/sid/ (May 2011)., Royal Botanic Gardens Kew. (2019) Seed Information Database (SID). Version 7.1. Available from: http://data.kew.org/sid/ (06 2019)"
"Melicope  lunu-ankenda","Rutaceae","Melicope ","lunu-ankenda",NA,NA,NA,NA,NA,NA,NA
"Melicope  unknown mixed","Rutaceae","Melicope ","unknown mixed",NA,NA,NA,NA,NA,NA,NA
"Meliosma pinnata","Sabiaceae","Meliosma","pinnata","CP, 50ha","both",NA,"AR","NA",NA,"BIEN"
"Meliosma sumatrana","Sabiaceae","Meliosma","sumatrana","CP, 50ha","both",NA,"NR","NA",NA,"BIEN"
"Memecylon  species 1","Melastomataceae","Memecylon"," species 1","50ha","unlogged",NA,NA,"Genus",116.824508333333,"BIEN"
"Memecylon lilacinum","Melastomataceae","Memecylon","lilacinum","50ha","unlogged",NA,NA,"Genus",116.824508333333,"BIEN"
"Memecylon oleifolium","Melastomataceae","Memecylon","oleifolium","50ha","unlogged",NA,NA,"Genus",116.824508333333,"BIEN"
"Memecylon paniculatum","Melastomataceae","Memecylon","paniculatum","CP, 50ha","both",NA,"NR","Genus",116.824508333333,"BIEN"
"Memecylon species 2","Melastomataceae","Memecylon","species 2","50ha","unlogged",NA,NA,"Genus",116.824508333333,"BIEN"
"Memecylon species 3","Melastomataceae","Memecylon","species 3","50ha","unlogged",NA,NA,"Genus",116.824508333333,"BIEN"
"Merope angulata","Rutaceae","Merope","angulata","50ha","unlogged",NA,NA,"Family",124.165051964912,"BIEN"
"Mesua unknown mixed","Clusiaceae","Mesua","unknown mixed","50ha","unlogged",NA,NA,NA,NA,NA
"Microcos antidesmifolia","Malvaceae","Microcos","antidesmifolia","50ha","unlogged",NA,NA,"Family",881.714199688546,"BIEN"
"Microcos crassifolia","Malvaceae","Microcos","crassifolia","CP, 50ha","both",NA,"AR, NR","Species",280,"Royal Botanical Gardens KEW. 2008. Seed Information Database (SID). Version 7.1. Available from: http://data.kew.org/sid/ (May 2008)., Royal Botanical Gardens KEW. Seed Information Database (SID), http://data.kew.org/sid/ accessed May 2014, Moles, A. T., D. S. Falster, M. R. Leishman, and M. Westoby. 2004. Small-seeded species produce more seeds per square metre of canopy per year, but not per individual per lifetime. Journal of Ecology 92:384-396., Royal Botanical Gardens KEW. 2008. Seed Information Database (SID). Version 7.1. Available from: http://data.kew.org/sid/ (May 2011)., Royal Botanic Gardens Kew. (2019) Seed Information Database (SID). Version 7.1. Available from: http://data.kew.org/sid/ (06 2019)"
"Microcos fibrocarpa","Malvaceae","Microcos","fibrocarpa","CP, 50ha","both",NA,"AR, NR","Family",881.714199688546,"BIEN"
"Microcos latistipulata","Malvaceae","Microcos","latistipulata","CP, 50ha","both",NA,"NR, AR","Family",881.714199688546,"BIEN"
"Microcos ossea","Malvaceae","Microcos","ossea","CP, 50ha","both",NA,"AR, NR","Family",881.714199688546,"BIEN"
"Microcos unknown mixed","Malvaceae","Microcos","unknown mixed","CP, 50ha","both",NA,"AR",NA,NA,NA
"Mischocarpus pentapetalus","Sapindaceae","Mischocarpus","pentapetalus","50ha","unlogged",NA,NA,"Family",3110.25326076077,"BIEN"
"Monanthocitrus oblanceolata","Rutaceae","Monanthocitrus","oblanceolata","50ha","unlogged",NA,NA,"Family",124.165051964912,"BIEN"
"Monocarpia borneensis","Annonaceae","Monocarpia","borneensis","50ha","unlogged",NA,NA,"Family",1341.40229068627,"BIEN"
"Monoon erianthoides","Annonaceae","Monoon","erianthoides","CP, 50ha","both",NA,"NR","NA",NA,"BIEN"
"Monoon grandiflorum","Annonaceae","Monoon","grandiflorum","CP, 50ha","both",NA,"NR, AR","NA",NA,"BIEN"
"Monoon hookerianum","Annonaceae","Monoon","hookerianum","CP, 50ha","both",NA,"NR, AR","NA",NA,"BIEN"
"Monoon species 1","Annonaceae","Monoon","species 1","50ha","unlogged",NA,NA,"NA",NA,"BIEN"
"Monoon species 2","Annonaceae","Monoon","species 2","50ha","unlogged",NA,NA,"NA",NA,"BIEN"
"Monoon xanthopetalum","Annonaceae","Monoon","xanthopetalum","50ha","unlogged",NA,NA,"NA",NA,"BIEN"
"Myristica cinnamomea","Myristicaceae","Myristica","cinnamomea","50ha","unlogged",NA,NA,"Species",7900,"Royal Botanical Gardens KEW. 2008. Seed Information Database (SID). Version 7.1. Available from: http://data.kew.org/sid/ (May 2008)., Royal Botanical Gardens KEW. Seed Information Database (SID), http://data.kew.org/sid/ accessed May 2014, Royal Botanical Gardens KEW. 2008. Seed Information Database (SID). Version 7.1. Available from: http://data.kew.org/sid/ (May 2011)., Royal Botanic Gardens Kew. (2019) Seed Information Database (SID). Version 7.1. Available from: http://data.kew.org/sid/ (06 2019)"
"Myrmeconauclea strigosa","Rubiaceae","Myrmeconauclea","strigosa","50ha","unlogged",NA,NA,"Family",59.1893790915751,"BIEN"
"Nauclea sp1","Rubiaceae","Nauclea","sp1","CP","logged",NA,"AR, NR","Genus",64.578,"BIEN"
"Nauclea subdita","Rubiaceae","Nauclea","subdita","CP","logged",NA,"NR","Genus",64.578,"BIEN"
"Nauclea unknown mixed","Rubiaceae","Nauclea","unknown mixed","CP, 50ha","both",NA,"AR, no seedling data",NA,NA,NA
"Neesia synandra","Malvaceae","Neesia","synandra","CP, 50ha","both",NA,"AR, NR","Family",881.714199688546,"BIEN"
"Neesia unknown mixed","Malvaceae","Neesia","unknown mixed","CP","logged",NA,"AR, NR",NA,NA,NA
"Neo-Uvaria acuminatissima","Annonaceae","Neo-Uvaria","acuminatissima","50ha, CP","both",NA,"AR, NR","NA",NA,"BIEN"
"Neo-Uvaria unknown mixed","Annonaceae","Neo-Uvaria","unknown mixed","50ha","unlogged",NA,NA,NA,NA,NA
"Neolamarckia cadamba","Rubiaceae","Neolamarckia","cadamba","CP, 50ha","both",NA,"AR","Species",40,"Royal Botanical Gardens KEW. 2008. Seed Information Database (SID). Version 7.1. Available from: http://data.kew.org/sid/ (May 2008)., Royal Botanical Gardens KEW. Seed Information Database (SID), http://data.kew.org/sid/ accessed May 2014, Royal Botanical Gardens KEW. 2008. Seed Information Database (SID). Version 7.1. Available from: http://data.kew.org/sid/ (May 2011)., Royal Botanic Gardens Kew. (2019) Seed Information Database (SID). Version 7.1. Available from: http://data.kew.org/sid/ (06 2019)"
"Neonauclea  gigantea","Rubiaceae","Neonauclea ","gigantea","CP","logged",NA,"NR","Family",59.1893790915751,"BIEN"
"Neonauclea sp","Rubiaceae","Neonauclea","sp","CP","logged",NA,"AR","Family",59.1893790915751,"BIEN"
"Neonauclea sp1","Rubiaceae","Neonauclea","sp1","CP","logged",NA,"AR","Family",59.1893790915751,"BIEN"
"Neoscortechinia kingii","Euphorbiaceae","Neoscortechinia","kingii","CP, 50ha","both",NA,"AR, NR","Family",119.998798464659,"BIEN"
"Nephelium cuspidatum","Sapindaceae","Nephelium","cuspidatum","CP, 50ha","both",NA,"NR","Genus",1774.225,"BIEN"
"Nephelium maingayi","Sapindaceae","Nephelium","maingayi","CP, 50ha","both",NA,"AR, NR","Genus",1774.225,"BIEN"
"Nephelium ramboutan-ake","Sapindaceae","Nephelium","ramboutan-ake","CP, 50ha","both",NA,"AR, NR","Genus",1774.225,"BIEN"
"Nothaphoebe canescens","Lauraceae","Nothaphoebe","canescens","CP, 50ha","both",NA,"AR","Genus",2100,"BIEN"
"Nothaphoebe heterophylla","Lauraceae","Nothaphoebe","heterophylla","50ha","unlogged",NA,NA,"Genus",2100,"BIEN"
"Nothaphoebe umbelliflora","Lauraceae","Nothaphoebe","umbelliflora","CP, 50ha","both",NA,"NR, AR","Species",2100,"Royal Botanical Gardens KEW. 2008. Seed Information Database (SID). Version 7.1. Available from: http://data.kew.org/sid/ (May 2008)., Royal Botanical Gardens KEW. Seed Information Database (SID), http://data.kew.org/sid/ accessed May 2014, Royal Botanical Gardens KEW. 2008. Seed Information Database (SID). Version 7.1. Available from: http://data.kew.org/sid/ (May 2011)., Royal Botanic Gardens Kew. (2019) Seed Information Database (SID). Version 7.1. Available from: http://data.kew.org/sid/ (06 2019)"
"Nothaphoebe unknown","Lauraceae","Nothaphoebe","unknown","50ha","unlogged",NA,NA,"Genus",2100,"BIEN"
"Nothaphoebe unknown mixed","Lauraceae","Nothaphoebe","unknown mixed","CP","logged",NA,"AR",NA,NA,NA
"Nyssa javanica","Nyssaceae","Nyssa","javanica","50ha","unlogged",NA,NA,"Species",64.52,"Royal Botanical Gardens KEW. 2008. Seed Information Database (SID). Version 7.1. Available from: http://data.kew.org/sid/ (May 2008)., Royal Botanical Gardens KEW. Seed Information Database (SID), http://data.kew.org/sid/ accessed May 2014, Royal Botanical Gardens KEW. 2008. Seed Information Database (SID). Version 7.1. Available from: http://data.kew.org/sid/ (May 2011)., Royal Botanic Gardens Kew. (2019) Seed Information Database (SID). Version 7.1. Available from: http://data.kew.org/sid/ (06 2019)"
"Ochanostachys amentacea","Olacaceae","Ochanostachys","amentacea","CP, 50ha","both",NA,"AR, NR","Species",3200,"Royal Botanical Gardens KEW. 2008. Seed Information Database (SID). Version 7.1. Available from: http://data.kew.org/sid/ (May 2008)., Royal Botanical Gardens KEW. Seed Information Database (SID), http://data.kew.org/sid/ accessed May 2014, Royal Botanical Gardens KEW. 2008. Seed Information Database (SID). Version 7.1. Available from: http://data.kew.org/sid/ (May 2011)., Royal Botanic Gardens Kew. (2019) Seed Information Database (SID). Version 7.1. Available from: http://data.kew.org/sid/ (06 2019)"
"Octomeles sumatrana","Tetramelaceae","Octomeles","sumatrana","CP, 50ha","both",NA,"NR, AR","Species",0.15,"Royal Botanical Gardens KEW. 2008. Seed Information Database (SID). Version 7.1. Available from: http://data.kew.org/sid/ (May 2008)., Royal Botanical Gardens KEW. Seed Information Database (SID), http://data.kew.org/sid/ accessed May 2014, Royal Botanical Gardens KEW. 2008. Seed Information Database (SID). Version 7.1. Available from: http://data.kew.org/sid/ (May 2011)., Royal Botanic Gardens Kew. (2019) Seed Information Database (SID). Version 7.1. Available from: http://data.kew.org/sid/ (06 2019)"
"Oreocnide trinervis","Urticaceae","Oreocnide","trinervis","50ha","unlogged",NA,NA,"Family",237.305657053435,"BIEN"
"Ormosia bancana","Fabaceae","Ormosia","bancana","CP, 50ha","both",NA,"NR","Genus",1652.87871095238,"BIEN"
"Orophea corymbosa","Annonaceae","Orophea","corymbosa","CP, 50ha","both",NA,"NR, no seedling data","Family",1341.40229068627,"BIEN"
"Orophea creaghii","Annonaceae","Orophea","creaghii","50ha","unlogged",NA,NA,"Family",1341.40229068627,"BIEN"
"Orophea myriantha","Annonaceae","Orophea","myriantha","CP, 50ha","both",NA,"NR, no seedling data, AR","Family",1341.40229068627,"BIEN"
"Palaquium beccarianum","Sapotaceae","Palaquium","beccarianum","CP, 50ha","both",NA,"NR, AR","Genus",1642.70909090909,"BIEN"
"Palaquium dasyphyllum","Sapotaceae","Palaquium","dasyphyllum","CP, 50ha","both",NA,"NR","Genus",1642.70909090909,"BIEN"
"Palaquium maingayi","Sapotaceae","Palaquium","maingayi","CP, 50ha","both",NA,"AR","Genus",1642.70909090909,"BIEN"
"Palaquium sericeum","Sapotaceae","Palaquium","sericeum","50ha","unlogged",NA,NA,"Genus",1642.70909090909,"BIEN"
"Palaquium unknown mixed","Sapotaceae","Palaquium","unknown mixed","50ha","unlogged",NA,NA,NA,NA,NA
"Pangium edule","Achariaceae","Pangium","edule","50ha","unlogged",NA,NA,"Family",576.8788,"BIEN"
"Paranephelium macrophyllum","Sapindaceae","Paranephelium","macrophyllum","CP, 50ha","both",NA,"NR, no seedling data","Family",3110.25326076077,"BIEN"
"Paranephelium xestophyllum","Sapindaceae","Paranephelium","xestophyllum","CP, 50ha","both",NA,"NR, AR","Family",3110.25326076077,"BIEN"
"Parashorea malaanonan","Dipterocarpaceae","Parashorea","malaanonan","CP, 50ha, IF","both","ActiveRestoration, NaturalRegeneration","AR, NR","Species",1784.06,"Royal Botanical Gardens KEW. 2008. Seed Information Database (SID). Version 7.1. Available from: http://data.kew.org/sid/ (May 2008)., Royal Botanical Gardens KEW. Seed Information Database (SID), http://data.kew.org/sid/ accessed May 2014, unpub., Royal Botanical Gardens KEW. 2008. Seed Information Database (SID). Version 7.1. Available from: http://data.kew.org/sid/ (May 2011)., Paine CET, Amissah L, Auge H, Baraloto C, Baruffol M, Bourland N, Bruelheide H, Dainou K, de Gouvenain RC, Doucet J-L, Doust SJ, Fine PV a, Fortunel C, Haase J, Holl KD, Jactel H, Li X, Kitajima K, Koricheva J, Martinez-Garza C, Messier C, Paquette A, Philipson CD, Piotto D, Poorter L, Posada JM, Potvin C, Rainio K, Russo SE, Ruiz-Jaen M, Scherer-Lorenzen M, Webb CO, Zahawi RA & Hector A (2015) Globally, functional traits are weak predictors of juvenile tree growth, and we do not know why. Journal of Ecology, 103, 978–989. DOI: 10.1111/1365-2745.12401, Royal Botanic Gardens Kew. (2019) Seed Information Database (SID). Version 7.1. Available from: http://data.kew.org/sid/ (06 2019)"
"Parashorea tomentella","Dipterocarpaceae","Parashorea","tomentella","CP, 50ha, IF","both","NaturalRegeneration","AR, NR, no seedling data","Species",5710,"BIEN"
"Parastemon urophyllus","Chrysobalanaceae","Parastemon","urophyllus","50ha","unlogged",NA,NA,"Family",2536.14322477778,"BIEN"
"Paratrophis glabra","Moraceae","Paratrophis","glabra","50ha","unlogged",NA,NA,"Family",416.30593131746,"BIEN"
"Parinari excelsa","Chrysobalanaceae","Parinari","excelsa","CP, 50ha","both",NA,"AR","Species",6701.83,"Royal Botanical Gardens KEW. 2008. Seed Information Database (SID). Version 7.1. Available from: http://data.kew.org/sid/ (May 2008)., Royal Botanical Gardens KEW. Seed Information Database (SID), http://data.kew.org/sid/ accessed May 2014, Moles, A. T., D. S. Falster, M. R. Leishman, and M. Westoby. 2004. Small-seeded species produce more seeds per square metre of canopy per year, but not per individual per lifetime. Journal of Ecology 92:384-396., Royal Botanical Gardens KEW. 2008. Seed Information Database (SID). Version 7.1. Available from: http://data.kew.org/sid/ (May 2011)., Royal Botanic Gardens Kew. (2019) Seed Information Database (SID). Version 7.1. Available from: http://data.kew.org/sid/ (06 2019)"
"Parinari oblongifolia","Chrysobalanaceae","Parinari","oblongifolia","CP, 50ha","both",NA,"AR","Genus",5600,"BIEN"
"Parinari unknown mixed","Chrysobalanaceae","Parinari","unknown mixed","CP, 50ha","both",NA,"NR",NA,NA,NA
"Parkia speciosa","Fabaceae","Parkia","speciosa","50ha","unlogged",NA,NA,"Species",540,"Royal Botanical Gardens KEW. 2008. Seed Information Database (SID). Version 7.1. Available from: http://data.kew.org/sid/ (May 2008)., Royal Botanical Gardens KEW. Seed Information Database (SID), http://data.kew.org/sid/ accessed May 2014, Royal Botanical Gardens KEW. 2008. Seed Information Database (SID). Version 7.1. Available from: http://data.kew.org/sid/ (May 2011)., Royal Botanic Gardens Kew. (2019) Seed Information Database (SID). Version 7.1. Available from: http://data.kew.org/sid/ (06 2019)"
"Parkia unknown mixed","Fabaceae","Parkia","unknown mixed","CP","logged",NA,"AR",NA,NA,NA
"Pavetta wallichiana","Rubiaceae","Pavetta","wallichiana","50ha","unlogged",NA,NA,"Genus",219,"BIEN"
"Payena Unknown species1","Sapotaceae","Payena","Unknown species1","50ha","unlogged",NA,NA,"Family",6649.36413870779,"BIEN"
"Payena acuminata","Sapotaceae","Payena","acuminata","CP, 50ha","both",NA,"NR","Family",6649.36413870779,"BIEN"
"Payena microphylla","Sapotaceae","Payena","microphylla","CP, 50ha","both",NA,"NR","Family",6649.36413870779,"BIEN"
"Payena unknown mixed","Sapotaceae","Payena","unknown mixed","CP","logged",NA,"AR, NR",NA,NA,NA
"Peltophorum racemosum","Fabaceae","Peltophorum","racemosum","CP, 50ha","both",NA,"AR, NR","Genus",105.227142857143,"BIEN"
"Pentace adenophora","Malvaceae","Pentace","adenophora","CP, 50ha","both",NA,"AR, NR","Family",881.714199688546,"BIEN"
"Pentace laxiflora","Malvaceae","Pentace","laxiflora","CP, 50ha, IF","both","NaturalRegeneration","AR, NR","Family",881.714199688546,"BIEN"
"Pentace unknown mixed","Malvaceae","Pentace","unknown mixed","CP","logged",NA,"AR",NA,NA,NA
"Phaeanthus ophthalmicus","Annonaceae","Phaeanthus","ophthalmicus","50ha","unlogged",NA,NA,"Species",300,"Royal Botanical Gardens KEW. 2008. Seed Information Database (SID). Version 7.1. Available from: http://data.kew.org/sid/ (May 2008)., Royal Botanical Gardens KEW. Seed Information Database (SID), http://data.kew.org/sid/ accessed May 2014, Royal Botanical Gardens KEW. 2008. Seed Information Database (SID). Version 7.1. Available from: http://data.kew.org/sid/ (May 2011)., Royal Botanic Gardens Kew. (2019) Seed Information Database (SID). Version 7.1. Available from: http://data.kew.org/sid/ (06 2019)"
"Phaeanthus splendens","Annonaceae","Phaeanthus","splendens","CP, 50ha","both",NA,"AR, no seedling data, NR","Family",1341.40229068627,"BIEN"
"Phaleria  capitata","Thymelaeaceae","Phaleria ","capitata",NA,NA,NA,NA,NA,NA,NA
"Phoebe grandis","Lauraceae","Phoebe","grandis","50ha","unlogged",NA,NA,"Genus",330,"BIEN"
"Phyllanthaceae species 1","Antidesma species 1","Phyllanthaceae","species 1","CP","logged",NA,"NR","NA",NA,"BIEN"
"Phyllanthus  borneensis","Phyllanthaceae","Phyllanthus ","borneensis","50ha","unlogged",NA,NA,"Genus",96.1842727272727,"BIEN"
"Phyllanthus  subscandens","Phyllanthaceae","Phyllanthus ","subscandens","CP, 50ha","both",NA,"AR, NR","Genus",96.1842727272727,"BIEN"
"Phyyanthus  lancisepalus","Phyllanthaceae","Phyyanthus ","lancisepalus","CP, 50ha","both",NA,"AR, NR","NA",NA,"BIEN"
"Planchonia brevistipitata","Lecythidaceae","Planchonia","brevistipitata","CP, 50ha","both",NA,"AR, NR","Family",3611.80207938462,"BIEN"
"Planchonia unknown","Lecythidaceae","Planchonia","unknown","50ha","unlogged",NA,NA,"Family",3611.80207938462,"BIEN"
"Planchonia unknown mixed","Lecythidaceae","Planchonia","unknown mixed","CP","logged",NA,"AR",NA,NA,NA
"Planchonia valida","Lecythidaceae","Planchonia","valida","50ha","unlogged",NA,NA,"Family",3611.80207938462,"BIEN"
"Polyalthia borneensis","Annonaceae","Polyalthia","borneensis","50ha","unlogged",NA,NA,"Genus",1811.77777777778,"BIEN"
"Polyalthia cauliflora","Annonaceae","Polyalthia","cauliflora","CP, 50ha","both",NA,"NR","Genus",1811.77777777778,"BIEN"
"Polyalthia insignis","Annonaceae","Polyalthia","insignis","50ha","unlogged",NA,NA,"Genus",1811.77777777778,"BIEN"
"Polyalthia microtus","Annonaceae","Polyalthia","microtus","50ha","unlogged",NA,NA,"Genus",1811.77777777778,"BIEN"
"Polyalthia obliqua","Annonaceae","Polyalthia","obliqua","CP, 50ha","both",NA,"NR","Genus",1811.77777777778,"BIEN"
"Polyalthia saprosma","Annonaceae","Polyalthia","saprosma","50ha","unlogged",NA,NA,"Genus",1811.77777777778,"BIEN"
"Polyalthia species 3","Annonaceae","Polyalthia","species 3","50ha","unlogged",NA,NA,"Genus",1811.77777777778,"BIEN"
"Polyosma integrifolia","Escalloniaceae","Polyosma","integrifolia","50ha","unlogged",NA,NA,"NA",NA,"BIEN"
"Pometia pinnata","Sapindaceae","Pometia","pinnata","CP, 50ha","both",NA,"AR, NR","Species",668.31,"Royal Botanical Gardens KEW. 2008. Seed Information Database (SID). Version 7.1. Available from: http://data.kew.org/sid/ (May 2008)., Royal Botanical Gardens KEW. Seed Information Database (SID), http://data.kew.org/sid/ accessed May 2014, Royal Botanical Gardens KEW. 2008. Seed Information Database (SID). Version 7.1. Available from: http://data.kew.org/sid/ (May 2011)., Royal Botanic Gardens Kew. (2019) Seed Information Database (SID). Version 7.1. Available from: http://data.kew.org/sid/ (06 2019)"
"Popowia hirta","Annonaceae","Popowia","hirta","50ha","unlogged",NA,NA,"Family",1341.40229068627,"BIEN"
"Popowia odoardi","Annonaceae","Popowia","odoardi","50ha","unlogged",NA,NA,"Family",1341.40229068627,"BIEN"
"Popowia pisocarpa","Annonaceae","Popowia","pisocarpa","50ha","unlogged",NA,NA,"Family",1341.40229068627,"BIEN"
"Popowia unknown mixed","Annonaceae","Popowia","unknown mixed","50ha","unlogged",NA,NA,NA,NA,NA
"Prainea limpato","Moraceae","Prainea","limpato","50ha","unlogged",NA,NA,"Family",416.30593131746,"BIEN"
"Praravinia suberosa","Rubiaceae","Praravinia","suberosa","50ha","unlogged",NA,NA,"Family",59.1893790915751,"BIEN"
"Praravinia unknown mixed","Rubiaceae","Praravinia","unknown mixed","50ha","unlogged",NA,NA,NA,NA,NA
"Praravinia verruculosa","Rubiaceae","Praravinia","verruculosa","50ha","unlogged",NA,NA,"Family",59.1893790915751,"BIEN"
"Prasoxylon alliaceum","Meliaceae","Prasoxylon","alliaceum","50ha","unlogged",NA,NA,"NA",NA,"BIEN"
"Prasoxylon excelsum","Meliaceae","Prasoxylon","excelsum","50ha","unlogged",NA,NA,"NA",NA,"BIEN"
"Prasoxylon rigidum","Meliaceae","Prasoxylon","rigidum","CP, 50ha","both",NA,"AR","NA",NA,"BIEN"
"Prismatomeris beccariana","Rubiaceae","Prismatomeris","beccariana","50ha","unlogged",NA,NA,"Family",59.1893790915751,"BIEN"
"Prismatomeris species 1","Rubiaceae","Prismatomeris","species 1","50ha","unlogged",NA,NA,"Family",59.1893790915751,"BIEN"
"Prunus polystachya","Rosaceae","Prunus","polystachya","CP","logged",NA,"AR","Species",1400,"Royal Botanical Gardens KEW. 2008. Seed Information Database (SID). Version 7.1. Available from: http://data.kew.org/sid/ (May 2008)., Royal Botanical Gardens KEW. Seed Information Database (SID), http://data.kew.org/sid/ accessed May 2014, Royal Botanical Gardens KEW. 2008. Seed Information Database (SID). Version 7.1. Available from: http://data.kew.org/sid/ (May 2011)., Royal Botanic Gardens Kew. (2019) Seed Information Database (SID). Version 7.1. Available from: http://data.kew.org/sid/ (06 2019)"
"Prunus unknown mixed","Rosaceae","Prunus","unknown mixed","CP","logged",NA,"AR",NA,NA,NA
"Pseuduvaria pamattonis","Annonaceae","Pseuduvaria","pamattonis","50ha","unlogged",NA,NA,"Family",1341.40229068627,"BIEN"
"Pseuduvaria reticulata","Annonaceae","Pseuduvaria","reticulata","CP, 50ha","both",NA,"no seedling data, AR, NR","Family",1341.40229068627,"BIEN"
"Psychotria species 1","Rubiaceae","Psychotria","species 1","50ha","unlogged",NA,NA,"Genus",127.916400080645,"BIEN"
"Psychotria species 2","Rubiaceae","Psychotria","species 2","50ha","unlogged",NA,NA,"Genus",127.916400080645,"BIEN"
"Psydrax dicoccos","Rubiaceae","Psydrax","dicoccos","CP, 50ha","both",NA,"AR, NR","Family",59.1893790915751,"BIEN"
"Pternandra coerulescens","Melastomataceae","Pternandra","coerulescens","CP, 50ha","both",NA,"AR, NR","Family",1071.53345183784,"BIEN"
"Pterospermum javanicum","Malvaceae","Pterospermum","javanicum","CP, 50ha, IF","both","ActiveRestoration","no seedling data, NR, AR","Family",881.714199688546,"BIEN"
"Pterospermum subpeltatum","Malvaceae","Pterospermum","subpeltatum","50ha","unlogged",NA,NA,"Family",881.714199688546,"BIEN"
"Pterospermum unknown mixed","Malvaceae","Pterospermum","unknown mixed","CP","logged",NA,"NR",NA,NA,NA
"Pterygota alata","Malvaceae","Pterygota","alata","CP","logged",NA,"NR","Species",627.43,"Royal Botanical Gardens KEW. 2008. Seed Information Database (SID). Version 7.1. Available from: http://data.kew.org/sid/ (May 2008)., Royal Botanical Gardens KEW. Seed Information Database (SID), http://data.kew.org/sid/ accessed May 2014, Moles, A. T., D. S. Falster, M. R. Leishman, and M. Westoby. 2004. Small-seeded species produce more seeds per square metre of canopy per year, but not per individual per lifetime. Journal of Ecology 92:384-396., Royal Botanical Gardens KEW. 2008. Seed Information Database (SID). Version 7.1. Available from: http://data.kew.org/sid/ (May 2011)., Royal Botanic Gardens Kew. (2019) Seed Information Database (SID). Version 7.1. Available from: http://data.kew.org/sid/ (06 2019)"
"Ptychopyxis arborea","Euphorbiaceae","Ptychopyxis","arborea","CP, 50ha","both",NA,"AR, NR","Family",119.998798464659,"BIEN"
"Putranjiva roxburghii","Putranjivaceae","Putranjiva","roxburghii","50ha","unlogged",NA,NA,"Species",568.18,"Royal Botanical Gardens KEW. 2008. Seed Information Database (SID). Version 7.1. Available from: http://data.kew.org/sid/ (May 2008)., Royal Botanical Gardens KEW. Seed Information Database (SID), http://data.kew.org/sid/ accessed May 2014, Royal Botanical Gardens KEW. 2008. Seed Information Database (SID). Version 7.1. Available from: http://data.kew.org/sid/ (May 2011)., Royal Botanic Gardens Kew. (2019) Seed Information Database (SID). Version 7.1. Available from: http://data.kew.org/sid/ (06 2019)"
"Pyrenaria acuminata","Theaceae","Pyrenaria","acuminata","50ha","unlogged",NA,NA,"Family",1118.061,"BIEN"
"Quercus argentata","Fagaceae","Quercus","argentata","50ha","unlogged",NA,NA,"Genus",2609.75332595616,"BIEN"
"Quercus unknown mixed","Fagaceae","Quercus","unknown mixed","50ha","unlogged",NA,NA,NA,NA,NA
"Reinwardtiodendron humile","Meliaceae","Reinwardtiodendron","humile","CP, 50ha","both",NA,"AR, NR","Family",704.921018041667,"BIEN"
"Rennellia borneensis","Rubiaceae","Rennellia","borneensis","50ha","unlogged",NA,NA,"Family",59.1893790915751,"BIEN"
"Richetia faguetiana","Dipterocarpaceae","Richetia","faguetiana","CP, 50ha","both",NA,"AR, NR","NA",NA,"BIEN"
"Ridsdalea pseudoternifolia","Rubiaceae","Ridsdalea","pseudoternifolia","CP, 50ha","both",NA,"AR","Family",59.1893790915751,"BIEN"
"Rinorea bengalensis","Violaceae","Rinorea","bengalensis","50ha","unlogged",NA,NA,"Family",1.87513677118644,"BIEN"
"Rinorea congesta","Violaceae","Rinorea","congesta","50ha","unlogged",NA,NA,"Family",1.87513677118644,"BIEN"
"Rinorea unknown","Violaceae","Rinorea","unknown","50ha","unlogged",NA,NA,"Family",1.87513677118644,"BIEN"
"Rubroshorea argentifolia","Dipterocarpaceae","Rubroshorea","argentifolia","CP, 50ha","both",NA,"AR, NR","NA",NA,"BIEN"
"Rubroshorea beccariana","Dipterocarpaceae","Rubroshorea","beccariana","CP","logged",NA,"AR, NR","NA",NA,"BIEN"
"Rubroshorea fallax","Dipterocarpaceae","Rubroshorea","fallax","CP, IF","logged","NaturalRegeneration","AR, NR","NA",NA,"BIEN"
"Rubroshorea gibbosa","Dipterocarpaceae","Rubroshorea","gibbosa","CP, 50ha, IF","both","ActiveRestoration, NaturalRegeneration","AR, no seedling data, NR","NA",NA,"BIEN"
"Rubroshorea johorensis","Dipterocarpaceae","Rubroshorea","johorensis","CP, 50ha, IF","both","ActiveRestoration, NaturalRegeneration","AR, NR, no seedling data","NA",NA,"BIEN"
"Rubroshorea leprosula","Dipterocarpaceae","Rubroshorea","leprosula","CP, 50ha, IF","both","ActiveRestoration","AR, NR","NA",NA,"BIEN"
"Rubroshorea macrophylla","Dipterocarpaceae","Rubroshorea","macrophylla","CP, IF","logged","ActiveRestoration","AR, NR","NA",NA,"BIEN"
"Rubroshorea macroptera","Dipterocarpaceae","Rubroshorea","macroptera","CP","logged",NA,"AR, NR","NA",NA,"BIEN"
"Rubroshorea mecistopteryx","Dipterocarpaceae","Rubroshorea","mecistopteryx","CP","logged",NA,"AR","NA",NA,"BIEN"
"Rubroshorea ovalis","Dipterocarpaceae","Rubroshorea","ovalis","CP","logged",NA,"AR, NR","NA",NA,"BIEN"
"Rubroshorea ovata","Dipterocarpaceae","Rubroshorea","ovata","CP","logged",NA,"NR","NA",NA,"BIEN"
"Rubroshorea parvifolia","Dipterocarpaceae","Rubroshorea","parvifolia","CP, 50ha, IF","both","ActiveRestoration, NaturalRegeneration","AR, NR","NA",NA,"BIEN"
"Rubroshorea pauciflora","Dipterocarpaceae","Rubroshorea","pauciflora","CP, 50ha, IF","both","ActiveRestoration, NaturalRegeneration","AR, NR, no seedling data","NA",NA,"BIEN"
"Ryparosa acuminata","Achariaceae","Ryparosa","acuminata","CP, 50ha","both",NA,"AR, NR","Family",576.8788,"BIEN"
"Ryparosa hullettii","Achariaceae","Ryparosa","hullettii","CP, 50ha","both",NA,"AR","Family",576.8788,"BIEN"
"Ryparosa unknown mixed","Achariaceae","Ryparosa","unknown mixed","50ha","unlogged",NA,NA,NA,NA,NA
"Sageraea elliptica","Annonaceae","Sageraea","elliptica","CP","logged",NA,"AR, NR","Species",487.8,"Royal Botanical Gardens KEW. 2008. Seed Information Database (SID). Version 7.1. Available from: http://data.kew.org/sid/ (May 2008)., Royal Botanical Gardens KEW. Seed Information Database (SID), http://data.kew.org/sid/ accessed May 2014, Royal Botanical Gardens KEW. 2008. Seed Information Database (SID). Version 7.1. Available from: http://data.kew.org/sid/ (May 2011)., Royal Botanic Gardens Kew. (2019) Seed Information Database (SID). Version 7.1. Available from: http://data.kew.org/sid/ (06 2019)"
"Sageraea lanceolata","Annonaceae","Sageraea","lanceolata","50ha","unlogged",NA,NA,"Family",1341.40229068627,"BIEN"
"Sageraea sarawakensis","Annonaceae","Sageraea","sarawakensis","50ha","unlogged",NA,NA,"Family",1341.40229068627,"BIEN"
"Santiria laevigata","Burseraceae","Santiria","laevigata","CP, 50ha","both",NA,"NR, AR","Family",2816.2775,"BIEN"
"Santiria species 1","Burseraceae","Santiria","species 1","50ha","unlogged",NA,NA,"Family",2816.2775,"BIEN"
"Santiria tomentosa","Burseraceae","Santiria","tomentosa","CP, 50ha","both",NA,"AR","Species",830,"Royal Botanical Gardens KEW. 2008. Seed Information Database (SID). Version 7.1. Available from: http://data.kew.org/sid/ (May 2008)., Royal Botanical Gardens KEW. Seed Information Database (SID), http://data.kew.org/sid/ accessed May 2014, Moles, A. T., D. S. Falster, M. R. Leishman, and M. Westoby. 2004. Small-seeded species produce more seeds per square metre of canopy per year, but not per individual per lifetime. Journal of Ecology 92:384-396., Royal Botanical Gardens KEW. 2008. Seed Information Database (SID). Version 7.1. Available from: http://data.kew.org/sid/ (May 2011)., Royal Botanic Gardens Kew. (2019) Seed Information Database (SID). Version 7.1. Available from: http://data.kew.org/sid/ (06 2019)"
"Saraca declinata","Fabaceae","Saraca","declinata","50ha","unlogged",NA,NA,"Family",273.929465733062,"BIEN"
"Saurauia agamae","Actinidiaceae","Saurauia","agamae","50ha","unlogged",NA,NA,"Family",1.66333333333333,"BIEN"
"Saurauia sp","Actinidiaceae","Saurauia","sp","50ha","unlogged",NA,NA,"Family",1.66333333333333,"BIEN"
"Saurauia unknown mixed","Actinidiaceae","Saurauia","unknown mixed","50ha","unlogged",NA,NA,NA,NA,NA
"Scaphium longiflorum","Malvaceae","Scaphium","longiflorum","CP","logged",NA,"AR, NR","Family",881.714199688546,"BIEN"
"Scaphium macropodum","Malvaceae","Scaphium","macropodum","CP, 50ha","both",NA,"AR, NR","Species",2210,"Royal Botanical Gardens KEW. 2008. Seed Information Database (SID). Version 7.1. Available from: http://data.kew.org/sid/ (May 2008)., Royal Botanical Gardens KEW. Seed Information Database (SID), http://data.kew.org/sid/ accessed May 2014, Royal Botanical Gardens KEW. 2008. Seed Information Database (SID). Version 7.1. Available from: http://data.kew.org/sid/ (May 2011)., Royal Botanic Gardens Kew. (2019) Seed Information Database (SID). Version 7.1. Available from: http://data.kew.org/sid/ (06 2019)"
"Scaphium unknown mixed","Malvaceae","Scaphium","unknown mixed","CP","logged",NA,"NR",NA,NA,NA
"Scleropyrum pentandrum","Santalaceae","Scleropyrum","pentandrum","50ha","unlogged",NA,NA,"Family",137.20475862069,"BIEN"
"Scorodocarpus borneensis","Olacaceae","Scorodocarpus","borneensis","CP, 50ha","both",NA,"AR, NR","Family",774.215142857143,"BIEN"
"Semecarpus bunburyanus","Anacardiaceae","Semecarpus","bunburyanus","CP, 50ha","both",NA,"NR","Genus",1111,"BIEN"
"Shorea atrinervosa","Dipterocarpaceae","Shorea","atrinervosa","CP, 50ha","both",NA,"AR, NR","Genus",3763.05833333333,"BIEN"
"Shorea leptoderma","Dipterocarpaceae","Shorea","leptoderma","50ha","unlogged",NA,NA,"Species",540,"Royal Botanical Gardens KEW. 2008. Seed Information Database (SID). Version 7.1. Available from: http://data.kew.org/sid/ (May 2008)., Royal Botanical Gardens KEW. Seed Information Database (SID), http://data.kew.org/sid/ accessed May 2014, Royal Botanical Gardens KEW. 2008. Seed Information Database (SID). Version 7.1. Available from: http://data.kew.org/sid/ (May 2011)., Royal Botanic Gardens Kew. (2019) Seed Information Database (SID). Version 7.1. Available from: http://data.kew.org/sid/ (06 2019)"
"Shorea seminis","Dipterocarpaceae","Shorea","seminis","CP, 50ha","both",NA,"AR, NR","Genus",3763.05833333333,"BIEN"
"Shorea sp","Dipterocarpaceae","Shorea","sp","CP","logged",NA,"AR","Genus",3763.05833333333,"BIEN"
"Shorea superba","Dipterocarpaceae","Shorea","superba","CP, 50ha","both",NA,"AR, NR","Genus",3763.05833333333,"BIEN"
"Shorea unknown mixed","Dipterocarpaceae","Shorea","unknown mixed","CP, 50ha","both",NA,"AR, NR, no seedling data",NA,NA,NA
"Sindora irpicina","Fabaceae","Sindora","irpicina","CP, 50ha","both",NA,"AR, NR","Family",273.929465733062,"BIEN"
"Sloanea javanica","Elaeocarpaceae","Sloanea","javanica","50ha","unlogged",NA,NA,"Genus",105.966666666667,"BIEN"
"Spathiostemon javensis","Euphorbiaceae","Spathiostemon","javensis","CP, 50ha","both",NA,"AR, NR","Family",119.998798464659,"BIEN"
"Stemonurus grandifolius","Stemonuraceae","Stemonurus","grandifolius","CP, 50ha","both",NA,"AR, NR","NA",NA,"BIEN"
"Stemonurus malaccensis","Stemonuraceae","Stemonurus","malaccensis","50ha","unlogged",NA,NA,"Species",5000,"Royal Botanical Gardens KEW. 2008. Seed Information Database (SID). Version 7.1. Available from: http://data.kew.org/sid/ (May 2008)., Royal Botanical Gardens KEW. Seed Information Database (SID), http://data.kew.org/sid/ accessed May 2014, Moles, A. T., D. S. Falster, M. R. Leishman, and M. Westoby. 2004. Small-seeded species produce more seeds per square metre of canopy per year, but not per individual per lifetime. Journal of Ecology 92:384-396., Royal Botanic Gardens Kew. (2019) Seed Information Database (SID). Version 7.1. Available from: http://data.kew.org/sid/ (06 2019)"
"Stemonurus scorpioides","Stemonuraceae","Stemonurus","scorpioides","CP, 50ha","both",NA,"NR, AR","NA",NA,"BIEN"
"Stemonurus unknown mixed","Stemonuraceae","Stemonurus","unknown mixed","CP, 50ha","both",NA,"AR",NA,NA,NA
"Sterculia cordata","Malvaceae","Sterculia","cordata","CP, 50ha","both",NA,"AR","Genus",819.743785114286,"BIEN"
"Sterculia lanceolata","Malvaceae","Sterculia","lanceolata","50ha","unlogged",NA,NA,"Species",367.78,"Royal Botanical Gardens KEW. 2008. Seed Information Database (SID). Version 7.1. Available from: http://data.kew.org/sid/ (May 2008)., Royal Botanical Gardens KEW. Seed Information Database (SID), http://data.kew.org/sid/ accessed May 2014, Moles, A. T., D. S. Falster, M. R. Leishman, and M. Westoby. 2004. Small-seeded species produce more seeds per square metre of canopy per year, but not per individual per lifetime. Journal of Ecology 92:384-396., Royal Botanical Gardens KEW. 2008. Seed Information Database (SID). Version 7.1. Available from: http://data.kew.org/sid/ (May 2011)., Royal Botanic Gardens Kew. (2019) Seed Information Database (SID). Version 7.1. Available from: http://data.kew.org/sid/ (06 2019)"
"Sterculia rubiginosa","Malvaceae","Sterculia","rubiginosa","50ha","unlogged",NA,NA,"Genus",819.743785114286,"BIEN"
"Sterculia stipulata","Malvaceae","Sterculia","stipulata","50ha","unlogged",NA,NA,"Species",300,"Royal Botanical Gardens KEW. 2008. Seed Information Database (SID). Version 7.1. Available from: http://data.kew.org/sid/ (May 2008)., Royal Botanical Gardens KEW. Seed Information Database (SID), http://data.kew.org/sid/ accessed May 2014, Moles, A. T., D. S. Falster, M. R. Leishman, and M. Westoby. 2004. Small-seeded species produce more seeds per square metre of canopy per year, but not per individual per lifetime. Journal of Ecology 92:384-396., Royal Botanical Gardens KEW. 2008. Seed Information Database (SID). Version 7.1. Available from: http://data.kew.org/sid/ (May 2011)., Royal Botanic Gardens Kew. (2019) Seed Information Database (SID). Version 7.1. Available from: http://data.kew.org/sid/ (06 2019)"
"Sterculia unknown mixed","Malvaceae","Sterculia","unknown mixed","50ha","unlogged",NA,NA,NA,NA,NA
"Strombosia ceylanica","Olacaceae","Strombosia","ceylanica","50ha","unlogged",NA,NA,"Family",774.215142857143,"BIEN"
"Suregada multiflora","Euphorbiaceae","Suregada","multiflora","50ha","unlogged",NA,NA,"Species",124,"Royal Botanic Gardens Kew. (2019) Seed Information Database (SID). Version 7.1. Available from: http://data.kew.org/sid/ (06 2019)"
"Sympetalandra unijuga","Fabaceae","Sympetalandra","unijuga","CP","logged",NA,"NR, AR","Family",273.929465733062,"BIEN"
"Symplocos fasciculata","Symplocaceae","Symplocos","fasciculata","CP, 50ha","both",NA,"AR, NR","Genus",200,"BIEN"
"Symplocos odoratissima","Symplocaceae","Symplocos","odoratissima","50ha","unlogged",NA,NA,"Genus",200,"BIEN"
"Symplocos unknown mixed","Symplocaceae","Symplocos","unknown mixed","CP","logged",NA,"AR",NA,NA,NA
"Syzygium barringtonioides","Myrtaceae","Syzygium","barringtonioides","50ha","unlogged",NA,NA,"Genus",4119.74672716827,"BIEN"
"Syzygium christmannii","Myrtaceae","Syzygium","christmannii","50ha","unlogged",NA,NA,"Genus",4119.74672716827,"BIEN"
"Syzygium creaghii","Myrtaceae","Syzygium","creaghii","50ha","unlogged",NA,NA,"Genus",4119.74672716827,"BIEN"
"Syzygium elliptilimbum","Myrtaceae","Syzygium","elliptilimbum","50ha","unlogged",NA,NA,"Genus",4119.74672716827,"BIEN"
"Syzygium elopurae","Myrtaceae","Syzygium","elopurae","50ha","unlogged",NA,NA,"Genus",4119.74672716827,"BIEN"
"Syzygium fastigiatum","Myrtaceae","Syzygium","fastigiatum","50ha","unlogged",NA,NA,"Genus",4119.74672716827,"BIEN"
"Syzygium hirtum","Myrtaceae","Syzygium","hirtum","CP, 50ha","both",NA,"AR","Genus",4119.74672716827,"BIEN"
"Syzygium imperiale","Myrtaceae","Syzygium","imperiale","50ha","unlogged",NA,NA,"Genus",4119.74672716827,"BIEN"
"Syzygium kiauense","Myrtaceae","Syzygium","kiauense","50ha","unlogged",NA,NA,"Genus",4119.74672716827,"BIEN"
"Syzygium kunstleri","Myrtaceae","Syzygium","kunstleri","50ha","unlogged",NA,NA,"Genus",4119.74672716827,"BIEN"
"Syzygium leptostemon","Myrtaceae","Syzygium","leptostemon","50ha","unlogged",NA,NA,"Genus",4119.74672716827,"BIEN"
"Syzygium panzeri","Myrtaceae","Syzygium","panzeri","50ha","unlogged",NA,NA,"Genus",4119.74672716827,"BIEN"
"Syzygium penibukanense","Myrtaceae","Syzygium","penibukanense","50ha","unlogged",NA,NA,"Genus",4119.74672716827,"BIEN"
"Syzygium pustulatum","Myrtaceae","Syzygium","pustulatum","50ha","unlogged",NA,NA,"Genus",4119.74672716827,"BIEN"
"Syzygium scortechinii","Myrtaceae","Syzygium","scortechinii","50ha","unlogged",NA,NA,"Genus",4119.74672716827,"BIEN"
"Syzygium tawahense","Myrtaceae","Syzygium","tawahense","50ha","unlogged",NA,NA,"Genus",4119.74672716827,"BIEN"
"Syzygium unknown mixed","Myrtaceae","Syzygium","unknown mixed","CP, 50ha","both",NA,"AR, NR, no seedling data",NA,NA,NA
"Tabernaemontana macrocarpa","Apocynaceae","Tabernaemontana","macrocarpa","50ha","unlogged",NA,NA,"Genus",120.854673565217,"BIEN"
"Tabernaemontana pauciflora","Apocynaceae","Tabernaemontana","pauciflora","50ha","unlogged",NA,NA,"Genus",120.854673565217,"BIEN"
"Tabernaemontana unknown mixed","Apocynaceae","Tabernaemontana","unknown mixed","50ha","unlogged",NA,NA,NA,NA,NA
"Teijsmanniodendron bogoriense","Lamiaceae","Teijsmanniodendron","bogoriense","50ha","unlogged",NA,NA,"Family",25.4065073459038,"BIEN"
"Teijsmanniodendron pteropodum","Lamiaceae","Teijsmanniodendron","pteropodum","CP","logged",NA,"AR","Family",25.4065073459038,"BIEN"
"Teijsmanniodendron unknown mixed","Lamiaceae","Teijsmanniodendron","unknown mixed","CP","logged",NA,"AR, NR",NA,NA,NA
"Terminalia citrina","Combretaceae","Terminalia","citrina","50ha","unlogged",NA,NA,"Species",123.46,"Royal Botanical Gardens KEW. 2008. Seed Information Database (SID). Version 7.1. Available from: http://data.kew.org/sid/ (May 2008)., Royal Botanical Gardens KEW. Seed Information Database (SID), http://data.kew.org/sid/ accessed May 2014, Royal Botanical Gardens KEW. 2008. Seed Information Database (SID). Version 7.1. Available from: http://data.kew.org/sid/ (May 2011)., Royal Botanic Gardens Kew. (2019) Seed Information Database (SID). Version 7.1. Available from: http://data.kew.org/sid/ (06 2019)"
"Terminalia ivorensis","Combretaceae","Terminalia","ivorensis","50ha","unlogged",NA,NA,"Species",133.38,"Royal Botanical Gardens KEW. 2008. Seed Information Database (SID). Version 7.1. Available from: http://data.kew.org/sid/ (May 2008)., Royal Botanical Gardens KEW. Seed Information Database (SID), http://data.kew.org/sid/ accessed May 2014, Royal Botanical Gardens KEW. 2008. Seed Information Database (SID). Version 7.1. Available from: http://data.kew.org/sid/ (May 2011)., Royal Botanic Gardens Kew. (2019) Seed Information Database (SID). Version 7.1. Available from: http://data.kew.org/sid/ (06 2019)"
"Terminalia phellocarpa","Combretaceae","Terminalia","phellocarpa","50ha","unlogged",NA,NA,"Genus",1076.30982319658,"BIEN"
"Terminalia species 1","Combretaceae","Terminalia","species 1","50ha","unlogged",NA,NA,"Genus",1076.30982319658,"BIEN"
"Terminalia species 2","Combretaceae","Terminalia","species 2","50ha","unlogged",NA,NA,"Genus",1076.30982319658,"BIEN"
"Timonius lasianthoides","Rubiaceae","Timonius","lasianthoides","50ha","unlogged",NA,NA,"Genus",4.4,"BIEN"
"Timonius wallichianus","Rubiaceae","Timonius","wallichianus","50ha","unlogged",NA,NA,"Species",4.4,"Royal Botanical Gardens KEW. 2008. Seed Information Database (SID). Version 7.1. Available from: http://data.kew.org/sid/ (May 2008)., Royal Botanical Gardens KEW. Seed Information Database (SID), http://data.kew.org/sid/ accessed May 2014, Royal Botanical Gardens KEW. 2008. Seed Information Database (SID). Version 7.1. Available from: http://data.kew.org/sid/ (May 2011)., Royal Botanic Gardens Kew. (2019) Seed Information Database (SID). Version 7.1. Available from: http://data.kew.org/sid/ (06 2019)"
"Triomma malaccensis","Burseraceae","Triomma","malaccensis","CP, 50ha","both",NA,"NR","Family",2816.2775,"BIEN"
"Tritaxis denticulata","Euphorbiaceae","Tritaxis","denticulata","CP, 50ha","both",NA,"NR","Family",119.998798464659,"BIEN"
"Unknown species 8","Annonaceae","Unknown","species 8","CP","logged",NA,"NR","NA",NA,"BIEN"
"Unknown unknown mixed","Annonaceae","Unknown","unknown mixed","CP","logged",NA,"AR, NR",NA,NA,NA
"Urophyllum  corymbosum","Rubiaceae","Urophyllum ","corymbosum","CP","logged",NA,"AR","Family",59.1893790915751,"BIEN"
"Urophyllum sandahanicum","Rubiaceae","Urophyllum","sandahanicum","CP, 50ha","both",NA,"AR, NR","Family",59.1893790915751,"BIEN"
"Urophyllum  glabrum","Rubiaceae","Urophyllum ","glabrum","CP","logged",NA,"NR",NA,NA,NA
"Urophyllum  unknown mixed","Rubiaceae","Urophyllum ","unknown mixed","CP","logged",NA,"AR",NA,NA,NA
"Utania cuspidata","Gentianaceae","Utania","cuspidata","CP, 50ha","both",NA,"AR","NA",NA,"BIEN"
"Vatica albiramis","Dipterocarpaceae","Vatica","albiramis","CP, 50ha","both",NA,"AR","Family",4086.875,"BIEN"
"Vatica chartacea","Dipterocarpaceae","Vatica","chartacea","50ha","unlogged",NA,NA,"Family",4086.875,"BIEN"
"Vatica dulitensis","Dipterocarpaceae","Vatica","dulitensis","CP","logged",NA,"AR, NR","Family",4086.875,"BIEN"
"Vatica oblongifolia","Dipterocarpaceae","Vatica","oblongifolia","50ha","unlogged",NA,NA,"Family",4086.875,"BIEN"
"Vatica sarawakensis","Dipterocarpaceae","Vatica","sarawakensis","CP, 50ha","both",NA,"AR","Family",4086.875,"BIEN"
"Vatica umbonata","Dipterocarpaceae","Vatica","umbonata","50ha","unlogged",NA,NA,"Family",4086.875,"BIEN"
"Vitex pinnata","Lamiaceae","Vitex","pinnata","CP, 50ha","both",NA,"AR, NR","Species",95,"BIEN"
"Walsura pachycaulon","Meliaceae","Walsura","pachycaulon","50ha","unlogged",NA,NA,"Family",704.921018041667,"BIEN"
"Walsura pinnata","Meliaceae","Walsura","pinnata","CP, 50ha","both",NA,"AR, NR","Family",704.921018041667,"BIEN"
"Walsura species 1","Meliaceae","Walsura","species 1","50ha","unlogged",NA,NA,"Family",704.921018041667,"BIEN"
"Xanthophyllum adenotus","Polygalaceae","Xanthophyllum","adenotus","50ha","unlogged",NA,NA,"Family",25.6287764666667,"BIEN"
"Xanthophyllum flavescens","Polygalaceae","Xanthophyllum","flavescens","CP, 50ha","both",NA,"AR, NR","Family",25.6287764666667,"BIEN"
"Xanthophyllum pachycarpon","Polygalaceae","Xanthophyllum","pachycarpon","50ha","unlogged",NA,NA,"Family",25.6287764666667,"BIEN"
"Xanthophyllum reticulatum","Polygalaceae","Xanthophyllum","reticulatum","50ha","unlogged",NA,NA,"Family",25.6287764666667,"BIEN"
"Xanthophyllum species 1","Polygalaceae","Xanthophyllum","species 1","50ha","unlogged",NA,NA,"Family",25.6287764666667,"BIEN"
"Xanthophyllum species 2","Polygalaceae","Xanthophyllum","species 2","50ha","unlogged",NA,NA,"Family",25.6287764666667,"BIEN"
"Xanthophyllum species 3","Polygalaceae","Xanthophyllum","species 3","50ha","unlogged",NA,NA,"Family",25.6287764666667,"BIEN"
"Xanthophyllum species 4","Polygalaceae","Xanthophyllum","species 4","50ha","unlogged",NA,NA,"Family",25.6287764666667,"BIEN"
"Xanthophyllum species 5","Polygalaceae","Xanthophyllum","species 5","50ha","unlogged",NA,NA,"Family",25.6287764666667,"BIEN"
"Xanthophyllum species 6","Polygalaceae","Xanthophyllum","species 6","50ha","unlogged",NA,NA,"Family",25.6287764666667,"BIEN"
"Xanthophyllum species 7","Polygalaceae","Xanthophyllum","species 7","50ha","unlogged",NA,NA,"Family",25.6287764666667,"BIEN"
"Xanthophyllum unknown mixed","Polygalaceae","Xanthophyllum","unknown mixed","CP","logged",NA,"AR, NR",NA,NA,NA
"Xanthophyllum vitellinum","Polygalaceae","Xanthophyllum","vitellinum","50ha","unlogged",NA,NA,"Family",25.6287764666667,"BIEN"
"Xylopia ferruginea","Annonaceae","Xylopia","ferruginea","CP, 50ha","both",NA,"AR","Genus",101.70275,"BIEN"
"Ziziphus augustifolia","Rhamnaceae","Ziziphus","augustifolia","CP, 50ha","both",NA,"AR, NR","Genus",695.024418571429,"BIEN"
"unknown unknown","Magnoliaceae","unknown","unknown","CP","logged",NA,"NR, AR","NA",NA,"BIEN"
"unknown unknown mixed","Magnoliaceae","unknown","unknown mixed","CP","logged",NA,"NR","NA",NA,"BIEN"
