"PlotNo","restoration","binomial_name","Family","Genus","Species","DBH.mm","Height_m","species_origin"
"1D","AR","Koilodepas longifolium","EUPHORBIACEAE","Koilodepas","longifolium",119,8.8,"CP"
"1D","AR","Macaranga hypoleuca","EUPHORBIACEAE","Macaranga","hypoleuca",578,33.4,"CP"
"1D","AR","Syzygium unknown mixed","MYRTACEAE","Syzygium","unknown mixed",294,28.1,"CP"
"1D","AR","Ardisia  colorata","PRIMULACEAE","Ardisia ","colorata",121,19.7,"CP"
"1D","AR","Koilodepas longifolium","EUPHORBIACEAE","Koilodepas","longifolium",186,12,"CP"
"1D","AR","Scorodocarpus borneensis","OLACACEAE","Scorodocarpus","borneensis",313,33.6,"CP"
"1D","AR","Shorea mecistopteryx","DIPTEROCARPACEAE","Shorea","mecistopteryx",1195,55.9,"CP"
"1D","AR","Canarium unknown mixed","BURSERACEAE","Canarium","unknown mixed",121,14,"CP"
"1D","AR","Ochanostachys amentacea","OLACACEAE","Ochanostachys","amentacea",241,26.2,"CP"
"1D","AR","Madhuca kingiana","SAPOTACEAE","Madhuca","kingiana",455,39.2,"CP"
"1D","AR","Mallotus penangensis","EUPHORBIACEAE","Mallotus","penangensis",124,15.2,"CP"
"1D","AR","Neoscortechinia kingii","EUPHORBIACEAE","Neoscortechinia","kingii",141,17.8,"CP"
"1D","AR","Scorodocarpus borneensis","OLACACEAE","Scorodocarpus","borneensis",135,17,"CP"
"1D","AR","Litsea unknown mixed","LAURACEAE","Litsea","unknown mixed",257,22.3,"CP"
"1D","AR","Mallotus penangensis","EUPHORBIACEAE","Mallotus","penangensis",147,17.9,"CP"
"1D","AR","Mallotus penangensis","EUPHORBIACEAE","Mallotus","penangensis",168,18.6,"CP"
"1D","AR","Lithocarpus gracilis","FAGACEAE","Lithocarpus","gracilis",137,13,"CP"
"1D","AR","Maasia sumatrana","ANNONACEAE","Maasia","sumatrana",286,27.9,"CP"
"1D","AR","Baccaurea unknown mixed","PHYLLANTHACEAE","Baccaurea","unknown mixed",202,12,"CP"
"1D","AR","Dipterocarpus applanatus","DIPTEROCARPACEAE","Dipterocarpus","applanatus",906,54.9,"CP"
"1D","AR","Hopea ferruginea","DIPTEROCARPACEAE","Hopea","ferruginea",291,38.3,"CP"
"1D","AR","Koilodepas longifolium","EUPHORBIACEAE","Koilodepas","longifolium",113,12.8,"CP"
"1D","AR","Macaranga hypoleuca","EUPHORBIACEAE","Macaranga","hypoleuca",450,36,"CP"
"1D","AR","Shorea macrophylla","DIPTEROCARPACEAE","Shorea","macrophylla",111,9.7,"CP"
"1D","AR","Koilodepas longifolium","EUPHORBIACEAE","Koilodepas","longifolium",147,19.2,"CP"
"1D","AR","Dehaasia caesia","LAURACEAE","Dehaasia","caesia",601,29.2,"CP"
"1D","AR","Drypetes unknown mixed","PUTRANJIVACEAE","Drypetes","unknown mixed",174,11.2,"CP"
"1D","AR","Mallotus penangensis","EUPHORBIACEAE","Mallotus","penangensis",201,16,"CP"
"1D","AR","Dipterocarpus caudiferus","DIPTEROCARPACEAE","Dipterocarpus","caudiferus",140,14.3,"CP"
"1D","AR","Scaphium longifolium","MALVACEAE","Scaphium","longifolium",175,18,"CP"
"1D","AR","Knema laurina","MYRISTICACEAE","Knema","laurina",195,19.7,"CP"
"1D","AR","Macaranga gigantea","EUPHORBIACEAE","Macaranga","gigantea",424,24,"CP"
"1D","AR","Macaranga gigantea","EUPHORBIACEAE","Macaranga","gigantea",346,26.2,"CP"
"1D","AR","Diospyros unknown mixed","EBENACEAE","Diospyros","unknown mixed",139,16.7,"CP"
"1D","AR","Mallotus penangensis","EUPHORBIACEAE","Mallotus","penangensis",127,13.8,"CP"
"1D","AR","Spathiostemon javensis","EUPHORBIACEAE","Spathiostemon","javensis",223,21.7,"CP"
"1D","AR","Macaranga gigantea","EUPHORBIACEAE","Macaranga","gigantea",382,29.9,"CP"
"1D","AR","Lithocarpus unknown mixed","FAGACEAE","Lithocarpus","unknown mixed",236,21.2,"CP"
"1D","AR","Mallotus penangensis","EUPHORBIACEAE","Mallotus","penangensis",127,20.6,"CP"
"1D","AR","Shorea macrophylla","DIPTEROCARPACEAE","Shorea","macrophylla",156,24.6,"CP"
"1D","AR","Macaranga gigantea","EUPHORBIACEAE","Macaranga","gigantea",326,32,"CP"
"1D","AR","Macaranga gigantea","EUPHORBIACEAE","Macaranga","gigantea",465,30.8,"CP"
"1D","AR","Knema elmeri","MYRISTICACEAE","Knema","elmeri",152,17.9,"CP"
"1D","AR","Dehaasia caesia","LAURACEAE","Dehaasia","caesia",336,28,"CP"
"1D","AR","Lithocarpus gracilis","FAGACEAE","Lithocarpus","gracilis",157,21,"CP"
"1D","AR","Macaranga gigantea","EUPHORBIACEAE","Macaranga","gigantea",325,23.2,"CP"
"1D","AR","Macaranga gigantea","EUPHORBIACEAE","Macaranga","gigantea",308,30.8,"CP"
"1D","AR","Microcos ossea","MALVACEAE","Microcos","ossea",166,14.2,"CP"
"1D","AR","Macaranga pearsonii","EUPHORBIACEAE","Macaranga","pearsonii",589,33.8,"CP"
"1D","AR","Macaranga pearsonii","EUPHORBIACEAE","Macaranga","pearsonii",513,38.2,"CP"
"1D","AR","Shorea macroptera","DIPTEROCARPACEAE","Shorea","macroptera",188,27,"CP"
"1D","AR","Pentace laxiflora","MALVACEAE","Pentace","laxiflora",182,27.8,"CP"
"1D","AR","Shorea macroptera","DIPTEROCARPACEAE","Shorea","macroptera",147,15.1,"CP"
"1D","AR","Shorea macrophylla","DIPTEROCARPACEAE","Shorea","macrophylla",117,7,"CP"
"1D","AR","Dryobalanops lanceolata","DIPTEROCARPACEAE","Dryobalanops","lanceolata",214,18.5,"CP"
"1D","AR","Shorea parvifolia","DIPTEROCARPACEAE","Shorea","parvifolia",268,29.9,"CP"
"1D","AR","Dipterocarpus applanatus","DIPTEROCARPACEAE","Dipterocarpus","applanatus",211,39.2,"CP"
"1D","AR","Artocarpus heterophyllus","MORACEAE","Artocarpus","heterophyllus",496,28.8,"CP"
"1D","AR","Spathiostemon javensis","EUPHORBIACEAE","Spathiostemon","javensis",171,17.8,"CP"
"1D","AR","Shorea parvifolia","DIPTEROCARPACEAE","Shorea","parvifolia",270,23,"CP"
"1D","AR","Durio unknown mixed","MALVACEAE","Durio","unknown mixed",122,14.3,"CP"
"1D","AR","Scorodocarpus borneensis","OLACACEAE","Scorodocarpus","borneensis",180,14,"CP"
"1D","AR","Crudia tenuipes","FABACEAE","Crudia","tenuipes",145,16,"CP"
"1D","AR","Shorea leprosula","DIPTEROCARPACEAE","Shorea","leprosula",128,28.7,"CP"
"1D","AR","Teijsmanniodendron unknown mixed","LAMIACEAE","Teijsmanniodendron","unknown mixed",174,16.2,"CP"
"1D","AR","Shorea parvifolia","DIPTEROCARPACEAE","Shorea","parvifolia",744,54.1,"CP"
"1D","AR","Neolamarckia cadamba","RUBIACEAE","Neolamarckia","cadamba",228,46.4,"CP"
"1D","AR","Shorea pauciflora","DIPTEROCARPACEAE","Shorea","pauciflora",221,31.2,"CP"
"1D","AR","Spathiostemon javensis","EUPHORBIACEAE","Spathiostemon","javensis",118,12.3,"CP"
"1D","AR","Maasia sumatrana","ANNONACEAE","Maasia","sumatrana",283,30.7,"CP"
"1D","AR","Lithocarpus leptogyne","FAGACEAE","Lithocarpus","leptogyne",339,28.9,"CP"
"1D","AR","Dipterocarpus unknown mixed","DIPTEROCARPACEAE","Dipterocarpus","unknown mixed",653,50.3,"CP"
"1D","AR","Unknown unknown mixed","ANNONACEAE","Unknown","unknown mixed",227,35.1,"CP"
"1D","AR","Scaphium longifolium","MALVACEAE","Scaphium","longifolium",391,32.3,"CP"
"1D","AR","Shorea unknown mixed","DIPTEROCARPACEAE","Shorea","unknown mixed",749,43.8,"CP"
"1D","AR","Mallotus stipularis","EUPHORBIACEAE","Mallotus","stipularis",139,13.2,"CP"
"1D","AR","Shorea parvifolia","DIPTEROCARPACEAE","Shorea","parvifolia",1085,48.7,"CP"
"1D","AR","Xanthophyllum unknown mixed","POLYGALACEAE","Xanthophyllum","unknown mixed",145,18.7,"CP"
"1D","AR","Unknown unknown mixed","ANNONACEAE","Unknown","unknown mixed",353,32.8,"CP"
"1D","AR","Parashorea malaanonan","DIPTEROCARPACEAE","Parashorea","malaanonan",156,15.5,"CP"
"1D","AR","Dipterocarpus applanatus","DIPTEROCARPACEAE","Dipterocarpus","applanatus",197,16,"CP"
"1D","AR","Ficus unknown mixed","MORACEAE","Ficus","unknown mixed",142,16.8,"CP"
"1D","AR","Madhuca kingiana","SAPOTACEAE","Madhuca","kingiana",131,15.9,"CP"
"1D","AR","Shorea parvifolia","DIPTEROCARPACEAE","Shorea","parvifolia",642,42.9,"CP"
"1D","AR","Shorea ovalis","DIPTEROCARPACEAE","Shorea","ovalis",216,19.8,"CP"
"1D","AR","Koilodepas longifolium","EUPHORBIACEAE","Koilodepas","longifolium",108,12.8,"CP"
"1D","AR","Mallotus wrayi","EUPHORBIACEAE","Mallotus","wrayi",170,16.9,"CP"
"1D","AR","Madhuca korthalsii","SAPOTACEAE","Madhuca","korthalsii",143,18.1,"CP"
"1D","AR","Litsea caulocarpa","LAURACEAE","Litsea","caulocarpa",147,18.9,"CP"
"1D","AR","Lithocarpus unknown mixed","FAGACEAE","Lithocarpus","unknown mixed",526,36,"CP"
"1D","AR","Aglaia unknown mixed","MELIACEAE","Aglaia","unknown mixed",146,22,"CP"
"1D","AR","Lithocarpus leptogyne","FAGACEAE","Lithocarpus","leptogyne",549,32.8,"CP"
"1D","AR","Shorea parvifolia","DIPTEROCARPACEAE","Shorea","parvifolia",183,21.7,"CP"
"1D","AR","Lophopetalum javanicum","CELASTRACEAE","Lophopetalum","javanicum",266,33.8,"CP"
"1D","AR","Shorea macrophylla","DIPTEROCARPACEAE","Shorea","macrophylla",768,43.9,"CP"
"1D","AR","Ziziphus angustifolius","RHAMNACEAE","Ziziphus","angustifolius",333,33.1,"CP"
"1D","AR","Litsea caulocarpa","LAURACEAE","Litsea","caulocarpa",153,14.3,"CP"
"1D","AR","Scorodocarpus borneensis","OLACACEAE","Scorodocarpus","borneensis",335,33.1,"CP"
"1D","AR","Lithocarpus leptogyne","FAGACEAE","Lithocarpus","leptogyne",466,40.9,"CP"
"1D","AR","Lithocarpus leptogyne","FAGACEAE","Lithocarpus","leptogyne",282,37.7,"CP"
"1D","AR","Lophopetalum javanicum","CELASTRACEAE","Lophopetalum","javanicum",161,15.9,"CP"
"1D","AR","Xanthophyllum unknown mixed","POLYGALACEAE","Xanthophyllum","unknown mixed",162,25.2,"CP"
"1D","AR","Litsea caulocarpa","LAURACEAE","Litsea","caulocarpa",921,33.2,"CP"
"1D","AR","Lophopetalum javanicum","CELASTRACEAE","Lophopetalum","javanicum",307,34.7,"CP"
"1D","AR","Mallotus penangensis","EUPHORBIACEAE","Mallotus","penangensis",206,25.1,"CP"
"1D","AR","Lophopetalum javanicum","CELASTRACEAE","Lophopetalum","javanicum",180,29.2,"CP"
"1D","AR","Neoscortechinia kingii","EUPHORBIACEAE","Neoscortechinia","kingii",217,25.3,"CP"
"1D","AR","Mallotus penangensis","EUPHORBIACEAE","Mallotus","penangensis",125,28.7,"CP"
"1D","AR","Shorea fallax","DIPTEROCARPACEAE","Shorea","fallax",211,28.3,"CP"
"1D","AR","Unknown unknown mixed","ANNONACEAE","Unknown","unknown mixed",223,28.7,"CP"
"1D","AR","Hopea nervosa","DIPTEROCARPACEAE","Hopea","nervosa",405,36.1,"CP"
"1D","AR","Aglaia unknown mixed","MELIACEAE","Aglaia","unknown mixed",147,18.3,"CP"
"1D","AR","Gironniera nervosa","ULMACEAE","Gironniera","nervosa",129,9,"CP"
"1D","AR","Vatica albiramis","DIPTEROCARPACEAE","Vatica","albiramis",462,42.6,"CP"
"1D","AR","Parinari oblongifolia","CHRYSOBALANACEAE","Parinari","oblongifolia",168,25.4,"CP"
"1D","AR","Aglaia unknown mixed","MELIACEAE","Aglaia","unknown mixed",139,20.3,"CP"
"1D","AR","Scorodocarpus borneensis","OLACACEAE","Scorodocarpus","borneensis",124,18.2,"CP"
"1D","AR","Shorea mecistopteryx","DIPTEROCARPACEAE","Shorea","mecistopteryx",231,30.6,"CP"
"1D","AR","Gironniera nervosa","ULMACEAE","Gironniera","nervosa",123,24,"CP"
"1D","AR","Chisocheton sarawakensis","MELIACEAE","Chisocheton","sarawakensis",292,27.7,"CP"
"1D","AR","Unknown unknown mixed","ANNONACEAE","Unknown","unknown mixed",163,19.7,"CP"
"1D","AR","Unknown unknown mixed","ANNONACEAE","Unknown","unknown mixed",113,9,"CP"
"1D","AR","Maasia sumatrana","ANNONACEAE","Maasia","sumatrana",155,20.6,"CP"
"1D","AR","Lithocarpus leptogyne","FAGACEAE","Lithocarpus","leptogyne",241,32.3,"CP"
"2D","AR","Cryptocarya erectinervia","LAURACEAE","Cryptocarya","erectinervia",147,17,"CP"
"2D","AR","Shorea superba","DIPTEROCARPACEAE","Shorea","superba",331,44.7,"CP"
"2D","AR","Shorea fallax","DIPTEROCARPACEAE","Shorea","fallax",191,28.7,"CP"
"2D","AR","Shorea macrophylla","DIPTEROCARPACEAE","Shorea","macrophylla",184,19.5,"CP"
"2D","AR","Macaranga gigantea","EUPHORBIACEAE","Macaranga","gigantea",376,31.3,"CP"
"2D","AR","Macaranga pearsonii","EUPHORBIACEAE","Macaranga","pearsonii",578,32.8,"CP"
"2D","AR","Glochidion elmari","PHYLLANTHACEAE","Glochidion","elmari",110,14.5,"CP"
"2D","AR","Nauclea unknown mixed","RUBIACEAE","Nauclea","unknown mixed",106,13.7,"CP"
"2D","AR","Pternandra coerulescens","MELASTOMATACEAE","Pternandra","coerulescens",118,15.2,"CP"
"2D","AR","Neolamarckia cadamba","RUBIACEAE","Neolamarckia","cadamba",388,40.7,"CP"
"2D","AR","Macaranga hypoleuca","EUPHORBIACEAE","Macaranga","hypoleuca",397,34.2,"CP"
"2D","AR","Neolamarckia cadamba","RUBIACEAE","Neolamarckia","cadamba",339,28.2,"CP"
"2D","AR","Macaranga hypoleuca","EUPHORBIACEAE","Macaranga","hypoleuca",487,35,"CP"
"2D","AR","Macaranga pearsonii","EUPHORBIACEAE","Macaranga","pearsonii",295,37,"CP"
"2D","AR","Glochidion rubrum","PHYLLANTHACEAE","Glochidion","rubrum",156,28.3,"CP"
"2D","AR","Macaranga hypoleuca","EUPHORBIACEAE","Macaranga","hypoleuca",429,32.9,"CP"
"2D","AR","Neesia synandra","MALVACEAE","Neesia","synandra",112,17.1,"CP"
"2D","AR","Neolamarckia cadamba","RUBIACEAE","Neolamarckia","cadamba",285,33.2,"CP"
"2D","AR","Macaranga pearsonii","EUPHORBIACEAE","Macaranga","pearsonii",484,37.7,"CP"
"2D","AR","Litsea unknown mixed","LAURACEAE","Litsea","unknown mixed",152,16.9,"CP"
"2D","AR","Macaranga hypoleuca","EUPHORBIACEAE","Macaranga","hypoleuca",490,34.9,"CP"
"2D","AR","Canarium odontophyllum","BURSERACEAE","Canarium","odontophyllum",153,19.7,"CP"
"2D","AR","Hopea nervosa","DIPTEROCARPACEAE","Hopea","nervosa",196,26.7,"CP"
"2D","AR","Shorea superba","DIPTEROCARPACEAE","Shorea","superba",228,28.2,"CP"
"2D","AR","Dipterocarpus applanatus","DIPTEROCARPACEAE","Dipterocarpus","applanatus",321,31.7,"CP"
"2D","AR","Diospyros macrophylla","EBENACEAE","Diospyros","macrophylla",110,17.9,"CP"
"2D","AR","Ryparosa acuminata","ACHARIACEAE","Ryparosa","acuminata",183,16.7,"CP"
"2D","AR","Lithocarpus ewyckii","FAGACEAE","Lithocarpus","ewyckii",118,18.2,"CP"
"2D","AR","Dipterocarpus applanatus","DIPTEROCARPACEAE","Dipterocarpus","applanatus",123,18.5,"CP"
"2D","AR","Macaranga hypoleuca","EUPHORBIACEAE","Macaranga","hypoleuca",339,40.5,"CP"
"2D","AR","Glochidion lanceisepalum","PHYLLANTHACEAE","Glochidion","lanceisepalum",140,15.2,"CP"
"2D","AR","Macaranga hypoleuca","EUPHORBIACEAE","Macaranga","hypoleuca",238,30.2,"CP"
"2D","AR","Macaranga hypoleuca","EUPHORBIACEAE","Macaranga","hypoleuca",360,19.2,"CP"
"2D","AR","Glochidion rubrum","PHYLLANTHACEAE","Glochidion","rubrum",167,21.4,"CP"
"2D","AR","Glochidion unknown mixed","PHYLLANTHACEAE","Glochidion","unknown mixed",110,11,"CP"
"2D","AR","Shorea parvifolia","DIPTEROCARPACEAE","Shorea","parvifolia",936,52.5,"CP"
"2D","AR","Glochidion unknown mixed","PHYLLANTHACEAE","Glochidion","unknown mixed",126,18.8,"CP"
"2D","AR","Macaranga gigantea","EUPHORBIACEAE","Macaranga","gigantea",235,21.3,"CP"
"2D","AR","Macaranga hypoleuca","EUPHORBIACEAE","Macaranga","hypoleuca",NA,NA,"CP"
"2D","AR","Knema laurina","MYRISTICACEAE","Knema","laurina",217,24.9,"CP"
"2D","AR","Madhuca kingiana","SAPOTACEAE","Madhuca","kingiana",232,18.3,"CP"
"2D","AR","Shorea pauciflora","DIPTEROCARPACEAE","Shorea","pauciflora",714,45.1,"CP"
"2D","AR","Knema laurina","MYRISTICACEAE","Knema","laurina",175,19.2,"CP"
"2D","AR","Unknown unknown mixed","SAPOTACEAE","Unknown","unknown mixed",172,24.2,"CP"
"2D","AR","Litsea unknown mixed","LAURACEAE","Litsea","unknown mixed",171,14.7,"CP"
"2D","AR","Macaranga pearsonii","EUPHORBIACEAE","Macaranga","pearsonii",480,37.9,"CP"
"2D","AR","Macaranga pearsonii","EUPHORBIACEAE","Macaranga","pearsonii",281,36.8,"CP"
"2D","AR","Macaranga hypoleuca","EUPHORBIACEAE","Macaranga","hypoleuca",313,27.2,"CP"
"2D","AR","Shorea parvifolia","DIPTEROCARPACEAE","Shorea","parvifolia",162,16,"CP"
"2D","AR","Maasia sumatrana","ANNONACEAE","Maasia","sumatrana",152,11.5,"CP"
"2D","AR","Alangium javanicum","ALANGIACEAE","Alangium","javanicum",191,22.8,"CP"
"2D","AR","Glochidion unknown mixed","PHYLLANTHACEAE","Glochidion","unknown mixed",483,40.1,"CP"
"2D","AR","Drypetes eriocarpa","PUTRANJIVACEAE","Drypetes","eriocarpa",159,18,"CP"
"2D","AR","Barringtonia lanceolata","BARRINGTONIACEAE","Barringtonia","lanceolata",143,14.2,"CP"
"2D","AR","Macaranga conifera","EUPHORBIACEAE","Macaranga","conifera",531,40.8,"CP"
"2D","AR","Litsea unknown mixed","LAURACEAE","Litsea","unknown mixed",128,14.4,"CP"
"2D","AR","Macaranga conifera","EUPHORBIACEAE","Macaranga","conifera",365,37.2,"CP"
"2D","AR","Macaranga conifera","EUPHORBIACEAE","Macaranga","conifera",144,17.9,"CP"
"2D","AR","Mallotus wrayi","EUPHORBIACEAE","Mallotus","wrayi",122,15.7,"CP"
"2D","AR","Shorea mecistopteryx","DIPTEROCARPACEAE","Shorea","mecistopteryx",229,25.7,"CP"
"2D","AR","Shorea mecistopteryx","DIPTEROCARPACEAE","Shorea","mecistopteryx",186,17,"CP"
"2D","AR","Diospyros unknown mixed","EBENACEAE","Diospyros","unknown mixed",121,16.8,"CP"
"2D","AR","Aglaia unknown mixed","MELIACEAE","Aglaia","unknown mixed",397,37.5,"CP"
"2D","AR","Cryptocarya erectinervia","LAURACEAE","Cryptocarya","erectinervia",128,15.4,"CP"
"2D","AR","Barringtonia lanceolata","BARRINGTONIACEAE","Barringtonia","lanceolata",108,14.8,"CP"
"2D","AR","Syzygium unknown mixed","MYRTACEAE","Syzygium","unknown mixed",111,13.1,"CP"
"2D","AR","Parashorea tomentella","DIPTEROCARPACEAE","Parashorea","tomentella",423,37.3,"CP"
"2D","AR","Alangium javanicum","ALANGIACEAE","Alangium","javanicum",247,26.8,"CP"
"2D","AR","Dryobalanops lanceolata","DIPTEROCARPACEAE","Dryobalanops","lanceolata",629,39.7,"CP"
"2D","AR","Shorea parvifolia","DIPTEROCARPACEAE","Shorea","parvifolia",286,33,"CP"
"2D","AR","Knema laurina","MYRISTICACEAE","Knema","laurina",142,21.2,"CP"
"2D","AR","Litsea accedens","LAURACEAE","Litsea","accedens",195,26.3,"CP"
"2D","AR","Pometia pinnata","SAPINDACEAE","Pometia","pinnata",256,25.2,"CP"
"2D","AR","Fordia brachybotrys","FABACEAE","Fordia","brachybotrys",104,11.2,"CP"
"2D","AR","Microcos fibrocarpa","MALVACEAE","Microcos","fibrocarpa",156,17.2,"CP"
"2D","AR","Aglaia unknown mixed","MELIACEAE","Aglaia","unknown mixed",188,19,"CP"
"2D","AR","Alangium javanicum","ALANGIACEAE","Alangium","javanicum",146,6.1,"CP"
"2D","AR","Barringtonia macrostachya","BARRINGTONIACEAE","Barringtonia","macrostachya",219,18.1,"CP"
"2D","AR","Shorea mecistopteryx","DIPTEROCARPACEAE","Shorea","mecistopteryx",589,45.1,"CP"
"2D","AR","Shorea atrinervosa","DIPTEROCARPACEAE","Shorea","atrinervosa",206,35.2,"CP"
"2D","AR","Teijsmanniodendron unknown mixed","LAMIACEAE","Teijsmanniodendron","unknown mixed",176,14.1,"CP"
"2D","AR","Shorea faguetiana","DIPTEROCARPACEAE","Shorea","faguetiana",395,28.2,"CP"
"2D","AR","Payena unknown mixed","SAPOTACEAE","Payena","unknown mixed",131,15.2,"CP"
"2D","AR","Dipterocarpus applanatus","DIPTEROCARPACEAE","Dipterocarpus","applanatus",149,17.5,"CP"
"2D","AR","Lithocarpus unknown mixed","FAGACEAE","Lithocarpus","unknown mixed",289,28.6,"CP"
"2D","AR","Gironniera nervosa","ULMACEAE","Gironniera","nervosa",196,13.9,"CP"
"2D","AR","Mallotus unknown mixed","EUPHORBIACEAE","Mallotus","unknown mixed",114,11.9,"CP"
"2D","AR","Fordia brachybotrys","FABACEAE","Fordia","brachybotrys",129,11.7,"CP"
"2D","AR","Blumeodendron kurzii","EUPHORBIACEAE","Blumeodendron","kurzii",141,17.3,"CP"
"2D","AR","Nephelium ramboutan-ake","SAPINDACEAE","Nephelium","ramboutan-ake",134,18.7,"CP"
"2D","AR","Hopea ferruginea","DIPTEROCARPACEAE","Hopea","ferruginea",224,28.3,"CP"
"2D","AR","Parashorea tomentella","DIPTEROCARPACEAE","Parashorea","tomentella",288,23.2,"CP"
"2D","AR","Nephelium ramboutan-ake","SAPINDACEAE","Nephelium","ramboutan-ake",241,32,"CP"
"2D","AR","Chisocheton unknown mixed","MELIACEAE","Chisocheton","unknown mixed",153,12.8,"CP"
"2D","AR","Shorea gibbosa","DIPTEROCARPACEAE","Shorea","gibbosa",317,27.2,"CP"
"2D","AR","Shorea parvifolia","DIPTEROCARPACEAE","Shorea","parvifolia",783,46.5,"CP"
"2D","AR","Shorea superba","DIPTEROCARPACEAE","Shorea","superba",156,18.7,"CP"
"2D","AR","Diospyros macrophylla","EBENACEAE","Diospyros","macrophylla",364,27,"CP"
"2D","AR","Teijsmanniodendron unknown mixed","LAMIACEAE","Teijsmanniodendron","unknown mixed",193,17,"CP"
"2D","AR","Aglaia unknown mixed","MELIACEAE","Aglaia","unknown mixed",221,25.7,"CP"
"2D","AR","Canarium denticulatum","BURSERACEAE","Canarium","denticulatum",427,39.4,"CP"
"2D","AR","Pentace adenophora","MALVACEAE","Pentace","adenophora",157,14,"CP"
"2D","AR","Ryparosa hullettii","ACHARIACEAE","Ryparosa","hullettii",179,25.2,"CP"
"2D","AR","Shorea atrinervosa","DIPTEROCARPACEAE","Shorea","atrinervosa",513,31.5,"CP"
"2D","AR","Dipterocarpus applanatus","DIPTEROCARPACEAE","Dipterocarpus","applanatus",200,25.8,"CP"
"2D","AR","Mallotus penangensis","EUPHORBIACEAE","Mallotus","penangensis",104,10.6,"CP"
"2D","AR","Hopea ferruginea","DIPTEROCARPACEAE","Hopea","ferruginea",113,23.9,"CP"
"2D","AR","Parashorea malaanonan","DIPTEROCARPACEAE","Parashorea","malaanonan",106,16.1,"CP"
"2D","AR","Pentace adenophora","MALVACEAE","Pentace","adenophora",108,16.3,"CP"
"2D","AR","Mallotus wrayi","EUPHORBIACEAE","Mallotus","wrayi",121,11.4,"CP"
"2D","AR","Hydnocarpus anomala","ACHARIACEAE","Hydnocarpus","anomala",126,17,"CP"
"2D","AR","Shorea unknown mixed","DIPTEROCARPACEAE","Shorea","unknown mixed",255,26.2,"CP"
"2D","AR","Drypetes eriocarpa","PUTRANJIVACEAE","Drypetes","eriocarpa",146,14,"CP"
"2D","AR","Alangium javanicum","ALANGIACEAE","Alangium","javanicum",281,28.4,"CP"
"2D","AR","Shorea superba","DIPTEROCARPACEAE","Shorea","superba",376,40.7,"CP"
"2D","AR","Syzygium hirtum","MYRTACEAE","Syzygium","hirtum",118,9.3,"CP"
"2D","AR","Drypetes longifolia","PUTRANJIVACEAE","Drypetes","longifolia",110,11.1,"CP"
"2D","AR","Kibara obtusa","MONIMIACEAE","Kibara","obtusa",180,14.2,"CP"
"2D","AR","Meliosma pinnata","SABIACEAE","Meliosma","pinnata",239,28.7,"CP"
"2D","AR","Teijsmanniodendron unknown mixed","LAMIACEAE","Teijsmanniodendron","unknown mixed",231,12,"CP"
"2D","AR","Shorea fallax","DIPTEROCARPACEAE","Shorea","fallax",193,25.5,"CP"
"2D","AR","Dipterocarpus applanatus","DIPTEROCARPACEAE","Dipterocarpus","applanatus",104,11.9,"CP"
"2D","AR","Lithocarpus unknown mixed","FAGACEAE","Lithocarpus","unknown mixed",207,37.2,"CP"
"2D","AR","Shorea macrophylla","DIPTEROCARPACEAE","Shorea","macrophylla",576,33.3,"CP"
"2D","AR","Litsea angulata","LAURACEAE","Litsea","angulata",255,15.6,"CP"
"2D","AR","Shorea unknown mixed","DIPTEROCARPACEAE","Shorea","unknown mixed",166,17.8,"CP"
"2D","AR","Knema laurina","MYRISTICACEAE","Knema","laurina",163,17.3,"CP"
"2D","AR","Syzygium unknown mixed","MYRTACEAE","Syzygium","unknown mixed",119,12.8,"CP"
"2D","AR","Shorea fallax","DIPTEROCARPACEAE","Shorea","fallax",121,21.1,"CP"
"2D","AR","Shorea gibbosa","DIPTEROCARPACEAE","Shorea","gibbosa",137,16.7,"CP"
"2D","AR","Ryparosa acuminata","ACHARIACEAE","Ryparosa","acuminata",145,13.7,"CP"
"2D","AR","Shorea macrophylla","DIPTEROCARPACEAE","Shorea","macrophylla",1005,41.7,"CP"
"2D","AR","Macaranga hypoleuca","EUPHORBIACEAE","Macaranga","hypoleuca",403,41.2,"CP"
"3D","AR","Syzygium unknown mixed","MYRTACEAE","Syzygium","unknown mixed",186,20.7,"CP"
"3D","AR","Diospyros pilosanthera","EBENACEAE","Diospyros","pilosanthera",120,12.1,"CP"
"3D","AR","Ardisia  unknown mixed","PRIMULACEAE","Ardisia ","unknown mixed",194,29.6,"CP"
"3D","AR","Alangium javanicum","ALANGIACEAE","Alangium","javanicum",274,29.4,"CP"
"3D","AR","Shorea parvifolia","DIPTEROCARPACEAE","Shorea","parvifolia",142,18.7,"CP"
"3D","AR","Mallotus wrayi","EUPHORBIACEAE","Mallotus","wrayi",133,16.6,"CP"
"3D","AR","Shorea parvifolia","DIPTEROCARPACEAE","Shorea","parvifolia",939,60.6,"CP"
"3D","AR","Parashorea malaanonan","DIPTEROCARPACEAE","Parashorea","malaanonan",417,33.8,"CP"
"3D","AR","Reinwardtiodendron humile","MELIACEAE","Reinwardtiodendron","humile",150,22.7,"CP"
"3D","AR","Shorea parvifolia","DIPTEROCARPACEAE","Shorea","parvifolia",219,28.8,"CP"
"3D","AR","Lithocarpus unknown mixed","FAGACEAE","Lithocarpus","unknown mixed",189,15.8,"CP"
"3D","AR","Shorea fallax","DIPTEROCARPACEAE","Shorea","fallax",117,18.1,"CP"
"3D","AR","Anisoptera costata","DIPTEROCARPACEAE","Anisoptera","costata",178,21.5,"CP"
"3D","AR","Glochidion lanceisepalum","PHYLLANTHACEAE","Glochidion","lanceisepalum",248,27.6,"CP"
"3D","AR","Koilodepas longifolium","EUPHORBIACEAE","Koilodepas","longifolium",127,6.8,"CP"
"3D","AR","Aglaia silvestris","MELIACEAE","Aglaia","silvestris",199,27.5,"CP"
"3D","AR","Koilodepas longifolium","EUPHORBIACEAE","Koilodepas","longifolium",114,6.7,"CP"
"3D","AR","Unknown unknown mixed","LAURACEAE","Unknown","unknown mixed",646,32.1,"CP"
"3D","AR","Shorea parvifolia","DIPTEROCARPACEAE","Shorea","parvifolia",192,17.2,"CP"
"3D","AR","Lophopetalum javanicum","CELASTRACEAE","Lophopetalum","javanicum",302,24.4,"CP"
"3D","AR","Shorea parvifolia","DIPTEROCARPACEAE","Shorea","parvifolia",137,21.5,"CP"
"3D","AR","Blumeodendron kurzii","EUPHORBIACEAE","Blumeodendron","kurzii",209,24.6,"CP"
"3D","AR","Shorea beccariana","Dipterocarpaceae","Shorea","beccariana",166,19.8,"CP"
"3D","AR","Adenanthera malayana","FABACEAE","Adenanthera","malayana",405,47.5,"CP"
"3D","AR","Unknown unknown mixed","RUBIACEAE","Unknown","unknown mixed",292,21.3,"CP"
"3D","AR","Mallotus stipularis","EUPHORBIACEAE","Mallotus","stipularis",127,14.4,"CP"
"3D","AR","Maasia sumatrana","ANNONACEAE","Maasia","sumatrana",207,19.6,"CP"
"3D","AR","Koilodepas longifolium","EUPHORBIACEAE","Koilodepas","longifolium",132,10.1,"CP"
"3D","AR","Unknown unknown mixed","LIANA","Unknown","unknown mixed",169,29.2,"CP"
"3D","AR","Fordia splendidissima","FABACEAE","Fordia","splendidissima",103,13.1,"CP"
"3D","AR","Shorea beccariana","Dipterocarpaceae","Shorea","beccariana",122,16.7,"CP"
"3D","AR","Lithocarpus unknown mixed","FAGACEAE","Lithocarpus","unknown mixed",224,30.2,"CP"
"3D","AR","Neesia synandra","MALVACEAE","Neesia","synandra",163,17.2,"CP"
"3D","AR","Barringtonia lanceolata","BARRINGTONIACEAE","Barringtonia","lanceolata",212,18.5,"CP"
"3D","AR","Aporusa falcifera","PHYLLANTHACEAE","Aporusa","falcifera",155,13.5,"CP"
"3D","AR","Chisocheton sarawakensis","MELIACEAE","Chisocheton","sarawakensis",109,15.9,"CP"
"3D","AR","Mallotus wrayi","EUPHORBIACEAE","Mallotus","wrayi",124,18.9,"CP"
"3D","AR","Artocarpus unknown mixed","MORACEAE","Artocarpus","unknown mixed",180,19,"CP"
"3D","AR","Aporusa falcifera","PHYLLANTHACEAE","Aporusa","falcifera",158,19.8,"CP"
"3D","AR","Alangium javanicum","ALANGIACEAE","Alangium","javanicum",234,26.9,"CP"
"3D","AR","Ptychopyxis arborea","EUPHORBIACEAE","Ptychopyxis","arborea",166,19.4,"CP"
"3D","AR","Mallotus penangensis","EUPHORBIACEAE","Mallotus","penangensis",114,14.9,"CP"
"3D","AR","Mallotus wrayi","EUPHORBIACEAE","Mallotus","wrayi",123,11.6,"CP"
"3D","AR","Shorea macrophylla","DIPTEROCARPACEAE","Shorea","macrophylla",858,44.2,"CP"
"3D","AR","Koilodepas longifolium","EUPHORBIACEAE","Koilodepas","longifolium",137,2.4,"CP"
"3D","AR","Shorea parvifolia","DIPTEROCARPACEAE","Shorea","parvifolia",194,15.7,"CP"
"3D","AR","Fordia brachybotrys","FABACEAE","Fordia","brachybotrys",154,13.3,"CP"
"3D","AR","Mallotus wrayi","EUPHORBIACEAE","Mallotus","wrayi",113,11.4,"CP"
"3D","AR","Hopea nervosa","DIPTEROCARPACEAE","Hopea","nervosa",148,15.9,"CP"
"3D","AR","Diospyros elliptifolia","EBENACEAE","Diospyros","elliptifolia",125,13.8,"CP"
"3D","AR","Prunus polystachya","ROSACEAE","Prunus","polystachya",175,20.5,"CP"
"3D","AR","Microcos ossea","MALVACEAE","Microcos","ossea",146,23.1,"CP"
"3D","AR","Madhuca kingiana","SAPOTACEAE","Madhuca","kingiana",189,17.2,"CP"
"3D","AR","Mangifera unknown mixed","ANACARDIACEAE","Mangifera","unknown mixed",642,49.7,"CP"
"3D","AR","Mallotus wrayi","EUPHORBIACEAE","Mallotus","wrayi",116,16.5,"CP"
"3D","AR","Ochanostachys amentacea","OLACACEAE","Ochanostachys","amentacea",544,25.9,"CP"
"3D","AR","Alangium javanicum","ALANGIACEAE","Alangium","javanicum",423,35.2,"CP"
"3D","AR","Unknown unknown mixed","LAURACEAE","Unknown","unknown mixed",237,28.2,"CP"
"3D","AR","Chisocheton macranthus","MELIACEAE","Chisocheton","macranthus",181,15.2,"CP"
"3D","AR","Endospermum diadenum","EUPHORBIACEAE","Endospermum","diadenum",334,33.5,"CP"
"3D","AR","Hopea nervosa","DIPTEROCARPACEAE","Hopea","nervosa",117,14.5,"CP"
"3D","AR","Knema latericia","MYRISTICACEAE","Knema","latericia",221,20.2,"CP"
"3D","AR","Macaranga pearsonii","EUPHORBIACEAE","Macaranga","pearsonii",561,41.3,"CP"
"3D","AR","Koompassia excelsa","FABACEAE","Koompassia","excelsa",280,36.8,"CP"
"3D","AR","Macaranga conifera","EUPHORBIACEAE","Macaranga","conifera",117,16.7,"CP"
"3D","AR","Endospermum diadenum","EUPHORBIACEAE","Endospermum","diadenum",345,19,"CP"
"3D","AR","Nothaphoebe canascens","LAURACEAE","Nothaphoebe","canascens",272,26.8,"CP"
"3D","AR","Mallotus wrayi","EUPHORBIACEAE","Mallotus","wrayi",116,10.6,"CP"
"3D","AR","Alangium javanicum","ALANGIACEAE","Alangium","javanicum",340,34.3,"CP"
"3D","AR","Prunus polystachya","ROSACEAE","Prunus","polystachya",122,24.9,"CP"
"3D","AR","Macaranga conifera","EUPHORBIACEAE","Macaranga","conifera",478,35.2,"CP"
"3D","AR","Unknown unknown mixed","ANNONACEAE","Unknown","unknown mixed",123,17.7,"CP"
"3D","AR","Lophopetalum javanicum","CELASTRACEAE","Lophopetalum","javanicum",100,16,"CP"
"3D","AR","Shorea beccariana","Dipterocarpaceae","Shorea","beccariana",174,23.8,"CP"
"3D","AR","Cryptocarya erectinervia","LAURACEAE","Cryptocarya","erectinervia",194,21.4,"CP"
"3D","AR","Syzygium unknown mixed","MYRTACEAE","Syzygium","unknown mixed",253,26.2,"CP"
"3D","AR","Alseodaphne unknown mixed","LAURACEAE","Alseodaphne","unknown mixed",367,30.8,"CP"
"3D","AR","Neoscortechinia kingii","EUPHORBIACEAE","Neoscortechinia","kingii",178,23.9,"CP"
"3D","AR","Shorea parvifolia","DIPTEROCARPACEAE","Shorea","parvifolia",271,31.3,"CP"
"3D","AR","Hopea nervosa","DIPTEROCARPACEAE","Hopea","nervosa",117,13.4,"CP"
"3D","AR","Macaranga pearsonii","EUPHORBIACEAE","Macaranga","pearsonii",519,31.6,"CP"
"3D","AR","Shorea parvifolia","DIPTEROCARPACEAE","Shorea","parvifolia",285,38.2,"CP"
"3D","AR","Chisocheton sarawakensis","MELIACEAE","Chisocheton","sarawakensis",118,20.3,"CP"
"3D","AR","Scaphium longiflorum","MALVACEAE","Scaphium","longiflorum",138,22.4,"CP"
"3D","AR","Barringtonia macrostachya","BARRINGTONIACEAE","Barringtonia","macrostachya",108,10.7,"CP"
"3D","AR","Prunus polystachya","ROSACEAE","Prunus","polystachya",147,18.7,"CP"
"3D","AR","Scaphium longiflorum","MALVACEAE","Scaphium","longiflorum",192,30.1,"CP"
"3D","AR","Alangium javanicum","ALANGIACEAE","Alangium","javanicum",491,38.8,"CP"
"3D","AR","Gironniera nervosa","ULMACEAE","Gironniera","nervosa",214,25.7,"CP"
"3D","AR","Shorea parvifolia","DIPTEROCARPACEAE","Shorea","parvifolia",378,36.6,"CP"
"3D","AR","Vitex pinnata","LAMIACEAE","Vitex","pinnata",230,22.2,"CP"
"3D","AR","Endospermum diadenum","EUPHORBIACEAE","Endospermum","diadenum",366,35,"CP"
"3D","AR","Shorea macrophylla","DIPTEROCARPACEAE","Shorea","macrophylla",205,24.6,"CP"
"3D","AR","Knema unknown mixed","MYRISTICACEAE","Knema","unknown mixed",124,13.9,"CP"
"3D","AR","Canarium odontophyllum","BURSERACEAE","Canarium","odontophyllum",489,32.9,"CP"
"3D","AR","Aporusa falcifera","PHYLLANTHACEAE","Aporusa","falcifera",186,15.3,"CP"
"3D","AR","Artocarpus unknown mixed","MORACEAE","Artocarpus","unknown mixed",279,30.6,"CP"
"3D","AR","Mallotus stipularis","EUPHORBIACEAE","Mallotus","stipularis",133,15,"CP"
"3D","AR","Litsea fulva","LAURACEAE","Litsea","fulva",164,31.4,"CP"
"3D","AR","Unknown unknown mixed","MALVACEAE","Unknown","unknown mixed",434,34.6,"CP"
"3D","AR","Vatica dulitensis","DIPTEROCARPACEAE","Vatica","dulitensis",182,27.5,"CP"
"3D","AR","Dipterocarpus unknown mixed","DIPTEROCARPACEAE","Dipterocarpus","unknown mixed",981,47.6,"CP"
"3D","AR","Ardisia  colorata","PRIMULACEAE","Ardisia ","colorata",186,18.6,"CP"
"3D","AR","Neoscortechinia kingii","EUPHORBIACEAE","Neoscortechinia","kingii",131,15.8,"CP"
"3D","AR","Microcos fibrocarpa","MALVACEAE","Microcos","fibrocarpa",137,27.6,"CP"
"3D","AR","Litsea caulocarpa","LAURACEAE","Litsea","caulocarpa",379,28.5,"CP"
"3D","AR","Shorea johorensis","DIPTEROCARPACEAE","Shorea","johorensis",133,15.1,"CP"
"3D","AR","Litsea unknown mixed","LAURACEAE","Litsea","unknown mixed",165,17.3,"CP"
"3D","AR","Dacryodes unknown mixed","BURSERACEAE","Dacryodes","unknown mixed",144,30,"CP"
"3D","AR","Litsea caulocarpa","LAURACEAE","Litsea","caulocarpa",175,19.4,"CP"
"3D","AR","Rothmannia pseudoternisfolia","RUBIACEAE","Rothmannia","pseudoternisfolia",303,33.6,"CP"
"3D","AR","Chionanthus pluriflorus","OLEACEAE","Chionanthus","pluriflorus",150,17.2,"CP"
"3D","AR","Pentace laxiflora","MALVACEAE","Pentace","laxiflora",503,46.3,"CP"
"3D","AR","Shorea beccariana","Dipterocarpaceae","Shorea","beccariana",805,46.1,"CP"
"3D","AR","Canarium denticulatum","BURSERACEAE","Canarium","denticulatum",145,8.7,"CP"
"3D","AR","Alangium javanicum","ALANGIACEAE","Alangium","javanicum",118,17.1,"CP"
"3D","AR","Dehaasia caesia","LAURACEAE","Dehaasia","caesia",260,23.4,"CP"
"3D","AR","Pternandra coerulescens","MELASTOMATACEAE","Pternandra","coerulescens",129,16.9,"CP"
"3D","AR","Dipterocarpus unknown mixed","DIPTEROCARPACEAE","Dipterocarpus","unknown mixed",408,34.3,"CP"
"3D","AR","Unknown unknown mixed","ANNONACEAE","Unknown","unknown mixed",161,20.8,"CP"
"3D","AR","Knema elmeri","MYRISTICACEAE","Knema","elmeri",125,17.2,"CP"
"3D","AR","Mallotus wrayi","EUPHORBIACEAE","Mallotus","wrayi",104,5.9,"CP"
"3D","AR","Shorea atrinervosa","DIPTEROCARPACEAE","Shorea","atrinervosa",212,31.9,"CP"
"3D","AR","Unknown unknown mixed","ANNONACEAE","Unknown","unknown mixed",144,28.8,"CP"
"3D","AR","Madhuca kingiana","SAPOTACEAE","Madhuca","kingiana",268,15.8,"CP"
"3D","AR","Neoscortechinia kingii","EUPHORBIACEAE","Neoscortechinia","kingii",157,20.3,"CP"
"3D","AR","Mallotus wrayi","EUPHORBIACEAE","Mallotus","wrayi",161,15.3,"CP"
"3D","AR","Dipterocarpus unknown mixed","DIPTEROCARPACEAE","Dipterocarpus","unknown mixed",538,40.4,"CP"
"3D","AR","Shorea parvifolia","DIPTEROCARPACEAE","Shorea","parvifolia",130,16.4,"CP"
"3D","AR","Dipterocarpus caudiferus","DIPTEROCARPACEAE","Dipterocarpus","caudiferus",688,47.1,"CP"
"3D","AR","Madhuca kingiana","SAPOTACEAE","Madhuca","kingiana",377,25.9,"CP"
"3D","AR","Mallotus stipularis","EUPHORBIACEAE","Mallotus","stipularis",142,12.5,"CP"
"3D","AR","Chisocheton sarawakensis","MELIACEAE","Chisocheton","sarawakensis",NA,NA,"CP"
"3D","AR","Syzygium unknown mixed","MYRTACEAE","Syzygium","unknown mixed",NA,NA,"CP"
"4D","AR","Syzygium unknown mixed","MYRTACEAE","Syzygium","unknown mixed",192,23.4,"CP"
"4D","AR","Beilschmiedia tawaensis","LAURACEAE","Beilschmiedia","tawaensis",211,18.1,"CP"
"4D","AR","Unknown unknown mixed","MYRISTICACEAE","Unknown","unknown mixed",887,47.9,"CP"
"4D","AR","Maasia sumatrana","ANNONACEAE","Maasia","sumatrana",148,16.1,"CP"
"4D","AR","Shorea unknown mixed","DIPTEROCARPACEAE","Shorea","unknown mixed",221,24.7,"CP"
"4D","AR","Rothmannia pseudoternisfolia","RUBIACEAE","Rothmannia","pseudoternisfolia",150,16.5,"CP"
"4D","AR","Aporusa frutescens","PHYLLANTHACEAE","Aporusa","frutescens",124,14.8,"CP"
"4D","AR","Lithocarpus nieuwenhuisii","FAGACEAE","Lithocarpus","nieuwenhuisii",362,26.3,"CP"
"4D","AR","Maasia sumatrana","ANNONACEAE","Maasia","sumatrana",175,20.1,"CP"
"4D","AR","Hopea nervosa","DIPTEROCARPACEAE","Hopea","nervosa",156,16.4,"CP"
"4D","AR","Shorea macrophylla","DIPTEROCARPACEAE","Shorea","macrophylla",475,38,"CP"
"4D","AR","Dehaasia incrassata","LAURACEAE","Dehaasia","incrassata",336,24.5,"CP"
"4D","AR","Vatica dulitensis","DIPTEROCARPACEAE","Vatica","dulitensis",146,20.5,"CP"
"4D","AR","Shorea macrophylla","DIPTEROCARPACEAE","Shorea","macrophylla",925,39.6,"CP"
"4D","AR","Lithocarpus unknown mixed","FAGACEAE","Lithocarpus","unknown mixed",382,25.5,"CP"
"4D","AR","Dipterocarpus unknown mixed","DIPTEROCARPACEAE","Dipterocarpus","unknown mixed",159,18.4,"CP"
"4D","AR","Xanthophyllum unknown mixed","POLYGALACEAE","Xanthophyllum","unknown mixed",159,13,"CP"
"4D","AR","Shorea fallax","DIPTEROCARPACEAE","Shorea","fallax",225,24.3,"CP"
"4D","AR","Shorea gibbosa","DIPTEROCARPACEAE","Shorea","gibbosa",166,25.4,"CP"
"4D","AR","Dipterocarpus caudiferus","DIPTEROCARPACEAE","Dipterocarpus","caudiferus",236,31.8,"CP"
"4D","AR","Shorea gibbosa","DIPTEROCARPACEAE","Shorea","gibbosa",343,25.6,"CP"
"4D","AR","Xanthophyllum unknown mixed","POLYGALACEAE","Xanthophyllum","unknown mixed",186,18.4,"CP"
"4D","AR","Shorea atrinervosa","DIPTEROCARPACEAE","Shorea","atrinervosa",116,19,"CP"
"4D","AR","Shorea gibbosa","DIPTEROCARPACEAE","Shorea","gibbosa",652,38.7,"CP"
"4D","AR","Shorea gibbosa","DIPTEROCARPACEAE","Shorea","gibbosa",343,40.1,"CP"
"4D","AR","Shorea gibbosa","DIPTEROCARPACEAE","Shorea","gibbosa",535,34.6,"CP"
"4D","AR","Dipterocarpus unknown mixed","DIPTEROCARPACEAE","Dipterocarpus","unknown mixed",340,40,"CP"
"4D","AR","Vatica dulitensis","DIPTEROCARPACEAE","Vatica","dulitensis",440,38.6,"CP"
"4D","AR","Mallotus wrayi","EUPHORBIACEAE","Mallotus","wrayi",125,8.8,"CP"
"4D","AR","Shorea gibbosa","DIPTEROCARPACEAE","Shorea","gibbosa",105,17.5,"CP"
"4D","AR","Diospyros elliptifolia","EBENACEAE","Diospyros","elliptifolia",151,10.4,"CP"
"4D","AR","Mallotus wrayi","EUPHORBIACEAE","Mallotus","wrayi",121,13.1,"CP"
"4D","AR","Hopea nervosa","Dipterocarpaceae","Hopea","nervosa",283,23.7,"CP"
"4D","AR","Shorea unknown mixed","DIPTEROCARPACEAE","Shorea","unknown mixed",896,49.8,"CP"
"4D","AR","Diospyros unknown mixed","EBENACEAE","Diospyros","unknown mixed",207,25.1,"CP"
"4D","AR","Shorea gibbosa","DIPTEROCARPACEAE","Shorea","gibbosa",300,21.3,"CP"
"4D","AR","Garcinia andersonii","CLUSIACEAE","Garcinia","andersonii",126,16.3,"CP"
"4D","AR","Koilodepas longifolium","EUPHORBIACEAE","Koilodepas","longifolium",115,6.7,"CP"
"4D","AR","Shorea parvifolia","DIPTEROCARPACEAE","Shorea","parvifolia",122,19.9,"CP"
"4D","AR","Scaphium longiflorum","MALVACEAE","Scaphium","longiflorum",167,20.1,"CP"
"4D","AR","Koilodepas longifolium","EUPHORBIACEAE","Koilodepas","longifolium",105,10.5,"CP"
"4D","AR","Shorea fallax","DIPTEROCARPACEAE","Shorea","fallax",123,9.7,"CP"
"4D","AR","Madhuca kingiana","SAPOTACEAE","Madhuca","kingiana",380,26,"CP"
"4D","AR","Xanthophyllum unknown mixed","POLYGALACEAE","Xanthophyllum","unknown mixed",139,15.1,"CP"
"4D","AR","Shorea gibbosa","DIPTEROCARPACEAE","Shorea","gibbosa",308,27.9,"CP"
"4D","AR","Shorea macroptera","DIPTEROCARPACEAE","Shorea","macroptera",608,40.3,"CP"
"4D","AR","Lophopetalum javanicum","CELASTRACEAE","Lophopetalum","javanicum",141,13.5,"CP"
"4D","AR","Shorea macroptera","DIPTEROCARPACEAE","Shorea","macroptera",218,29.8,"CP"
"4D","AR","Diplospora malaccensis","RUBIACEAE","Diplospora","malaccensis",132,20.1,"CP"
"4D","AR","Xanthophyllum unknown mixed","POLYGALACEAE","Xanthophyllum","unknown mixed",149,15.4,"CP"
"4D","AR","Shorea fallax","DIPTEROCARPACEAE","Shorea","fallax",173,18.4,"CP"
"4D","AR","Shorea macrophylla","DIPTEROCARPACEAE","Shorea","macrophylla",240,34.6,"CP"
"4D","AR","Shorea fallax","DIPTEROCARPACEAE","Shorea","fallax",167,17.9,"CP"
"4D","AR","Shorea macrophylla","DIPTEROCARPACEAE","Shorea","macrophylla",902,68.7,"CP"
"4D","AR","Psydrax dicoccus","RUBIACEAE","Psydrax","dicoccus",123,18,"CP"
"4D","AR","Shorea macroptera","DIPTEROCARPACEAE","Shorea","macroptera",302,24.1,"CP"
"4D","AR","Shorea gibbosa","DIPTEROCARPACEAE","Shorea","gibbosa",222,16.3,"CP"
"4D","AR","Shorea macroptera","DIPTEROCARPACEAE","Shorea","macroptera",380,35.7,"CP"
"4D","AR","Stemonurus unknown mixed","STEMONURACEAE","Stemonurus","unknown mixed",353,25.9,"CP"
"4D","AR","Ochanostachys amentacea","OLACACEAE","Ochanostachys","amentacea",447,30.4,"CP"
"4D","AR","Vatica dulitensis","DIPTEROCARPACEAE","Vatica","dulitensis",217,28.6,"CP"
"4D","AR","Unknown unknown mixed","MELIACEAE","Unknown","unknown mixed",151,13.9,"CP"
"4D","AR","Shorea gibbosa","DIPTEROCARPACEAE","Shorea","gibbosa",283,32.6,"CP"
"4D","AR","Madhuca kingiana","SAPOTACEAE","Madhuca","kingiana",246,23,"CP"
"4D","AR","Shorea pauciflora","DIPTEROCARPACEAE","Shorea","pauciflora",1446,56.5,"CP"
"4D","AR","Unknown unknown mixed","LIANA","Unknown","unknown mixed",178,56.5,"CP"
"4D","AR","Unknown unknown mixed","LIANA","Unknown","unknown mixed",116,56.5,"CP"
"4D","AR","Parashorea tomentella","DIPTEROCARPACEAE","Parashorea","tomentella",252,30.9,"CP"
"4D","AR","Reinwardtiodendron humile","MELIACEAE","Reinwardtiodendron","humile",110,22.1,"CP"
"4D","AR","Ficus unknown mixed","MORACEAE","Ficus","unknown mixed",198,26.3,"CP"
"4D","AR","Knema latericia","MYRISTICACEAE","Knema","latericia",123,13.5,"CP"
"4D","AR","Lithocarpus nieuwenhuisii","FAGACEAE","Lithocarpus","nieuwenhuisii",133,23.3,"CP"
"4D","AR","Lophopetalum javanicum","CELASTRACEAE","Lophopetalum","javanicum",113,21.8,"CP"
"4D","AR","Lophopetalum javanicum","CELASTRACEAE","Lophopetalum","javanicum",153,21.1,"CP"
"4D","AR","Aporusa falcifera","PHYLLANTHACEAE","Aporusa","falcifera",129,21.6,"CP"
"4D","AR","Shorea parvifolia","DIPTEROCARPACEAE","Shorea","parvifolia",601,78.2,"CP"
"4D","AR","Neesia synandra","MALVACEAE","Neesia","synandra",147,16.6,"CP"
"4D","AR","Xanthophyllum unknown mixed","POLYGALACEAE","Xanthophyllum","unknown mixed",188,17.3,"CP"
"4D","AR","Alangium javanicum","ALANGIACEAE","Alangium","javanicum",305,46.1,"CP"
"4D","AR","Scaphium longiflorum","MALVACEAE","Scaphium","longiflorum",155,16,"CP"
"4D","AR","Madhuca kingiana","SAPOTACEAE","Madhuca","kingiana",500,30,"CP"
"4D","AR","Dryobalanops lanceolata","DIPTEROCARPACEAE","Dryobalanops","lanceolata",112,15.9,"CP"
"4D","AR","Ardisia  colorata","PRIMULACEAE","Ardisia ","colorata",120,20.7,"CP"
"4D","AR","Syzygium unknown mixed","MYRTACEAE","Syzygium","unknown mixed",195,27.6,"CP"
"4D","AR","Knema latericia","MYRISTICACEAE","Knema","latericia",184,15.1,"CP"
"4D","AR","Shorea pauciflora","DIPTEROCARPACEAE","Shorea","pauciflora",107,11.3,"CP"
"4D","AR","Mallotus wrayi","EUPHORBIACEAE","Mallotus","wrayi",139,15.3,"CP"
"4D","AR","Syzygium unknown mixed","MYRTACEAE","Syzygium","unknown mixed",913,38.8,"CP"
"4D","AR","Aglaia tomentosa","MELIACEAE","Aglaia","tomentosa",113,17.6,"CP"
"4D","AR","Shorea gibbosa","DIPTEROCARPACEAE","Shorea","gibbosa",107,12.9,"CP"
"4D","AR","Phaeanthus splendens","ANNONACEAE","Phaeanthus","splendens",292,30.3,"CP"
"4D","AR","Casearia grewiifolia","SAPINDACEAE","Casearia","grewiifolia",166,13.7,"CP"
"4D","AR","Knema latericia","MYRISTICACEAE","Knema","latericia",152,26,"CP"
"4D","AR","Teijsmanniodendron unknown mixed","LAMIACEAE","Teijsmanniodendron","unknown mixed",468,36.2,"CP"
"4D","AR","Shorea gibbosa","DIPTEROCARPACEAE","Shorea","gibbosa",240,18.3,"CP"
"4D","AR","Shorea fallax","DIPTEROCARPACEAE","Shorea","fallax",130,12.9,"CP"
"4D","AR","Dacryodes unknown mixed","BURSERACEAE","Dacryodes","unknown mixed",588,26.4,"CP"
"4D","AR","Ryparosa hullettii","ACHARIACEAE","Ryparosa","hullettii",118,8,"CP"
"4D","AR","Xanthophyllum affine","POLYGALACEAE","Xanthophyllum","affine",238,17.3,"CP"
"4D","AR","Madhuca kingiana","SAPOTACEAE","Madhuca","kingiana",188,21.8,"CP"
"4D","AR","Alangium javanicum","ALANGIACEAE","Alangium","javanicum",555,26.6,"CP"
"4D","AR","Crudia tenuipes","FABACEAE","Crudia","tenuipes",120,13.6,"CP"
"4D","AR","Syzygium unknown mixed","MYRTACEAE","Syzygium","unknown mixed",196,13.6,"CP"
"4D","AR","Shorea parvifolia","DIPTEROCARPACEAE","Shorea","parvifolia",2008,60.9,"CP"
"4D","AR","Shorea gibbosa","DIPTEROCARPACEAE","Shorea","gibbosa",227,18.8,"CP"
"4D","AR","Dipterocarpus caudiferus","DIPTEROCARPACEAE","Dipterocarpus","caudiferus",231,22.2,"CP"
"4D","AR","Vatica dulitensis","DIPTEROCARPACEAE","Vatica","dulitensis",285,24.4,"CP"
"4D","AR","Unknown unknown mixed","FABACEAE","Unknown","unknown mixed",229,18.9,"CP"
"4D","AR","Koilodepas longifolium","EUPHORBIACEAE","Koilodepas","longifolium",139,12.9,"CP"
"4D","AR","Neoscortechinia kingii","EUPHORBIACEAE","Neoscortechinia","kingii",133,14.1,"CP"
"4D","AR","Shorea parvifolia","DIPTEROCARPACEAE","Shorea","parvifolia",153,18.2,"CP"
"4D","AR","Madhuca kingiana","SAPOTACEAE","Madhuca","kingiana",535,21.8,"CP"
"4D","AR","Mallotus stipularis","EUPHORBIACEAE","Mallotus","stipularis",128,13.1,"CP"
"4D","AR","Syzygium unknown mixed","MYRTACEAE","Syzygium","unknown mixed",460,24.1,"CP"
"4D","AR","Shorea macrophylla","DIPTEROCARPACEAE","Shorea","macrophylla",106,13,"CP"
"4D","AR","Mallotus stipularis","EUPHORBIACEAE","Mallotus","stipularis",113,17.5,"CP"
"4D","AR","Madhuca kingiana","SAPOTACEAE","Madhuca","kingiana",432,30,"CP"
"4D","AR","Madhuca kingiana","SAPOTACEAE","Madhuca","kingiana",512,28.1,"CP"
"4D","AR","Koilodepas longifolium","EUPHORBIACEAE","Koilodepas","longifolium",101,10.2,"CP"
"4D","AR","Ludekia borneensis","RUBIACEAE","Ludekia","borneensis",460,42.4,"CP"
"4D","AR","Shorea gibbosa","DIPTEROCARPACEAE","Shorea","gibbosa",329,29.3,"CP"
"5D","AR","Shorea pauciflora","DIPTEROCARPACEAE","Shorea","pauciflora",521,30.2,"CP"
"5D","AR","Mallotus wrayi","EUPHORBIACEAE","Mallotus","wrayi",148,14.1,"CP"
"5D","AR","Hopea nervosa","DIPTEROCARPACEAE","Hopea","nervosa",120,10.1,"CP"
"5D","AR","Glochidion lanceisepalum","PHYLLANTHACEAE","Glochidion","lanceisepalum",160,6.9,"CP"
"5D","AR","Microcos ossea","MALVACEAE","Microcos","ossea",157,10.8,"CP"
"5D","AR","Lithocarpus unknown mixed","FAGACEAE","Lithocarpus","unknown mixed",332,20.7,"CP"
"5D","AR","Macaranga hypoleuca","EUPHORBIACEAE","Macaranga","hypoleuca",437,30.5,"CP"
"5D","AR","Hopea nervosa","DIPTEROCARPACEAE","Hopea","nervosa",365,15.9,"CP"
"5D","AR","Hopea nervosa","DIPTEROCARPACEAE","Hopea","nervosa",124,18.1,"CP"
"5D","AR","Shorea johorensis","DIPTEROCARPACEAE","Shorea","johorensis",1220,57.1,"CP"
"5D","AR","Hopea nervosa","DIPTEROCARPACEAE","Hopea","nervosa",317,38,"CP"
"5D","AR","Ficus unknown mixed","MORACEAE","Ficus","unknown mixed",1701,65.4,"CP"
"5D","AR","Ficus unknown mixed","MORACEAE","Ficus","unknown mixed",1366,65.4,"CP"
"5D","AR","Diospyros unknown mixed","EBENACEAE","Diospyros","unknown mixed",344,25.6,"CP"
"5D","AR","Hopea nervosa","DIPTEROCARPACEAE","Hopea","nervosa",105,8.2,"CP"
"5D","AR","Shorea parvifolia","DIPTEROCARPACEAE","Shorea","parvifolia",271,21.5,"CP"
"5D","AR","Mallotus wrayi","EUPHORBIACEAE","Mallotus","wrayi",104,9.3,"CP"
"5D","AR","Shorea seminis","DIPTEROCARPACEAE","Shorea","seminis",225,26.3,"CP"
"5D","AR","Shorea johorensis","DIPTEROCARPACEAE","Shorea","johorensis",964,54,"CP"
"5D","AR","Unknown unknown mixed","MELIACEAE","Unknown","unknown mixed",129,13.1,"CP"
"5D","AR","Dysoxylum rigidum","MELIACEAE","Dysoxylum","rigidum",138,18.9,"CP"
"5D","AR","Hopea ferruginea","DIPTEROCARPACEAE","Hopea","ferruginea",114,12.2,"CP"
"5D","AR","Lophopetalum javanicum","CELASTRACEAE","Lophopetalum","javanicum",161,17.5,"CP"
"5D","AR","Shorea parvifolia","DIPTEROCARPACEAE","Shorea","parvifolia",331,29.9,"CP"
"5D","AR","Shorea parvifolia","DIPTEROCARPACEAE","Shorea","parvifolia",520,35.6,"CP"
"5D","AR","Unknown unknown mixed","MELIACEAE","Unknown","unknown mixed",200,18.6,"CP"
"5D","AR","Knema latericia","MYRISTICACEAE","Knema","latericia",110,13.1,"CP"
"5D","AR","Knema latericia","MYRISTICACEAE","Knema","latericia",201,20.1,"CP"
"5D","AR","Syzygium unknown mixed","MYRTACEAE","Syzygium","unknown mixed",277,22.7,"CP"
"5D","AR","Shorea superba","DIPTEROCARPACEAE","Shorea","superba",186,28.4,"CP"
"5D","AR","Hopea nervosa","DIPTEROCARPACEAE","Hopea","nervosa",175,15.3,"CP"
"5D","AR","Hopea nervosa","DIPTEROCARPACEAE","Hopea","nervosa",124,15.3,"CP"
"5D","AR","Alangium javanicum","ALANGIACEAE","Alangium","javanicum",306,26,"CP"
"5D","AR","Hopea nervosa","DIPTEROCARPACEAE","Hopea","nervosa",185,16.1,"CP"
"5D","AR","Alangium javanicum","ALANGIACEAE","Alangium","javanicum",201,21.1,"CP"
"5D","AR","Hopea nervosa","DIPTEROCARPACEAE","Hopea","nervosa",204,19,"CP"
"5D","AR","Parashorea malaanonan","DIPTEROCARPACEAE","Parashorea","malaanonan",217,16.3,"CP"
"5D","AR","Unknown unknown mixed","ANNONACEAE","Unknown","unknown mixed",254,19.7,"CP"
"5D","AR","Parashorea tomentella","DIPTEROCARPACEAE","Parashorea","tomentella",447,34.7,"CP"
"5D","AR","Aglaia silvestris","MELIACEAE","Aglaia","silvestris",185,15.8,"CP"
"5D","AR","Hopea nervosa","DIPTEROCARPACEAE","Hopea","nervosa",131,16.2,"CP"
"5D","AR","Lithocarpus unknown mixed","FAGACEAE","Lithocarpus","unknown mixed",135,12.8,"CP"
"5D","AR","Hopea nervosa","DIPTEROCARPACEAE","Hopea","nervosa",297,27.6,"CP"
"5D","AR","Hopea nervosa","DIPTEROCARPACEAE","Hopea","nervosa",300,24.8,"CP"
"5D","AR","Syzygium unknown mixed","MYRTACEAE","Syzygium","unknown mixed",104,13.3,"CP"
"5D","AR","Hopea nervosa","DIPTEROCARPACEAE","Hopea","nervosa",311,20.2,"CP"
"5D","AR","Hopea nervosa","DIPTEROCARPACEAE","Hopea","nervosa",245,18.5,"CP"
"5D","AR","Hopea nervosa","DIPTEROCARPACEAE","Hopea","nervosa",120,20.8,"CP"
"5D","AR","Neoscortechinia kingii","EUPHORBIACEAE","Neoscortechinia","kingii",209,19.4,"CP"
"5D","AR","Mallotus wrayi","EUPHORBIACEAE","Mallotus","wrayi",114,15.1,"CP"
"5D","AR","Litsea oppositifolia","LAURACEAE","Litsea","oppositifolia",188,19,"CP"
"5D","AR","Lophopetalum javanicum","CELASTRACEAE","Lophopetalum","javanicum",133,16,"CP"
"5D","AR","Parashorea malaanonan","DIPTEROCARPACEAE","Parashorea","malaanonan",173,18.2,"CP"
"5D","AR","Alangium javanicum","ALANGIACEAE","Alangium","javanicum",118,15.6,"CP"
"5D","AR","Macaranga hypoleuca","EUPHORBIACEAE","Macaranga","hypoleuca",317,34.3,"CP"
"5D","AR","Lepisanthes senegalensis","SAPINDACEAE","Lepisanthes","senegalensis",119,14.1,"CP"
"5D","AR","Mallotus wrayi","EUPHORBIACEAE","Mallotus","wrayi",122,6.4,"CP"
"5D","AR","Baccaurea tetrandra","PHYLLANTHACEAE","Baccaurea","tetrandra",140,13.9,"CP"
"5D","AR","Cryptocarya erectinervia","LAURACEAE","Cryptocarya","erectinervia",165,16.2,"CP"
"5D","AR","Koilodepas longifolium","EUPHORBIACEAE","Koilodepas","longifolium",NA,NA,"CP"
"5D","AR","Hopea nervosa","DIPTEROCARPACEAE","Hopea","nervosa",207,21.1,"CP"
"5D","AR","Mallotus stipularis","EUPHORBIACEAE","Mallotus","stipularis",131,16.5,"CP"
"5D","AR","Adenanthera kostermansii","FABACEAE","Adenanthera","kostermansii",371,30.3,"CP"
"5D","AR","Hopea nervosa","DIPTEROCARPACEAE","Hopea","nervosa",147,20.1,"CP"
"5D","AR","Shorea pauciflora","DIPTEROCARPACEAE","Shorea","pauciflora",191,22.2,"CP"
"5D","AR","Stemonurus grandifolius","STEMONURACEAE","Stemonurus","grandifolius",227,22.3,"CP"
"5D","AR","Hopea nervosa","DIPTEROCARPACEAE","Hopea","nervosa",176,21.3,"CP"
"5D","AR","Payena unknown mixed","SAPOTACEAE","Payena","unknown mixed",582,29,"CP"
"5D","AR","Mallotus wrayi","EUPHORBIACEAE","Mallotus","wrayi",124,14.6,"CP"
"5D","AR","Koilodepas longifolium","EUPHORBIACEAE","Koilodepas","longifolium",122,9.5,"CP"
"5D","AR","Mallotus wrayi","EUPHORBIACEAE","Mallotus","wrayi",125,14.3,"CP"
"5D","AR","Koilodepas longifolium","EUPHORBIACEAE","Koilodepas","longifolium",580,45.3,"CP"
"5D","AR","Shorea parvifolia","DIPTEROCARPACEAE","Shorea","parvifolia",188,25.8,"CP"
"5D","AR","Diospyros unknown mixed","EBENACEAE","Diospyros","unknown mixed",180,17.3,"CP"
"5D","AR","Koilodepas longifolium","EUPHORBIACEAE","Koilodepas","longifolium",102,7,"CP"
"5D","AR","Koilodepas longifolium","EUPHORBIACEAE","Koilodepas","longifolium",121,12.1,"CP"
"5D","AR","Alangium javanicum","ALANGIACEAE","Alangium","javanicum",322,30,"CP"
"5D","AR","Canarium decumanum","BURSERACEAE","Canarium","decumanum",194,25.1,"CP"
"5D","AR","Mallotus wrayi","EUPHORBIACEAE","Mallotus","wrayi",103,13.1,"CP"
"5D","AR","Lithocarpus unknown mixed","FAGACEAE","Lithocarpus","unknown mixed",360,36.7,"CP"
"5D","AR","Shorea argentifolia","DIPTEROCARPACEAE","Shorea","argentifolia",788,45.6,"CP"
"5D","AR","Hopea nervosa","DIPTEROCARPACEAE","Hopea","nervosa",242,17.4,"CP"
"5D","AR","Hopea nervosa","DIPTEROCARPACEAE","Hopea","nervosa",306,23.4,"CP"
"5D","AR","Hopea nervosa","DIPTEROCARPACEAE","Hopea","nervosa",525,30.5,"CP"
"5D","AR","Hopea nervosa","DIPTEROCARPACEAE","Hopea","nervosa",361,27.7,"CP"
"5D","AR","Mallotus wrayi","EUPHORBIACEAE","Mallotus","wrayi",140,12.8,"CP"
"5D","AR","Shorea johorensis","DIPTEROCARPACEAE","Shorea","johorensis",819,60.7,"CP"
"5D","AR","Mallotus wrayi","EUPHORBIACEAE","Mallotus","wrayi",144,17,"CP"
"5D","AR","Aporusa falcifera","PHYLLANTHACEAE","Aporusa","falcifera",323,20.6,"CP"
"5D","AR","Koilodepas longifolium","EUPHORBIACEAE","Koilodepas","longifolium",135,6.9,"CP"
"5D","AR","Knema laurina","MYRISTICACEAE","Knema","laurina",169,18.5,"CP"
"5D","AR","Payena unknown mixed","SAPOTACEAE","Payena","unknown mixed",249,20.6,"CP"
"5D","AR","Mallotus wrayi","EUPHORBIACEAE","Mallotus","wrayi",105,14.3,"CP"
"5D","AR","Santiria tomentosa","BURSERACEAE","Santiria","tomentosa",174,19.7,"CP"
"5D","AR","Maasia sumatrana","ANNONACEAE","Maasia","sumatrana",161,15.4,"CP"
"5D","AR","Shorea beccariana","Dipterocarpaceae","Shorea","beccariana",352,23.1,"CP"
"5D","AR","Baccaurea lanceolata","PHYLLANTHACEAE","Baccaurea","lanceolata",114,15.9,"CP"
"5D","AR","Mallotus wrayi","EUPHORBIACEAE","Mallotus","wrayi",159,14.9,"CP"
"5D","AR","Koilodepas longifolium","EUPHORBIACEAE","Koilodepas","longifolium",139,10.2,"CP"
"5D","AR","Unknown unknown mixed","MELIACEAE","Unknown","unknown mixed",121,11,"CP"
"5D","AR","Cleistanthus hirsutulus","PHYLLANTHACEAE","Cleistanthus","hirsutulus",129,13.2,"CP"
"5D","AR","Canarium denticulatum","BURSERACEAE","Canarium","denticulatum",166,15.3,"CP"
"5D","AR","Mallotus wrayi","EUPHORBIACEAE","Mallotus","wrayi",144,16,"CP"
"5D","AR","Hopea nervosa","DIPTEROCARPACEAE","Hopea","nervosa",132,14.2,"CP"
"5D","AR","Shorea beccariana","Dipterocarpaceae","Shorea","beccariana",404,27.7,"CP"
"5D","AR","Walsura pinnata","MELIACEAE","Walsura","pinnata",139,16.8,"CP"
"5D","AR","Nephelium ramboutan-ake","SAPINDACEAE","Nephelium","ramboutan-ake",329,21.4,"CP"
"5D","AR","Hopea nervosa","DIPTEROCARPACEAE","Hopea","nervosa",121,16.3,"CP"
"5D","AR","Hopea nervosa","DIPTEROCARPACEAE","Hopea","nervosa",109,19.2,"CP"
"5D","AR","Mallotus stipularis","EUPHORBIACEAE","Mallotus","stipularis",153,12.3,"CP"
"5D","AR","Hopea nervosa","DIPTEROCARPACEAE","Hopea","nervosa",187,19,"CP"
"5D","AR","Alangium javanicum","ALANGIACEAE","Alangium","javanicum",108,5,"CP"
"5D","AR","Mallotus stipularis","EUPHORBIACEAE","Mallotus","stipularis",232,14.2,"CP"
"5D","AR","Hopea nervosa","DIPTEROCARPACEAE","Hopea","nervosa",148,19.6,"CP"
"5D","AR","Hopea nervosa","DIPTEROCARPACEAE","Hopea","nervosa",115,18.5,"CP"
"5D","AR","Baccaurea tetrandra","PHYLLANTHACEAE","Baccaurea","tetrandra",130,14.5,"CP"
"5D","AR","Alangium javanicum","ALANGIACEAE","Alangium","javanicum",217,25.7,"CP"
"5D","AR","Shorea macrophylla","DIPTEROCARPACEAE","Shorea","macrophylla",269,20.7,"CP"
"5D","AR","Payena unknown mixed","SAPOTACEAE","Payena","unknown mixed",272,20.9,"CP"
"5D","AR","Pentace laxiflora","MALVACEAE","Pentace","laxiflora",129,13.6,"CP"
"5D","AR","Alangium javanicum","ALANGIACEAE","Alangium","javanicum",145,29.4,"CP"
"5D","AR","Macaranga hypoleuca","EUPHORBIACEAE","Macaranga","hypoleuca",473,36.8,"CP"
"5D","AR","Shorea johorensis","DIPTEROCARPACEAE","Shorea","johorensis",406,40.4,"CP"
"5D","AR","Dacryodes rostrata","BURSERACEAE","Dacryodes","rostrata",184,24.2,"CP"
"5D","AR","Hopea nervosa","DIPTEROCARPACEAE","Hopea","nervosa",272,24.2,"CP"
"5D","AR","Dryobalanops lanceolata","DIPTEROCARPACEAE","Dryobalanops","lanceolata",394,35.1,"CP"
"5D","AR","Shorea macrophylla","DIPTEROCARPACEAE","Shorea","macrophylla",260,18.8,"CP"
"5D","AR","Dipterocarpus caudiferus","DIPTEROCARPACEAE","Dipterocarpus","caudiferus",154,8.3,"CP"
"5D","AR","Shorea macrophylla","DIPTEROCARPACEAE","Shorea","macrophylla",153,13.3,"CP"
"5D","AR","Dryobalanops lanceolata","DIPTEROCARPACEAE","Dryobalanops","lanceolata",667,37.8,"CP"
"5D","AR","Lithocarpus gracilis","FAGACEAE","Lithocarpus","gracilis",486,30.4,"CP"
"5D","AR","Melicope  lunu-ankenda","RUTACEAE","Melicope ","lunu-ankenda",265,26.1,"CP"
"5D","AR","Hopea nervosa","DIPTEROCARPACEAE","Hopea","nervosa",178,17,"CP"
"5D","AR","Hopea nervosa","DIPTEROCARPACEAE","Hopea","nervosa",143,16.8,"CP"
"5D","AR","Hopea nervosa","DIPTEROCARPACEAE","Hopea","nervosa",229,21,"CP"
"5D","AR","Pentace laxiflora","MALVACEAE","Pentace","laxiflora",313,29.5,"CP"
"5D","AR","Shorea parvifolia","DIPTEROCARPACEAE","Shorea","parvifolia",800,46.7,"CP"
"6D","AR","Vatica dulitensis","DIPTEROCARPACEAE","Vatica","dulitensis",421,30.1,"CP"
"6D","AR","Xanthophyllum affine","POLYGALACEAE","Xanthophyllum","affine",199,11.3,"CP"
"6D","AR","Glochidion elmari","PHYLLANTHACEAE","Glochidion","elmari",129,8.2,"CP"
"6D","AR","Nauclea unknown mixed","RUBIACEAE","Nauclea","unknown mixed",249,19.6,"CP"
"6D","AR","Lithocarpus leptogyne","FAGACEAE","Lithocarpus","leptogyne",529,39.9,"CP"
"6D","AR","Neolamarckia cadamba","RUBIACEAE","Neolamarckia","cadamba",541,49.9,"CP"
"6D","AR","Pternandra coerulescens","MELASTOMATACEAE","Pternandra","coerulescens",128,14.2,"CP"
"6D","AR","Lithocarpus gracilis","FAGACEAE","Lithocarpus","gracilis",585,49.6,"CP"
"6D","AR","Castanopsis hypophoenicea","FAGACEAE","Castanopsis","hypophoenicea",360,42.6,"CP"
"6D","AR","Pentace laxiflora","MALVACEAE","Pentace","laxiflora",163,26.6,"CP"
"6D","AR","Maasia sumatrana","ANNONACEAE","Maasia","sumatrana",175,15.2,"CP"
"6D","AR","Glochidion unknown mixed","PHYLLANTHACEAE","Glochidion","unknown mixed",400,24.7,"CP"
"6D","AR","Ochanostachys amentacea","OLACACEAE","Ochanostachys","amentacea",150,15.7,"CP"
"6D","AR","Koilodepas longifolium","EUPHORBIACEAE","Koilodepas","longifolium",105,17.6,"CP"
"6D","AR","Cryptocarya erectinervia","LAURACEAE","Cryptocarya","erectinervia",112,14,"CP"
"6D","AR","Mallotus wrayi","EUPHORBIACEAE","Mallotus","wrayi",127,15.7,"CP"
"6D","AR","Pentace laxiflora","MALVACEAE","Pentace","laxiflora",492,30.5,"CP"
"6D","AR","Hopea nervosa","DIPTEROCARPACEAE","Hopea","nervosa",184,19.8,"CP"
"6D","AR","Scaphium macropodum","MALVACEAE","Scaphium","macropodum",110,8.5,"CP"
"6D","AR","Glochidion rubrum","PHYLLANTHACEAE","Glochidion","rubrum",105,15.8,"CP"
"6D","AR","Diospyros elliptifolia","EBENACEAE","Diospyros","elliptifolia",186,14.8,"CP"
"6D","AR","Mallotus wrayi","EUPHORBIACEAE","Mallotus","wrayi",135,14.9,"CP"
"6D","AR","Dacryodes rugosa","BURSERACEAE","Dacryodes","rugosa",153,17.8,"CP"
"6D","AR","Mallotus wrayi","EUPHORBIACEAE","Mallotus","wrayi",127,13.8,"CP"
"6D","AR","Lophopetalum javanicum","CELASTRACEAE","Lophopetalum","javanicum",191,23.6,"CP"
"6D","AR","Vatica dulitensis","DIPTEROCARPACEAE","Vatica","dulitensis",120,17.6,"CP"
"6D","AR","Parashorea malaanonan","DIPTEROCARPACEAE","Parashorea","malaanonan",355,32.6,"CP"
"6D","AR","Macaranga pearsonii","EUPHORBIACEAE","Macaranga","pearsonii",359,22.7,"CP"
"6D","AR","Litsea caulocarpa","LAURACEAE","Litsea","caulocarpa",163,13.7,"CP"
"6D","AR","Diospyros unknown mixed","EBENACEAE","Diospyros","unknown mixed",159,14.1,"CP"
"6D","AR","Baccaurea unknown mixed","PHYLLANTHACEAE","Baccaurea","unknown mixed",370,20.8,"CP"
"6D","AR","Chisocheton sarawakensis","MELIACEAE","Chisocheton","sarawakensis",256,17,"CP"
"6D","AR","Shorea fallax","DIPTEROCARPACEAE","Shorea","fallax",516,35.1,"CP"
"6D","AR","Lophopetalum javanicum","CELASTRACEAE","Lophopetalum","javanicum",110,11.9,"CP"
"6D","AR","Lophopetalum javanicum","CELASTRACEAE","Lophopetalum","javanicum",187,26.1,"CP"
"6D","AR","Dipterocarpus unknown mixed","DIPTEROCARPACEAE","Dipterocarpus","unknown mixed",111,11.3,"CP"
"6D","AR","Baccaurea lanceolata","PHYLLANTHACEAE","Baccaurea","lanceolata",107,11.8,"CP"
"6D","AR","Mallotus penangensis","EUPHORBIACEAE","Mallotus","penangensis",115,5.1,"CP"
"6D","AR","Litsea unknown mixed","LAURACEAE","Litsea","unknown mixed",132,10.6,"CP"
"6D","AR","Cryptocarya erectinervia","LAURACEAE","Cryptocarya","erectinervia",127,12.4,"CP"
"6D","AR","Lophopetalum javanicum","CELASTRACEAE","Lophopetalum","javanicum",NA,NA,"CP"
"6D","AR","Pleiocarpidia sandakanica","RUBIACEAE","Pleiocarpidia","sandakanica",NA,NA,"CP"
"6D","AR","Scaphium macropodum","MALVACEAE","Scaphium","macropodum",196,28.7,"CP"
"6D","AR","Dipterocarpus unknown mixed","DIPTEROCARPACEAE","Dipterocarpus","unknown mixed",260,25.7,"CP"
"6D","AR","Pentace laxiflora","MALVACEAE","Pentace","laxiflora",620,50.7,"CP"
"6D","AR","Maschalocarybus corymbosus","RUBIACEAE","Maschalocarybus","corymbosus",129,11.7,"CP"
"6D","AR","Cleistanthus unknown mixed","PHYLLANTHACEAE","Cleistanthus","unknown mixed",126,16.2,"CP"
"6D","AR","Mallotus penangensis","EUPHORBIACEAE","Mallotus","penangensis",105,8.9,"CP"
"6D","AR","Parashorea malaanonan","DIPTEROCARPACEAE","Parashorea","malaanonan",278,21.9,"CP"
"6D","AR","Lithocarpus leptogyne","FAGACEAE","Lithocarpus","leptogyne",508,30.3,"CP"
"6D","AR","Parashorea malaanonan","DIPTEROCARPACEAE","Parashorea","malaanonan",553,30.6,"CP"
"6D","AR","Dipterocarpus unknown mixed","DIPTEROCARPACEAE","Dipterocarpus","unknown mixed",394,30,"CP"
"6D","AR","Lithocarpus gracilis","FAGACEAE","Lithocarpus","gracilis",480,34.8,"CP"
"6D","AR","Lophopetalum javanicum","CELASTRACEAE","Lophopetalum","javanicum",178,20.7,"CP"
"6D","AR","Scaphium macropodum","MALVACEAE","Scaphium","macropodum",113,14.2,"CP"
"6D","AR","Mallotus penangensis","EUPHORBIACEAE","Mallotus","penangensis",140,14.9,"CP"
"6D","AR","Chisocheton sarawakensis","MELIACEAE","Chisocheton","sarawakensis",201,20.8,"CP"
"6D","AR","Cleistanthus unknown mixed","PHYLLANTHACEAE","Cleistanthus","unknown mixed",139,19.1,"CP"
"6D","AR","Lophopetalum javanicum","CELASTRACEAE","Lophopetalum","javanicum",125,13.9,"CP"
"6D","AR","Shorea johorensis","DIPTEROCARPACEAE","Shorea","johorensis",465,35.2,"CP"
"6D","AR","Vatica sarawakensis","DIPTEROCARPACEAE","Vatica","sarawakensis",143,13.7,"CP"
"6D","AR","Lophopetalum javanicum","CELASTRACEAE","Lophopetalum","javanicum",200,18.8,"CP"
"6D","AR","Hopea nervosa","DIPTEROCARPACEAE","Hopea","nervosa",151,14.6,"CP"
"6D","AR","Koilodepas longifolium","EUPHORBIACEAE","Koilodepas","longifolium",110,7.4,"CP"
"6D","AR","Dipterocarpus unknown mixed","DIPTEROCARPACEAE","Dipterocarpus","unknown mixed",441,30.7,"CP"
"6D","AR","Castanopsis hypophoenicea","FAGACEAE","Castanopsis","hypophoenicea",183,19.6,"CP"
"6D","AR","Lophopetalum javanicum","CELASTRACEAE","Lophopetalum","javanicum",273,20,"CP"
"6D","AR","Aglaia angustifolia","MELIACEAE","Aglaia","angustifolia",260,18.7,"CP"
"6D","AR","Garcinia forbesii","CLUSIACEAE","Garcinia","forbesii",147,11,"CP"
"6D","AR","Microcos ossea","MALVACEAE","Microcos","ossea",135,11.3,"CP"
"6D","AR","Pternandra coerulescens","MELASTOMATACEAE","Pternandra","coerulescens",142,12.5,"CP"
"6D","AR","Pternandra coerulescens","MELASTOMATACEAE","Pternandra","coerulescens",130,15.3,"CP"
"6D","AR","Pleiocarpidia sandakanica","RUBIACEAE","Pleiocarpidia","sandakanica",151,10.1,"CP"
"6D","AR","Macaranga gigantea","EUPHORBIACEAE","Macaranga","gigantea",NA,NA,"CP"
"6D","AR","Mallotus penangensis","EUPHORBIACEAE","Mallotus","penangensis",200,12.2,"CP"
"6D","AR","Shorea fallax","DIPTEROCARPACEAE","Shorea","fallax",398,7.2,"CP"
"6D","AR","Lophopetalum javanicum","CELASTRACEAE","Lophopetalum","javanicum",145,14.2,"CP"
"6D","AR","Syzygium unknown mixed","MYRTACEAE","Syzygium","unknown mixed",163,9.9,"CP"
"6D","AR","Mallotus penangensis","EUPHORBIACEAE","Mallotus","penangensis",111,9.3,"CP"
"6D","AR","Callicarpa pentandra","LAMIACEAE","Callicarpa","pentandra",NA,NA,"CP"
"6D","AR","Pleiocarpidia sandakanica","RUBIACEAE","Pleiocarpidia","sandakanica",175,9,"CP"
"6D","AR","Neolamarckia cadamba","RUBIACEAE","Neolamarckia","cadamba",438,28.8,"CP"
"6D","AR","Macaranga pearsonii","EUPHORBIACEAE","Macaranga","pearsonii",NA,NA,"CP"
"6D","AR","Dryobalanops lanceolata","DIPTEROCARPACEAE","Dryobalanops","lanceolata",150,18,"CP"
"6D","AR","Glochidion rubrum","PHYLLANTHACEAE","Glochidion","rubrum",224,18.5,"CP"
"6D","AR","Symplocos fasciculata","SYMPLOCACEAE","Symplocos","fasciculata",149,10.1,"CP"
"6D","AR","Pleiocarpidia sandakanica","RUBIACEAE","Pleiocarpidia","sandakanica",155,14.6,"CP"
"6D","AR","Pleiocarpidia sandakanica","RUBIACEAE","Pleiocarpidia","sandakanica",167,16.4,"CP"
"6D","AR","Pleiocarpidia sandakanica","RUBIACEAE","Pleiocarpidia","sandakanica",158,13.2,"CP"
"6D","AR","Pleiocarpidia sandakanica","RUBIACEAE","Pleiocarpidia","sandakanica",109,8.2,"CP"
"6D","AR","Neolamarckia cadamba","RUBIACEAE","Neolamarckia","cadamba",593,49.9,"CP"
"6D","AR","Symplocos fasciculata","SYMPLOCACEAE","Symplocos","fasciculata",142,12.3,"CP"
"6D","AR","Duabanga moluccana","SONNERATIACEAE","Duabanga","moluccana",574,32.8,"CP"
"6D","AR","Cratoxylum unknown mixed","HYPERICACEAE","Cratoxylum","unknown mixed",135,10.3,"CP"
"6D","AR","Aglaia silvestris","MELIACEAE","Aglaia","silvestris",225,17.8,"CP"
"6D","AR","Knema latericia","MYRISTICACEAE","Knema","latericia",139,13,"CP"
"6D","AR","Macaranga gigantea","EUPHORBIACEAE","Macaranga","gigantea",189,11.7,"CP"
"6D","AR","Macaranga gigantea","EUPHORBIACEAE","Macaranga","gigantea",435,13.6,"CP"
"6D","AR","Dimocarpus longan","SAPINDACEAE","Dimocarpus","longan",185,16.8,"CP"
"6D","AR","Cryptocarya strictifolia","LAURACEAE","Cryptocarya","strictifolia",219,19.5,"CP"
"6D","AR","Cryptocarya strictifolia","LAURACEAE","Cryptocarya","strictifolia",225,18.8,"CP"
"6D","AR","Dryobalanops lanceolata","DIPTEROCARPACEAE","Dryobalanops","lanceolata",123,18.5,"CP"
"6D","AR","Neolamarckia cadamba","RUBIACEAE","Neolamarckia","cadamba",433,38.5,"CP"
"6D","AR","Litsea angulata","LAURACEAE","Litsea","angulata",188,13.2,"CP"
"6D","AR","Neolamarckia cadamba","RUBIACEAE","Neolamarckia","cadamba",461,44.8,"CP"
"6D","AR","Sindora irpicina","FABACEAE","Sindora","irpicina",210,17.6,"CP"
"6D","AR","Shorea leprosula","DIPTEROCARPACEAE","Shorea","leprosula",285,33.3,"CP"
"6D","AR","Macaranga hypoleuca","EUPHORBIACEAE","Macaranga","hypoleuca",555,23.3,"CP"
"6D","AR","Shorea fallax","DIPTEROCARPACEAE","Shorea","fallax",165,15.2,"CP"
"6D","AR","Mallotus wrayi","EUPHORBIACEAE","Mallotus","wrayi",NA,NA,"CP"
"6D","AR","Microcos crassifolia","MALVACEAE","Microcos","crassifolia",180,20.1,"CP"
"6D","AR","Shorea beccariana","Dipterocarpaceae","Shorea","beccariana",203,5.8,"CP"
"6D","AR","Shorea beccariana","Dipterocarpaceae","Shorea","beccariana",157,9.6,"CP"
"6D","AR","Shorea fallax","DIPTEROCARPACEAE","Shorea","fallax",132,13,"CP"
"6D","AR","Glochidion rubrum","PHYLLANTHACEAE","Glochidion","rubrum",150,19.6,"CP"
"6D","AR","Cratoxylum unknown mixed","HYPERICACEAE","Cratoxylum","unknown mixed",260,21.5,"CP"
"6D","AR","Dipterocarpus unknown mixed","DIPTEROCARPACEAE","Dipterocarpus","unknown mixed",189,20.2,"CP"
"6D","AR","Shorea fallax","DIPTEROCARPACEAE","Shorea","fallax",175,17,"CP"
"6D","AR","Pentace laxiflora","MALVACEAE","Pentace","laxiflora",127,20.8,"CP"
"6D","AR","Scaphium macropodum","MALVACEAE","Scaphium","macropodum",305,25.4,"CP"
"6D","AR","Macaranga pearsonii","EUPHORBIACEAE","Macaranga","pearsonii",668,36.1,"CP"
"6D","AR","Hopea nervosa","DIPTEROCARPACEAE","Hopea","nervosa",123,12.7,"CP"
"6D","AR","Endospermum diadenum","EUPHORBIACEAE","Endospermum","diadenum",432,15.8,"CP"
"6D","AR","Pleiocarpidia sandakanica","RUBIACEAE","Pleiocarpidia","sandakanica",127,12.9,"CP"
"6D","AR","Hopea nervosa","DIPTEROCARPACEAE","Hopea","nervosa",145,12.2,"CP"
"7D","NR","Dysoxylum unknown mixed","MELIACEAE","Dysoxylum","unknown mixed",446,37.4,"CP"
"7D","NR","Sindora irpicina","FABACEAE","Sindora","irpicina",155,11.7,"CP"
"7D","NR","Shorea johorensis","DIPTEROCARPACEAE","Shorea","johorensis",422,36.5,"CP"
"7D","NR","Maasia sumatrana","ANNONACEAE","Maasia","sumatrana",162,17.1,"CP"
"7D","NR","Parashorea tomentella","DIPTEROCARPACEAE","Parashorea","tomentella",400,29.6,"CP"
"7D","NR","Chionanthus pluriflorus","OLEACEAE","Chionanthus","pluriflorus",134,14.1,"CP"
"7D","NR","Alangium javanicum","ALANGIACEAE","Alangium","javanicum",395,28.4,"CP"
"7D","NR","Shorea leprosula","DIPTEROCARPACEAE","Shorea","leprosula",193,22.5,"CP"
"7D","NR","Aglaia unknown mixed","MELIACEAE","Aglaia","unknown mixed",165,12.8,"CP"
"7D","NR","Barringtonia lanceolata","BARRINGTONIACEAE","Barringtonia","lanceolata",168,13.5,"CP"
"7D","NR","Parashorea malaanonan","DIPTEROCARPACEAE","Parashorea","malaanonan",1013,48,"CP"
"7D","NR","Beilschmiedia cuadrae","LAURACEAE","Beilschmiedia","cuadrae",283,22.2,"CP"
"7D","NR","Buchanania sessilifolia","ANACARDIACEAE","Buchanania","sessilifolia",135,17.2,"CP"
"7D","NR","Shorea leprosula","DIPTEROCARPACEAE","Shorea","leprosula",344,28.5,"CP"
"7D","NR","Canarium denticulatum","BURSERACEAE","Canarium","denticulatum",106,9.7,"CP"
"7D","NR","Chionanthus unknown mixed","OLEACEAE","Chionanthus","unknown mixed",172,22.5,"CP"
"7D","NR","Barringtonia macrostachya","BARRINGTONIACEAE","Barringtonia","macrostachya",213,17.7,"CP"
"7D","NR","Macaranga hypoleuca","EUPHORBIACEAE","Macaranga","hypoleuca",395,23.7,"CP"
"7D","NR","Diospyros macrophylla","EBENACEAE","Diospyros","macrophylla",139,12.7,"CP"
"7D","NR","Canarium denticulatum","BURSERACEAE","Canarium","denticulatum",121,13.9,"CP"
"7D","NR","Dysoxylum cyrtobotryum","MELIACEAE","Dysoxylum","cyrtobotryum",124,14,"CP"
"7D","NR","Shorea johorensis","DIPTEROCARPACEAE","Shorea","johorensis",333,14.5,"CP"
"7D","NR","Chisocheton macranthus","MELIACEAE","Chisocheton","macranthus",120,8.7,"CP"
"7D","NR","Barringtonia lanceolata","BARRINGTONIACEAE","Barringtonia","lanceolata",150,14.8,"CP"
"7D","NR","Alangium javanicum","ALANGIACEAE","Alangium","javanicum",392,34.8,"CP"
"7D","NR","Parashorea malaanonan","DIPTEROCARPACEAE","Parashorea","malaanonan",700,39,"CP"
"7D","NR","Litsea angulata","LAURACEAE","Litsea","angulata",165,8.2,"CP"
"7D","NR","Aglaia unknown mixed","MELIACEAE","Aglaia","unknown mixed",128,9.9,"CP"
"7D","NR","Aglaia unknown mixed","MELIACEAE","Aglaia","unknown mixed",153,7.8,"CP"
"7D","NR","Chisocheton macranthus","MELIACEAE","Chisocheton","macranthus",180,24,"CP"
"7D","NR","Shorea johorensis","DIPTEROCARPACEAE","Shorea","johorensis",709,41.5,"CP"
"7D","NR","Baccaurea stipulata","PHYLLANTHACEAE","Baccaurea","stipulata",118,10.2,"CP"
"7D","NR","Elaeocarpus stipularis","ELAEOCARPACEAE","Elaeocarpus","stipularis",388,22,"CP"
"7D","NR","Parashorea malaanonan","DIPTEROCARPACEAE","Parashorea","malaanonan",925,32.7,"CP"
"7D","NR","Dysoxylum unknown mixed","MELIACEAE","Dysoxylum","unknown mixed",298,15.8,"CP"
"7D","NR","Shorea parvifolia","DIPTEROCARPACEAE","Shorea","parvifolia",225,20.1,"CP"
"7D","NR","Parashorea malaanonan","DIPTEROCARPACEAE","Parashorea","malaanonan",199,20,"CP"
"7D","NR","Shorea leprosula","DIPTEROCARPACEAE","Shorea","leprosula",122,7.8,"CP"
"7D","NR","Mallotus wrayi","EUPHORBIACEAE","Mallotus","wrayi",111,11,"CP"
"7D","NR","Litsea garciae","LAURACEAE","Litsea","garciae",226,14.7,"CP"
"7D","NR","Callicarpa pentandra","LAMIACEAE","Callicarpa","pentandra",116,9.4,"CP"
"7D","NR","Aglaia unknown mixed","MELIACEAE","Aglaia","unknown mixed",217,17.5,"CP"
"7D","NR","Aglaia unknown mixed","MELIACEAE","Aglaia","unknown mixed",158,8.2,"CP"
"7D","NR","Parashorea malaanonan","DIPTEROCARPACEAE","Parashorea","malaanonan",1076,76.8,"CP"
"7D","NR","Canarium denticulatum","BURSERACEAE","Canarium","denticulatum",187,14.2,"CP"
"7D","NR","Parashorea malaanonan","DIPTEROCARPACEAE","Parashorea","malaanonan",854,41.8,"CP"
"7D","NR","Diospyros macrophylla","EBENACEAE","Diospyros","macrophylla",175,17.5,"CP"
"7D","NR","Ixora blumei","RUBIACEAE","Ixora","blumei",121,11,"CP"
"7D","NR","Callicarpa pentandra","LAMIACEAE","Callicarpa","pentandra",143,12.8,"CP"
"7D","NR","Canarium denticulatum","BURSERACEAE","Canarium","denticulatum",178,14.5,"CP"
"7D","NR","Ardisia  macrophylla","PRIMULACEAE","Ardisia ","macrophylla",175,14.3,"CP"
"7D","NR","Monoon grandiflorum","ANNONACEAE","Monoon","grandiflorum",103,10.7,"CP"
"7D","NR","Barringtonia macrostachya","BARRINGTONIACEAE","Barringtonia","macrostachya",184,12.6,"CP"
"7D","NR","Elaeocarpus stipularis","ELAEOCARPACEAE","Elaeocarpus","stipularis",222,14.6,"CP"
"8D","NR","Shorea faguetiana","DIPTEROCARPACEAE","Shorea","faguetiana",880,39.6,"CP"
"8D","NR","Macaranga pearsonii","EUPHORBIACEAE","Macaranga","pearsonii",365,30.8,"CP"
"8D","NR","Macaranga pearsonii","EUPHORBIACEAE","Macaranga","pearsonii",179,29.9,"CP"
"8D","NR","Melicope  lunu-ankenda","RUTACEAE","Melicope ","lunu-ankenda",124,16.5,"CP"
"8D","NR","Macaranga pearsonii","EUPHORBIACEAE","Macaranga","pearsonii",486,32.8,"CP"
"8D","NR","Macaranga pearsonii","EUPHORBIACEAE","Macaranga","pearsonii",610,35.9,"CP"
"8D","NR","Canarium denticulatum","BURSERACEAE","Canarium","denticulatum",114,10.4,"CP"
"8D","NR","Shorea parvifolia","DIPTEROCARPACEAE","Shorea","parvifolia",107,8.4,"CP"
"8D","NR","Shorea johorensis","DIPTEROCARPACEAE","Shorea","johorensis",208,15.5,"CP"
"8D","NR","Shorea faguetiana","DIPTEROCARPACEAE","Shorea","faguetiana",413,32.9,"CP"
"8D","NR","Shorea fallax","DIPTEROCARPACEAE","Shorea","fallax",170,20.3,"CP"
"8D","NR","Shorea fallax","DIPTEROCARPACEAE","Shorea","fallax",180,19.8,"CP"
"8D","NR","Shorea fallax","DIPTEROCARPACEAE","Shorea","fallax",182,22.3,"CP"
"8D","NR","Macaranga hypoleuca","EUPHORBIACEAE","Macaranga","hypoleuca",300,26.9,"CP"
"8D","NR","Macaranga hypoleuca","EUPHORBIACEAE","Macaranga","hypoleuca",200,27.2,"CP"
"8D","NR","Xanthophyllum unknown mixed","POLYGALACEAE","Xanthophyllum","unknown mixed",128,17.9,"CP"
"8D","NR","Shorea faguetiana","DIPTEROCARPACEAE","Shorea","faguetiana",139,24,"CP"
"8D","NR","Lithocarpus leptogyne","FAGACEAE","Lithocarpus","leptogyne",367,31.1,"CP"
"8D","NR","Aporusa illustris","PHYLLANTHACEAE","Aporusa","illustris",121,15,"CP"
"8D","NR","Dipterocarpus unknown mixed","DIPTEROCARPACEAE","Dipterocarpus","unknown mixed",178,22.4,"CP"
"8D","NR","Koilodepas longifolium","EUPHORBIACEAE","Koilodepas","longifolium",103,6.1,"CP"
"8D","NR","Chisocheton sarawakensis","MELIACEAE","Chisocheton","sarawakensis",190,15.7,"CP"
"8D","NR","Hopea nervosa","DIPTEROCARPACEAE","Hopea","nervosa",130,18,"CP"
"8D","NR","Shorea fallax","DIPTEROCARPACEAE","Shorea","fallax",165,21.5,"CP"
"8D","NR","Diospyros pilosanthera","EBENACEAE","Diospyros","pilosanthera",224,19.5,"CP"
"8D","NR","Lithocarpus nieuwenhuisii","FAGACEAE","Lithocarpus","nieuwenhuisii",227,33.8,"CP"
"8D","NR","Lithocarpus nieuwenhuisii","FAGACEAE","Lithocarpus","nieuwenhuisii",195,30.3,"CP"
"8D","NR","Shorea fallax","DIPTEROCARPACEAE","Shorea","fallax",119,14.1,"CP"
"8D","NR","Shorea fallax","DIPTEROCARPACEAE","Shorea","fallax",150,20.7,"CP"
"8D","NR","Shorea parvifolia","DIPTEROCARPACEAE","Shorea","parvifolia",1294,58.3,"CP"
"8D","NR","Maasia sumatrana","ANNONACEAE","Maasia","sumatrana",215,25,"CP"
"8D","NR","Scaphium longifolium","MALVACEAE","Scaphium","longifolium",454,35.7,"CP"
"8D","NR","Dryobalanops lanceolata","DIPTEROCARPACEAE","Dryobalanops","lanceolata",592,33,"CP"
"8D","NR","Buchanania sessilifolia","ANACARDIACEAE","Buchanania","sessilifolia",155,18.8,"CP"
"8D","NR","Buchanania sessilifolia","ANACARDIACEAE","Buchanania","sessilifolia",109,16.9,"CP"
"8D","NR","Macaranga hypoleuca","EUPHORBIACEAE","Macaranga","hypoleuca",222,29.3,"CP"
"8D","NR","Macaranga gigantea","EUPHORBIACEAE","Macaranga","gigantea",257,21.5,"CP"
"8D","NR","Shorea parvifolia","DIPTEROCARPACEAE","Shorea","parvifolia",152,15.9,"CP"
"8D","NR","Hopea nervosa","DIPTEROCARPACEAE","Hopea","nervosa",132,16.4,"CP"
"8D","NR","Lithocarpus leptogyne","FAGACEAE","Lithocarpus","leptogyne",170,21.1,"CP"
"8D","NR","Lithocarpus nieuwenhuisii","FAGACEAE","Lithocarpus","nieuwenhuisii",246,30.2,"CP"
"8D","NR","Glochidion lanceisepalum","PHYLLANTHACEAE","Glochidion","lanceisepalum",163,21.4,"CP"
"8D","NR","Macaranga pearsonii","EUPHORBIACEAE","Macaranga","pearsonii",390,29.5,"CP"
"8D","NR","Glochidion elmari","PHYLLANTHACEAE","Glochidion","elmari",116,14.4,"CP"
"8D","NR","Intsia palembanica","FABACEAE","Intsia","palembanica",145,12.4,"CP"
"8D","NR","Macaranga pearsonii","EUPHORBIACEAE","Macaranga","pearsonii",515,30.7,"CP"
"8D","NR","Macaranga hypoleuca","EUPHORBIACEAE","Macaranga","hypoleuca",NA,NA,"CP"
"8D","NR","Macaranga hypoleuca","EUPHORBIACEAE","Macaranga","hypoleuca",213,36.1,"CP"
"8D","NR","Macaranga pearsonii","EUPHORBIACEAE","Macaranga","pearsonii",563,33.9,"CP"
"8D","NR","Shorea ovata","DIPTEROCARPACEAE","Shorea","ovata",142,16.9,"CP"
"8D","NR","Shorea johorensis","DIPTEROCARPACEAE","Shorea","johorensis",118,16.4,"CP"
"8D","NR","Litsea cordifolia","LAURACEAE","Litsea","cordifolia",194,14.6,"CP"
"8D","NR","Alangium javanicum","ALANGIACEAE","Alangium","javanicum",146,14.1,"CP"
"8D","NR","Lithocarpus nieuwenhuisii","FAGACEAE","Lithocarpus","nieuwenhuisii",188,24.3,"CP"
"8D","NR","Shorea parvifolia","DIPTEROCARPACEAE","Shorea","parvifolia",233,37,"CP"
"8D","NR","Castanopsis hypophoenicea","FAGACEAE","Castanopsis","hypophoenicea",375,34.5,"CP"
"8D","NR","Macaranga pearsonii","EUPHORBIACEAE","Macaranga","pearsonii",537,41.9,"CP"
"8D","NR","Shorea parvifolia","DIPTEROCARPACEAE","Shorea","parvifolia",157,20.8,"CP"
"8D","NR","Shorea parvifolia","DIPTEROCARPACEAE","Shorea","parvifolia",121,14.9,"CP"
"8D","NR","Glochidion elmari","PHYLLANTHACEAE","Glochidion","elmari",108,8.2,"CP"
"8D","NR","Syzygium unknown mixed","MYRTACEAE","Syzygium","unknown mixed",340,28.1,"CP"
"8D","NR","Lithocarpus nieuwenhuisii","FAGACEAE","Lithocarpus","nieuwenhuisii",247,25.6,"CP"
"8D","NR","Lithocarpus nieuwenhuisii","FAGACEAE","Lithocarpus","nieuwenhuisii",191,29,"CP"
"8D","NR","Shorea johorensis","DIPTEROCARPACEAE","Shorea","johorensis",307,20.6,"CP"
"8D","NR","Knema elmeri","MYRISTICACEAE","Knema","elmeri",135,12.6,"CP"
"8D","NR","Shorea parvifolia","DIPTEROCARPACEAE","Shorea","parvifolia",199,24.4,"CP"
"8D","NR","Shorea fallax","DIPTEROCARPACEAE","Shorea","fallax",202,16.5,"CP"
"8D","NR","Syzygium unknown mixed","MYRTACEAE","Syzygium","unknown mixed",198,22.2,"CP"
"8D","NR","Koilodepas longifolium","EUPHORBIACEAE","Koilodepas","longifolium",107,7.5,"CP"
"8D","NR","Koilodepas longifolium","EUPHORBIACEAE","Koilodepas","longifolium",112,5.9,"CP"
"8D","NR","Glochidion elmari","PHYLLANTHACEAE","Glochidion","elmari",115,11.5,"CP"
"8D","NR","Macaranga hypoleuca","EUPHORBIACEAE","Macaranga","hypoleuca",457,35.5,"CP"
"8D","NR","Macaranga hypoleuca","EUPHORBIACEAE","Macaranga","hypoleuca",232,30,"CP"
"8D","NR","Macaranga hypoleuca","EUPHORBIACEAE","Macaranga","hypoleuca",220,28.6,"CP"
"8D","NR","Macaranga hypoleuca","EUPHORBIACEAE","Macaranga","hypoleuca",171,31,"CP"
"8D","NR","Macaranga hypoleuca","EUPHORBIACEAE","Macaranga","hypoleuca",285,28.4,"CP"
"8D","NR","Lithocarpus leptogyne","FAGACEAE","Lithocarpus","leptogyne",168,18.8,"CP"
"8D","NR","Palaquium beccarianum","SAPOTACEAE","Palaquium","beccarianum",122,12.7,"CP"
"8D","NR","Lithocarpus leptogyne","FAGACEAE","Lithocarpus","leptogyne",135,18.6,"CP"
"8D","NR","Macaranga hypoleuca","EUPHORBIACEAE","Macaranga","hypoleuca",442,32.1,"CP"
"8D","NR","Macaranga hypoleuca","EUPHORBIACEAE","Macaranga","hypoleuca",277,33.8,"CP"
"8D","NR","Lithocarpus unknown mixed","FAGACEAE","Lithocarpus","unknown mixed",135,12.9,"CP"
"8D","NR","Glochidion elmari","PHYLLANTHACEAE","Glochidion","elmari",144,15.4,"CP"
"8D","NR","Shorea ovata","DIPTEROCARPACEAE","Shorea","ovata",143,16.4,"CP"
"8D","NR","Knema laurina","MYRISTICACEAE","Knema","laurina",136,17.7,"CP"
"8D","NR","Shorea parvifolia","DIPTEROCARPACEAE","Shorea","parvifolia",263,30.4,"CP"
"8D","NR","Shorea fallax","DIPTEROCARPACEAE","Shorea","fallax",126,17.7,"CP"
"8D","NR","Macaranga hypoleuca","EUPHORBIACEAE","Macaranga","hypoleuca",399,28.4,"CP"
"8D","NR","Glochidion elmari","PHYLLANTHACEAE","Glochidion","elmari",103,13.6,"CP"
"8D","NR","Shorea parvifolia","DIPTEROCARPACEAE","Shorea","parvifolia",221,21.8,"CP"
"8D","NR","Glochidion elmari","PHYLLANTHACEAE","Glochidion","elmari",124,17.8,"CP"
"8D","NR","Shorea superba","DIPTEROCARPACEAE","Shorea","superba",130,16,"CP"
"8D","NR","Shorea faguetiana","DIPTEROCARPACEAE","Shorea","faguetiana",123,12.6,"CP"
"8D","NR","Koilodepas longifolium","EUPHORBIACEAE","Koilodepas","longifolium",114,6.2,"CP"
"8D","NR","Glochidion lanceisepalum","PHYLLANTHACEAE","Glochidion","lanceisepalum",134,17.7,"CP"
"8D","NR","Hopea nervosa","DIPTEROCARPACEAE","Hopea","nervosa",136,16,"CP"
"8D","NR","Shorea fallax","DIPTEROCARPACEAE","Shorea","fallax",178,30.3,"CP"
"8D","NR","Macaranga hypoleuca","EUPHORBIACEAE","Macaranga","hypoleuca",354,32.9,"CP"
"8D","NR","Macaranga hypoleuca","EUPHORBIACEAE","Macaranga","hypoleuca",525,34.6,"CP"
"8D","NR","Diospyros unknown mixed","EBENACEAE","Diospyros","unknown mixed",401,38.3,"CP"
"8D","NR","Macaranga hypoleuca","EUPHORBIACEAE","Macaranga","hypoleuca",258,26.4,"CP"
"8D","NR","Macaranga hypoleuca","EUPHORBIACEAE","Macaranga","hypoleuca",371,31.1,"CP"
"8D","NR","Macaranga hypoleuca","EUPHORBIACEAE","Macaranga","hypoleuca",418,40.8,"CP"
"8D","NR","Macaranga hypoleuca","EUPHORBIACEAE","Macaranga","hypoleuca",461,36.2,"CP"
"8D","NR","Unknown unknown mixed","MELIACEAE","Unknown","unknown mixed",140,13.5,"CP"
"8D","NR","Macaranga hypoleuca","EUPHORBIACEAE","Macaranga","hypoleuca",383,28.7,"CP"
"8D","NR","Macaranga hypoleuca","EUPHORBIACEAE","Macaranga","hypoleuca",287,32.7,"CP"
"8D","NR","Gironniera nervosa","ULMACEAE","Gironniera","nervosa",283,24.6,"CP"
"8D","NR","Canarium denticulatum","BURSERACEAE","Canarium","denticulatum",135,14.8,"CP"
"8D","NR","Fordia unknown mixed","FABACEAE","Fordia","unknown mixed",114,5.9,"CP"
"8D","NR","Hopea nervosa","DIPTEROCARPACEAE","Hopea","nervosa",152,6,"CP"
"8D","NR","Shorea fallax","DIPTEROCARPACEAE","Shorea","fallax",110,9.4,"CP"
"8D","NR","Litsea accedens","LAURACEAE","Litsea","accedens",158,8.5,"CP"
"8D","NR","Hopea nervosa","DIPTEROCARPACEAE","Hopea","nervosa",151,7.4,"CP"
"8D","NR","Glochidion elmari","PHYLLANTHACEAE","Glochidion","elmari",123,16.6,"CP"
"8D","NR","Taulama gitingensis","MAGNOLIACEAE","Taulama","gitingensis",288,32.1,"CP"
"8D","NR","Knema latericia","MYRISTICACEAE","Knema","latericia",119,16.5,"CP"
"8D","NR","Glochidion elmari","PHYLLANTHACEAE","Glochidion","elmari",185,20.8,"CP"
"8D","NR","Glochidion elmari","PHYLLANTHACEAE","Glochidion","elmari",215,19.7,"CP"
"8D","NR","Glochidion elmari","PHYLLANTHACEAE","Glochidion","elmari",205,27.7,"CP"
"8D","NR","Glochidion elmari","PHYLLANTHACEAE","Glochidion","elmari",263,28.5,"CP"
"8D","NR","Glochidion elmari","PHYLLANTHACEAE","Glochidion","elmari",124,13.9,"CP"
"8D","NR","Glochidion elmari","PHYLLANTHACEAE","Glochidion","elmari",334,33.2,"CP"
"8D","NR","Glochidion elmari","PHYLLANTHACEAE","Glochidion","elmari",285,36.6,"CP"
"8D","NR","Glochidion elmari","PHYLLANTHACEAE","Glochidion","elmari",326,34.5,"CP"
"8D","NR","Glochidion elmari","PHYLLANTHACEAE","Glochidion","elmari",123,18.8,"CP"
"8D","NR","Glochidion elmari","PHYLLANTHACEAE","Glochidion","elmari",322,35.5,"CP"
"8D","NR","Glochidion elmari","PHYLLANTHACEAE","Glochidion","elmari",NA,NA,"CP"
"8D","NR","Caryodaphnopsis tonkinensis","LAURACEAE","Caryodaphnopsis","tonkinensis",109,7.7,"CP"
"8D","NR","Glochidion elmari","PHYLLANTHACEAE","Glochidion","elmari",140,12.7,"CP"
"8D","NR","Shorea parvifolia","DIPTEROCARPACEAE","Shorea","parvifolia",109,13.8,"CP"
"8D","NR","Dryobalanops lanceolata","DIPTEROCARPACEAE","Dryobalanops","lanceolata",147,17.2,"CP"
"8D","NR","Eusideroxylon zwageri","LAURACEAE","Eusideroxylon","zwageri",128,14.8,"CP"
"8D","NR","Shorea parvifolia","DIPTEROCARPACEAE","Shorea","parvifolia",129,14.9,"CP"
"8D","NR","Lithocarpus gracilis","FAGACEAE","Lithocarpus","gracilis",437,40.5,"CP"
"8D","NR","Shorea parvifolia","DIPTEROCARPACEAE","Shorea","parvifolia",186,34.2,"CP"
"8D","NR","Drypetes longifolia","PUTRANJIVACEAE","Drypetes","longifolia",NA,NA,"CP"
"8D","NR","Maasia sumatrana","ANNONACEAE","Maasia","sumatrana",193,15.1,"CP"
"8D","NR","Santiria laevigata","BURSERACEAE","Santiria","laevigata",107,11.7,"CP"
"8D","NR","Santiria laevigata","BURSERACEAE","Santiria","laevigata",121,14.5,"CP"
"8D","NR","Shorea fallax","DIPTEROCARPACEAE","Shorea","fallax",237,12.4,"CP"
"8D","NR","Shorea parvifolia","DIPTEROCARPACEAE","Shorea","parvifolia",198,26.3,"CP"
"8D","NR","Chisocheton sarawakensis","MELIACEAE","Chisocheton","sarawakensis",305,16.3,"CP"
"8D","NR","Shorea faguetiana","DIPTEROCARPACEAE","Shorea","faguetiana",NA,NA,"CP"
"8D","NR","Madhuca kingiana","SAPOTACEAE","Madhuca","kingiana",126,12.1,"CP"
"8D","NR","Hydnocarpus anomala","ACHARIACEAE","Hydnocarpus","anomala",110,12.7,"CP"
"8D","NR","Glochidion elmari","PHYLLANTHACEAE","Glochidion","elmari",160,15,"CP"
"8D","NR","Unknown unknown mixed","MELIACEAE","Unknown","unknown mixed",124,12.5,"CP"
"8D","NR","Hopea nervosa","DIPTEROCARPACEAE","Hopea","nervosa",123,18.3,"CP"
"8D","NR","Shorea ovata","DIPTEROCARPACEAE","Shorea","ovata",583,43.1,"CP"
"8D","NR","Knema latericia","MYRISTICACEAE","Knema","latericia",138,14.5,"CP"
"8D","NR","Shorea parvifolia","DIPTEROCARPACEAE","Shorea","parvifolia",196,20.5,"CP"
"8D","NR","Macaranga hypoleuca","EUPHORBIACEAE","Macaranga","hypoleuca",260,17,"CP"
"8D","NR","Xanthophyllum unknown mixed","POLYGALACEAE","Xanthophyllum","unknown mixed",118,10.6,"CP"
"9D","NR","Diospyros macrophylla","EBENACEAE","Diospyros","macrophylla",276,18.9,"CP"
"9D","NR","Nephelium ramboutan-ake","SAPINDACEAE","Nephelium","ramboutan-ake",137,10.8,"CP"
"9D","NR","Diospyros macrophylla","EBENACEAE","Diospyros","macrophylla",192,19.8,"CP"
"9D","NR","Sympetalandra unijug","FABACEAE","Sympetalandra","unijug",139,10.2,"CP"
"9D","NR","Parashorea tomentella","DIPTEROCARPACEAE","Parashorea","tomentella",123,11.8,"CP"
"9D","NR","Lophopetalum javanicum","CELASTRACEAE","Lophopetalum","javanicum",246,18.9,"CP"
"9D","NR","Unknown unknown mixed","SAPINDACEAE","Unknown","unknown mixed",227,20.1,"CP"
"9D","NR","Canarium denticulatum","BURSERACEAE","Canarium","denticulatum",137,9.8,"CP"
"9D","NR","Brownlowia peltata","MALVACEAE","Brownlowia","peltata",127,6.1,"CP"
"9D","NR","Unknown unknown mixed","MELIACEAE","Unknown","unknown mixed",1125,56,"CP"
"9D","NR","Paranephelium macrophyllum","SAPINDACEAE","Paranephelium","macrophyllum",187,18.6,"CP"
"9D","NR","Parashorea malaanonan","DIPTEROCARPACEAE","Parashorea","malaanonan",1061,57.1,"CP"
"9D","NR","Vitex pinnata","LAMIACEAE","Vitex","pinnata",228,16,"CP"
"9D","NR","Pleiocarpidia sandakanica","RUBIACEAE","Pleiocarpidia","sandakanica",117,10,"CP"
"9D","NR","Aglaia silvestris","MELIACEAE","Aglaia","silvestris",120,12.4,"CP"
"9D","NR","Diospyros andamanica","EBENACEAE","Diospyros","andamanica",208,13.2,"CP"
"9D","NR","Diospyros andamanica","EBENACEAE","Diospyros","andamanica",193,14.1,"CP"
"9D","NR","Xanthophyllum unknown mixed","POLYGALACEAE","Xanthophyllum","unknown mixed",144,11.4,"CP"
"9D","NR","Unknown unknown mixed","LAURACEAE","Unknown","unknown mixed",226,15.6,"CP"
"9D","NR","Canarium denticulatum","BURSERACEAE","Canarium","denticulatum",360,25.7,"CP"
"9D","NR","Orophea corymbosa","ANNONACEAE","Orophea","corymbosa",142,17.4,"CP"
"9D","NR","Memecylon costatum","MEMECYLACEAE","Memecylon","costatum",137,12.5,"CP"
"9D","NR","Knema laurina","MYRISTICACEAE","Knema","laurina",166,19.7,"CP"
"9D","NR","Orophea myriantha","ANNONACEAE","Orophea","myriantha",185,11,"CP"
"9D","NR","Lepisanthes unknown mixed","SAPINDACEAE","Lepisanthes","unknown mixed",770,36.8,"CP"
"9D","NR","Aporusa illustris","PHYLLANTHACEAE","Aporusa","illustris",177,10.5,"CP"
"9D","NR","Eusideroxylon zwageri","LAURACEAE","Eusideroxylon","zwageri",552,24.9,"CP"
"9D","NR","Unknown unknown mixed","LIANA","Unknown","unknown mixed",130,24.9,"CP"
"9D","NR","Taulama unknown mixed","MAGNOLIACEAE","Taulama","unknown mixed",203,25.1,"CP"
"9D","NR","Unknown unknown mixed","LIANA","Unknown","unknown mixed",122,24.9,"CP"
"9D","NR","Diospyros macrophylla","EBENACEAE","Diospyros","macrophylla",256,15.6,"CP"
"9D","NR","Lophopetalum beccarianum","CELASTRACEAE","Lophopetalum","beccarianum",131,14.2,"CP"
"9D","NR","Shorea unknown mixed","DIPTEROCARPACEAE","Shorea","unknown mixed",109,14.7,"CP"
"9D","NR","Unknown unknown mixed","MELIACEAE","Unknown","unknown mixed",172,15.6,"CP"
"9D","NR","Microcos latistipulata","MALVACEAE","Microcos","latistipulata",166,16.5,"CP"
"9D","NR","Fordia brachybotrys","FABACEAE","Fordia","brachybotrys",113,9.9,"CP"
"9D","NR","Teijsmanniodendron unknown mixed","LAMIACEAE","Teijsmanniodendron","unknown mixed",141,12.8,"CP"
"9D","NR","Unknown unknown mixed","FABACEAE","Unknown","unknown mixed",146,6.5,"CP"
"9D","NR","Unknown unknown mixed","MELIACEAE","Unknown","unknown mixed",167,19.7,"CP"
"9D","NR","Syzygium unknown mixed","MYRTACEAE","Syzygium","unknown mixed",173,11.2,"CP"
"9D","NR","Unknown unknown mixed","MELIACEAE","Unknown","unknown mixed",114,9.7,"CP"
"9D","NR","Koompassia excelsa","FABACEAE","Koompassia","excelsa",1612,80.6,"CP"
"9D","NR","Shorea johorensis","DIPTEROCARPACEAE","Shorea","johorensis",896,60.9,"CP"
"9D","NR","Vitex pinnata","LAMIACEAE","Vitex","pinnata",123,13.1,"CP"
"9D","NR","Diospyros macrophylla","EBENACEAE","Diospyros","macrophylla",357,19.5,"CP"
"9D","NR","Dillenia excelsa","DILLENIACEAE","Dillenia","excelsa",120,10.6,"CP"
"9D","NR","Baccaurea tetrandra","PHYLLANTHACEAE","Baccaurea","tetrandra",114,12.6,"CP"
"9D","NR","Diospyros macrophylla","EBENACEAE","Diospyros","macrophylla",127,10.9,"CP"
"9D","NR","Baccaurea tetrandra","PHYLLANTHACEAE","Baccaurea","tetrandra",120,8,"CP"
"9D","NR","Dimocarpus dentatus","SAPINDACEAE","Dimocarpus","dentatus",203,10.4,"CP"
"9D","NR","Shorea leprosula","DIPTEROCARPACEAE","Shorea","leprosula",633,52.6,"CP"
"9D","NR","Unknown unknown mixed","MELIACEAE","Unknown","unknown mixed",160,16.6,"CP"
"9D","NR","Unknown unknown mixed","MELIACEAE","Unknown","unknown mixed",118,17.1,"CP"
"9D","NR","Unknown unknown mixed","RUBIACEAE","Unknown","unknown mixed",797,48.6,"CP"
"9D","NR","Unknown unknown mixed","MELIACEAE","Unknown","unknown mixed",157,25.2,"CP"
"9D","NR","Payena unknown mixed","SAPOTACEAE","Payena","unknown mixed",142,13.7,"CP"
"9D","NR","Payena unknown mixed","SAPOTACEAE","Payena","unknown mixed",202,25.5,"CP"
"9D","NR","Diospyros andamanica","EBENACEAE","Diospyros","andamanica",250,25.3,"CP"
"9D","NR","Diospyros andamanica","EBENACEAE","Diospyros","andamanica",118,12.4,"CP"
"9D","NR","Fordia brachybotrys","FABACEAE","Fordia","brachybotrys",113,15.7,"CP"
"9D","NR","Dillenia excelsa","DILLENIACEAE","Dillenia","excelsa",211,14.6,"CP"
"9D","NR","Unknown unknown mixed","MELIACEAE","Unknown","unknown mixed",331,16.8,"CP"
"9D","NR","Canarium denticulatum","BURSERACEAE","Canarium","denticulatum",133,21,"CP"
"9D","NR","Orophea myriantha","ANNONACEAE","Orophea","myriantha",156,16.4,"CP"
"9D","NR","Diospyros macrophylla","EBENACEAE","Diospyros","macrophylla",338,23.5,"CP"
"9D","NR","Paranephelium xestophyllum","SAPINDACEAE","Paranephelium","xestophyllum",180,16,"CP"
"9D","NR","Paranephelium xestophyllum","SAPINDACEAE","Paranephelium","xestophyllum",127,14.5,"CP"
"9D","NR","Paranephelium xestophyllum","SAPINDACEAE","Paranephelium","xestophyllum",109,3.6,"CP"
"9D","NR","Ryparosa acuminata","ACHARIACEAE","Ryparosa","acuminata",141,8.2,"CP"
"9D","NR","Chionanthus pluriflorus","OLEACEAE","Chionanthus","pluriflorus",303,15.4,"CP"
"9D","NR","Dillenia excelsa","DILLENIACEAE","Dillenia","excelsa",140,12.5,"CP"
"9D","NR","Paranephelium xestophyllum","SAPINDACEAE","Paranephelium","xestophyllum",137,7.2,"CP"
"9D","NR","Paranephelium xestophyllum","SAPINDACEAE","Paranephelium","xestophyllum",135,15.4,"CP"
"9D","NR","Ptychopyxis arborea","EUPHORBIACEAE","Ptychopyxis","arborea",151,17.7,"CP"
"9D","NR","Calophyllum blancoi","CALOPHYLLACEAE","Calophyllum","blancoi",145,16.9,"CP"
"10D","AR","Neolamarckia cadamba","RUBIACEAE","Neolamarckia","cadamba",683,34.8,"CP"
"10D","AR","Ochanostachys amentacea","OLACACEAE","Ochanostachys","amentacea",330,24.1,"CP"
"10D","AR","Hubera rumphii","ANNONACEAE","Hubera","rumphii",119,18.1,"CP"
"10D","AR","Unknown unknown mixed","MELIACEAE","Unknown","unknown mixed",130,17.9,"CP"
"10D","AR","Dehaasia unknown mixed","LAURACEAE","Dehaasia","unknown mixed",165,19.4,"CP"
"10D","AR","Neolamarckia cadamba","RUBIACEAE","Neolamarckia","cadamba",562,44.7,"CP"
"10D","AR","Neolamarckia cadamba","RUBIACEAE","Neolamarckia","cadamba",297,25.3,"CP"
"10D","AR","Neolamarckia cadamba","RUBIACEAE","Neolamarckia","cadamba",598,50.5,"CP"
"10D","AR","Nephelium maingayi","SAPINDACEAE","Nephelium","maingayi",493,24.8,"CP"
"10D","AR","Unknown unknown mixed","MELIACEAE","Unknown","unknown mixed",138,19.2,"CP"
"10D","AR","Xylopia ferruginea","ANNONACEAE","Xylopia","ferruginea",131,10.7,"CP"
"10D","AR","Glochidion rubrum","PHYLLANTHACEAE","Glochidion","rubrum",151,18,"CP"
"10D","AR","Macaranga hypoleuca","EUPHORBIACEAE","Macaranga","hypoleuca",445,33.8,"CP"
"10D","AR","Lithocarpus unknown mixed","FAGACEAE","Lithocarpus","unknown mixed",378,40.6,"CP"
"10D","AR","Shorea johorensis","DIPTEROCARPACEAE","Shorea","johorensis",673,35.4,"CP"
"10D","AR","Cleistanthus hirsutulus","PHYLLANTHACEAE","Cleistanthus","hirsutulus",106,7.3,"CP"
"10D","AR","Shorea johorensis","DIPTEROCARPACEAE","Shorea","johorensis",448,40.8,"CP"
"10D","AR","Dehaasia caesia","LAURACEAE","Dehaasia","caesia",164,21.6,"CP"
"10D","AR","Macaranga pearsonii","EUPHORBIACEAE","Macaranga","pearsonii",706,27.9,"CP"
"10D","AR","Macaranga pearsonii","EUPHORBIACEAE","Macaranga","pearsonii",645,27.8,"CP"
"10D","AR","Lithocarpus unknown mixed","FAGACEAE","Lithocarpus","unknown mixed",221,32.6,"CP"
"10D","AR","Callicarpa pentandra","LAMIACEAE","Callicarpa","pentandra",122,11.6,"CP"
"10D","AR","Diospyros macrophylla","EBENACEAE","Diospyros","macrophylla",173,30,"CP"
"10D","AR","Glochidion lanceisepalum","PHYLLANTHACEAE","Glochidion","lanceisepalum",108,13.6,"CP"
"10D","AR","Dysoxylum cyrtobotryum","MELIACEAE","Dysoxylum","cyrtobotryum",293,33.8,"CP"
"10D","AR","Castanopsis hypophoenicea","FAGACEAE","Castanopsis","hypophoenicea",540,38.9,"CP"
"10D","AR","Pentace laxiflora","MALVACEAE","Pentace","laxiflora",440,33.9,"CP"
"10D","AR","Lithocarpus unknown mixed","FAGACEAE","Lithocarpus","unknown mixed",150,18.6,"CP"
"10D","AR","Mallotus wrayi","EUPHORBIACEAE","Mallotus","wrayi",112,15.2,"CP"
"10D","AR","Lithocarpus unknown mixed","FAGACEAE","Lithocarpus","unknown mixed",207,20.1,"CP"
"10D","AR","Hopea nervosa","DIPTEROCARPACEAE","Hopea","nervosa",119,15.2,"CP"
"10D","AR","Canarium denticulatum","BURSERACEAE","Canarium","denticulatum",143,13.2,"CP"
"10D","AR","Alangium javanicum","ALANGIACEAE","Alangium","javanicum",239,19.8,"CP"
"10D","AR","Maschalocarybus corymbosus","RUBIACEAE","Maschalocarybus","corymbosus",138,6.5,"CP"
"10D","AR","Hopea nervosa","DIPTEROCARPACEAE","Hopea","nervosa",160,14.8,"CP"
"10D","AR","Nephelium ramboutan-ake","SAPINDACEAE","Nephelium","ramboutan-ake",272,19.9,"CP"
"10D","AR","Madhuca korthalsii","SAPOTACEAE","Madhuca","korthalsii",198,20.8,"CP"
"10D","AR","Hopea nervosa","DIPTEROCARPACEAE","Hopea","nervosa",137,20,"CP"
"10D","AR","Knema latericia","MYRISTICACEAE","Knema","latericia",112,16.9,"CP"
"10D","AR","Hopea nervosa","DIPTEROCARPACEAE","Hopea","nervosa",145,15.1,"CP"
"10D","AR","Dipterocarpus caudiferus","DIPTEROCARPACEAE","Dipterocarpus","caudiferus",165,17,"CP"
"10D","AR","Shorea parvifolia","DIPTEROCARPACEAE","Shorea","parvifolia",623,35.2,"CP"
"10D","AR","Symplocos fasciculata","SYMPLOCACEAE","Symplocos","fasciculata",116,15,"CP"
"10D","AR","Mallotus species 1","EUPHORBIACEAE","Mallotus","species 1",213,21.6,"CP"
"10D","AR","Lithocarpus unknown mixed","FAGACEAE","Lithocarpus","unknown mixed",126,18.2,"CP"
"10D","AR","Mangifera foetida","ANACARDIACEAE","Mangifera","foetida",210,19,"CP"
"10D","AR","Shorea johorensis","DIPTEROCARPACEAE","Shorea","johorensis",712,44.7,"CP"
"10D","AR","Pentace laxiflora","MALVACEAE","Pentace","laxiflora",487,40.8,"CP"
"10D","AR","Shorea johorensis","DIPTEROCARPACEAE","Shorea","johorensis",648,39.5,"CP"
"10D","AR","Hopea nervosa","DIPTEROCARPACEAE","Hopea","nervosa",150,29.2,"CP"
"10D","AR","Shorea parvifolia","DIPTEROCARPACEAE","Shorea","parvifolia",177,24.8,"CP"
"10D","AR","Hopea nervosa","DIPTEROCARPACEAE","Hopea","nervosa",215,25.5,"CP"
"10D","AR","Hopea nervosa","DIPTEROCARPACEAE","Hopea","nervosa",158,18.8,"CP"
"10D","AR","Madhuca korthalsii","SAPOTACEAE","Madhuca","korthalsii",244,27.8,"CP"
"10D","AR","Aporusa grandistipula","PHYLLANTHACEAE","Aporusa","grandistipula",133,19.5,"CP"
"10D","AR","Nephelium ramboutan-ake","SAPINDACEAE","Nephelium","ramboutan-ake",398,23.8,"CP"
"10D","AR","Shorea johorensis","DIPTEROCARPACEAE","Shorea","johorensis",399,39,"CP"
"10D","AR","Aglaia unknown mixed","MELIACEAE","Aglaia","unknown mixed",184,20.3,"CP"
"10D","AR","Chisocheton pentandrus","MELIACEAE","Chisocheton","pentandrus",302,21.8,"CP"
"10D","AR","Litsea garciae","LAURACEAE","Litsea","garciae",673,39.2,"CP"
"10D","AR","Syzygium unknown mixed","MYRTACEAE","Syzygium","unknown mixed",310,37.7,"CP"
"10D","AR","Mallotus korthalsii","EUPHORBIACEAE","Mallotus","korthalsii",150,20.3,"CP"
"10D","AR","Dryobalanops lanceolata","DIPTEROCARPACEAE","Dryobalanops","lanceolata",415,36.5,"CP"
"10D","AR","Canarium denticulatum","BURSERACEAE","Canarium","denticulatum",101,22.7,"CP"
"10D","AR","Dryobalanops lanceolata","DIPTEROCARPACEAE","Dryobalanops","lanceolata",272,40.4,"CP"
"10D","AR","Mallotus wrayi","EUPHORBIACEAE","Mallotus","wrayi",108,16.9,"CP"
"10D","AR","Cryptocarya erectinervia","LAURACEAE","Cryptocarya","erectinervia",248,28.3,"CP"
"10D","AR","Shorea unknown mixed","DIPTEROCARPACEAE","Shorea","unknown mixed",111,15.3,"CP"
"10D","AR","Mallotus penangensis","EUPHORBIACEAE","Mallotus","penangensis",168,26,"CP"
"10D","AR","Syzygium unknown mixed","MYRTACEAE","Syzygium","unknown mixed",178,22.5,"CP"
"10D","AR","Baccaurea tetrandra","PHYLLANTHACEAE","Baccaurea","tetrandra",172,15.8,"CP"
"10D","AR","Lithocarpus unknown mixed","FAGACEAE","Lithocarpus","unknown mixed",600,38.9,"CP"
"10D","AR","Mallotus korthalsii","EUPHORBIACEAE","Mallotus","korthalsii",263,18.4,"CP"
"10D","AR","Aglaia silvestris","MELIACEAE","Aglaia","silvestris",108,13.5,"CP"
"10D","AR","Pentace laxiflora","MALVACEAE","Pentace","laxiflora",232,28.1,"CP"
"10D","AR","Alangium javanicum","ALANGIACEAE","Alangium","javanicum",127,17.2,"CP"
"10D","AR","Koilodepas longifolium","EUPHORBIACEAE","Koilodepas","longifolium",107,5.2,"CP"
"10D","AR","Dryobalanops lanceolata","DIPTEROCARPACEAE","Dryobalanops","lanceolata",123,19.6,"CP"
"10D","AR","Knema laurina","MYRISTICACEAE","Knema","laurina",123,16.1,"CP"
"10D","AR","Shorea johorensis","DIPTEROCARPACEAE","Shorea","johorensis",740,40,"CP"
"10D","AR","Mallotus wrayi","EUPHORBIACEAE","Mallotus","wrayi",109,11.4,"CP"
"10D","AR","Shorea parvifolia","DIPTEROCARPACEAE","Shorea","parvifolia",450,36.9,"CP"
"10D","AR","Diospyros unknown mixed","EBENACEAE","Diospyros","unknown mixed",114,19,"CP"
"10D","AR","Palaquium beccarianum","SAPOTACEAE","Palaquium","beccarianum",131,15.9,"CP"
"10D","AR","Shorea johorensis","DIPTEROCARPACEAE","Shorea","johorensis",439,47.7,"CP"
"10D","AR","Shorea johorensis","DIPTEROCARPACEAE","Shorea","johorensis",388,33.3,"CP"
"10D","AR","Ficus unknown mixed","MORACEAE","Ficus","unknown mixed",152,16,"CP"
"10D","AR","Hydnocarpus borneensis","ACHARIACEAE","Hydnocarpus","borneensis",104,13.8,"CP"
"10D","AR","Ochanostachys amentacea","OLACACEAE","Ochanostachys","amentacea",440,40.6,"CP"
"10D","AR","Syzygium unknown mixed","MYRTACEAE","Syzygium","unknown mixed",377,33.8,"CP"
"10D","AR","Aglaia silvestris","MELIACEAE","Aglaia","silvestris",122,20.8,"CP"
"10D","AR","Dryobalanops lanceolata","DIPTEROCARPACEAE","Dryobalanops","lanceolata",101,17.1,"CP"
"10D","AR","Mallotus korthalsii","EUPHORBIACEAE","Mallotus","korthalsii",141,17.5,"CP"
"10D","AR","Baccaurea tetrandra","PHYLLANTHACEAE","Baccaurea","tetrandra",216,21,"CP"
"10D","AR","Cryptocarya unknown mixed","LAURACEAE","Cryptocarya","unknown mixed",305,26.4,"CP"
"10D","AR","Mallotus wrayi","EUPHORBIACEAE","Mallotus","wrayi",128,10.6,"CP"
"10D","AR","Crudia unknown mixed","FABACEAE","Crudia","unknown mixed",156,20.4,"CP"
"10D","AR","Koilodepas longifolium","EUPHORBIACEAE","Koilodepas","longifolium",123,14.1,"CP"
"10D","AR","Lophopetalum javanicum","CELASTRACEAE","Lophopetalum","javanicum",412,37.9,"CP"
"10D","AR","Dryobalanops lanceolata","DIPTEROCARPACEAE","Dryobalanops","lanceolata",726,48.9,"CP"
"10D","AR","Dysoxylum unknown mixed","MELIACEAE","Dysoxylum","unknown mixed",130,21.3,"CP"
"10D","AR","Hopea nervosa","DIPTEROCARPACEAE","Hopea","nervosa",123,20.9,"CP"
"10D","AR","Shorea parvifolia","DIPTEROCARPACEAE","Shorea","parvifolia",298,28.8,"CP"
"10D","AR","Mallotus korthalsii","EUPHORBIACEAE","Mallotus","korthalsii",149,17.8,"CP"
"10D","AR","Aglaia unknown mixed","MELIACEAE","Aglaia","unknown mixed",327,24.5,"CP"
"10D","AR","Mallotus penangensis","EUPHORBIACEAE","Mallotus","penangensis",123,19.3,"CP"
"10D","AR","Nephelium ramboutan-ake","SAPINDACEAE","Nephelium","ramboutan-ake",200,28.2,"CP"
"10D","AR","Pometia pinnata","SAPINDACEAE","Pometia","pinnata",225,24.8,"CP"
"10D","AR","Pometia pinnata","SAPINDACEAE","Pometia","pinnata",144,13.1,"CP"
"10D","AR","Aglaia silvestris","MELIACEAE","Aglaia","silvestris",133,17.6,"CP"
"10D","AR","Parkia unknown mixed","FABACEAE","Parkia","unknown mixed",419,29.1,"CP"
"10D","AR","Dryobalanops lanceolata","DIPTEROCARPACEAE","Dryobalanops","lanceolata",133,17.4,"CP"
"10D","AR","Fordia brachybotrys","FABACEAE","Fordia","brachybotrys",106,9,"CP"
"10D","AR","Pleiocarpidia sandakanica","RUBIACEAE","Pleiocarpidia","sandakanica",164,19,"CP"
"11D","NR","Aporusa falcifera","PHYLLANTHACEAE","Aporusa","falcifera",116,11.2,"CP"
"11D","NR","Pentace laxiflora","MALVACEAE","Pentace","laxiflora",255,20.6,"CP"
"11D","NR","Nephelium ramboutan-ake","SAPINDACEAE","Nephelium","ramboutan-ake",233,15.2,"CP"
"11D","NR","Shorea johorensis","DIPTEROCARPACEAE","Shorea","johorensis",935,60.9,"CP"
"11D","NR","Baccaurea unknown mixed","PHYLLANTHACEAE","Baccaurea","unknown mixed",159,17,"CP"
"11D","NR","Shorea johorensis","DIPTEROCARPACEAE","Shorea","johorensis",1770,65.5,"CP"
"11D","NR","Chisocheton unknown mixed","MELIACEAE","Chisocheton","unknown mixed",108,10.1,"CP"
"11D","NR","Lithocarpus unknown mixed","FAGACEAE","Lithocarpus","unknown mixed",260,17.2,"CP"
"11D","NR","Aporusa illustris","PHYLLANTHACEAE","Aporusa","illustris",184,17.8,"CP"
"11D","NR","Parashorea malaanonan","DIPTEROCARPACEAE","Parashorea","malaanonan",156,15.8,"CP"
"11D","NR","Canarium denticulatum","BURSERACEAE","Canarium","denticulatum",105,16.5,"CP"
"11D","NR","Knema elmeri","MYRISTICACEAE","Knema","elmeri",242,17.2,"CP"
"11D","NR","Shorea johorensis","DIPTEROCARPACEAE","Shorea","johorensis",1708,79.5,"CP"
"11D","NR","Unknown unknown mixed","LIANA","Unknown","unknown mixed",176,79.5,"CP"
"11D","NR","Aporusa falcifera","PHYLLANTHACEAE","Aporusa","falcifera",135,18.6,"CP"
"11D","NR","Aporusa falcifera","PHYLLANTHACEAE","Aporusa","falcifera",169,17.3,"CP"
"11D","NR","Aporusa falcifera","PHYLLANTHACEAE","Aporusa","falcifera",174,16.1,"CP"
"11D","NR","Palaquium beccarianum","SAPOTACEAE","Palaquium","beccarianum",448,24.7,"CP"
"11D","NR","Ziziphus angustifolius","RHAMNACEAE","Ziziphus","angustifolius",148,16.7,"CP"
"11D","NR","Knema latericia","MYRISTICACEAE","Knema","latericia",124,12,"CP"
"11D","NR","Diospyros unknown mixed","EBENACEAE","Diospyros","unknown mixed",206,18,"CP"
"11D","NR","Aporusa falcifera","PHYLLANTHACEAE","Aporusa","falcifera",172,17.5,"CP"
"11D","NR","Aporusa falcifera","PHYLLANTHACEAE","Aporusa","falcifera",192,14.1,"CP"
"11D","NR","Microcos fibrocarpa","MALVACEAE","Microcos","fibrocarpa",117,8.4,"CP"
"11D","NR","Aporusa falcifera","PHYLLANTHACEAE","Aporusa","falcifera",127,11.3,"CP"
"11D","NR","Lansium domesticum","MELIACEAE","Lansium","domesticum",104,13.8,"CP"
"11D","NR","Walsura pinnata","MELIACEAE","Walsura","pinnata",211,18.5,"CP"
"11D","NR","Maasia sumatrana","ANNONACEAE","Maasia","sumatrana",161,16.2,"CP"
"11D","NR","Shorea johorensis","DIPTEROCARPACEAE","Shorea","johorensis",1092,44,"CP"
"11D","NR","Fordia splendidissima","FABACEAE","Fordia","splendidissima",145,7.9,"CP"
"11D","NR","Ochanostachys amentacea","OLACACEAE","Ochanostachys","amentacea",290,21.3,"CP"
"11D","NR","Eusideroxylon zwageri","LAURACEAE","Eusideroxylon","zwageri",1077,44.4,"CP"
"11D","NR","Aglaia silvestris","MELIACEAE","Aglaia","silvestris",431,18.5,"CP"
"11D","NR","Chisocheton sarawakensis","MELIACEAE","Chisocheton","sarawakensis",114,13.6,"CP"
"11D","NR","Unknown unknown mixed","MELIACEAE","Unknown","unknown mixed",173,8.6,"CP"
"11D","NR","Maasia sumatrana","ANNONACEAE","Maasia","sumatrana",174,15.7,"CP"
"11D","NR","Shorea parvifolia","DIPTEROCARPACEAE","Shorea","parvifolia",736,46.7,"CP"
"11D","NR","Shorea johorensis","DIPTEROCARPACEAE","Shorea","johorensis",622,25.5,"CP"
"11D","NR","Aporusa falcifera","PHYLLANTHACEAE","Aporusa","falcifera",119,15.9,"CP"
"11D","NR","Pentace laxiflora","MALVACEAE","Pentace","laxiflora",294,19.2,"CP"
"11D","NR","Meiogyne virgata","ANNONACEAE","Meiogyne","virgata",246,24.3,"CP"
"11D","NR","Garcinia forbesii","CLUSIACEAE","Garcinia","forbesii",191,17.7,"CP"
"11D","NR","Nephelium ramboutan-ake","SAPINDACEAE","Nephelium","ramboutan-ake",202,17.3,"CP"
"11D","NR","Dillenia excelsa","DILLENIACEAE","Dillenia","excelsa",122,11.3,"CP"
"11D","NR","Lithocarpus gracilis","FAGACEAE","Lithocarpus","gracilis",320,27.3,"CP"
"11D","NR","Maasia sumatrana","ANNONACEAE","Maasia","sumatrana",145,13.9,"CP"
"11D","NR","Pentace laxiflora","MALVACEAE","Pentace","laxiflora",183,13.6,"CP"
"11D","NR","Madhuca kingiana","SAPOTACEAE","Madhuca","kingiana",168,15.9,"CP"
"11D","NR","Canarium denticulatum","BURSERACEAE","Canarium","denticulatum",133,16.5,"CP"
"11D","NR","Ryparosa acuminata","ACHARIACEAE","Ryparosa","acuminata",155,12.5,"CP"
"11D","NR","Shorea johorensis","DIPTEROCARPACEAE","Shorea","johorensis",925,40.1,"CP"
"11D","NR","Nephelium ramboutan-ake","SAPINDACEAE","Nephelium","ramboutan-ake",268,22.5,"CP"
"11D","NR","Maasia sumatrana","ANNONACEAE","Maasia","sumatrana",218,17.6,"CP"
"11D","NR","Nothaphoebe umbelliflora","LAURACEAE","Nothaphoebe","umbelliflora",232,19.5,"CP"
"11D","NR","Durio graveolens","MALVACEAE","Durio","graveolens",775,45.6,"CP"
"11D","NR","Unknown unknown mixed","MELIACEAE","Unknown","unknown mixed",167,18.7,"CP"
"11D","NR","Unknown unknown mixed","MELIACEAE","Unknown","unknown mixed",179,17.8,"CP"
"11D","NR","Diospyros macrophylla","EBENACEAE","Diospyros","macrophylla",416,31.6,"CP"
"11D","NR","Unknown unknown mixed","MELIACEAE","Unknown","unknown mixed",164,18.2,"CP"
"11D","NR","Memecylon paniculatum","MEMECYLACEAE","Memecylon","paniculatum",118,20.9,"CP"
"11D","NR","Walsura pinnata","MELIACEAE","Walsura","pinnata",175,17.8,"CP"
"11D","NR","Unknown unknown mixed","LIANA","Unknown","unknown mixed",248,36.9,"CP"
"11D","NR","Unknown unknown mixed","MELIACEAE","Unknown","unknown mixed",438,36.9,"CP"
"11D","NR","Knema elmeri","MYRISTICACEAE","Knema","elmeri",153,15.2,"CP"
"11D","NR","Aporusa falcifera","PHYLLANTHACEAE","Aporusa","falcifera",116,9.9,"CP"
"11D","NR","Beilschmiedia cuadrae","LAURACEAE","Beilschmiedia","cuadrae",190,16.3,"CP"
"11D","NR","Ryparosa acuminata","ACHARIACEAE","Ryparosa","acuminata",140,10.4,"CP"
"11D","NR","Unknown unknown mixed","MELIACEAE","Unknown","unknown mixed",131,16.2,"CP"
"11D","NR","Chisocheton sarawakensis","MELIACEAE","Chisocheton","sarawakensis",242,15.1,"CP"
"11D","NR","Unknown unknown mixed","MELIACEAE","Unknown","unknown mixed",188,17,"CP"
"11D","NR","Taulama gitingensis","MAGNOLIACEAE","Taulama","gitingensis",104,10.7,"CP"
"11D","NR","Nothaphoebe umbelliflora","LAURACEAE","Nothaphoebe","umbelliflora",240,27.7,"CP"
"11D","NR","Unknown unknown mixed","MELIACEAE","Unknown","unknown mixed",561,46.5,"CP"
"11D","NR","Unknown unknown mixed","MELIACEAE","Unknown","unknown mixed",150,16.7,"CP"
"11D","NR","Aglaia silvestris","MELIACEAE","Aglaia","silvestris",133,14.9,"CP"
"11D","NR","Dimocarpus longan","SAPINDACEAE","Dimocarpus","longan",126,12.8,"CP"
"11D","NR","Lithocarpus gracilis","FAGACEAE","Lithocarpus","gracilis",563,25.3,"CP"
"11D","NR","Ryparosa acuminata","ACHARIACEAE","Ryparosa","acuminata",107,11.3,"CP"
"11D","NR","Syzygium unknown mixed","MYRTACEAE","Syzygium","unknown mixed",105,5.8,"CP"
"11D","NR","Maasia sumatrana","ANNONACEAE","Maasia","sumatrana",145,15.8,"CP"
"11D","NR","Reinwardtiodendron humile","MELIACEAE","Reinwardtiodendron","humile",109,17.3,"CP"
"11D","NR","Ochanostachys amentacea","OLACACEAE","Ochanostachys","amentacea",377,23.4,"CP"
"11D","NR","Neoscortechinia kingii","EUPHORBIACEAE","Neoscortechinia","kingii",207,17.6,"CP"
"11D","NR","Litsea angulata","LAURACEAE","Litsea","angulata",213,19.3,"CP"
"11D","NR","Diospyros macrophylla","EBENACEAE","Diospyros","macrophylla",249,18.7,"CP"
"11D","NR","Microcos crassifolia","MALVACEAE","Microcos","crassifolia",145,11.4,"CP"
"11D","NR","Knema laurina","MYRISTICACEAE","Knema","laurina",201,16,"CP"
"11D","NR","Pentace laxiflora","MALVACEAE","Pentace","laxiflora",224,16.6,"CP"
"11D","NR","Litsea unknown mixed","LAURACEAE","Litsea","unknown mixed",242,17.2,"CP"
"11D","NR","Knema laurina","MYRISTICACEAE","Knema","laurina",127,10.4,"CP"
"11D","NR","Litsea caulocarpa","LAURACEAE","Litsea","caulocarpa",130,10.1,"CP"
"11D","NR","Unknown unknown mixed","MELIACEAE","Unknown","unknown mixed",209,15.4,"CP"
"11D","NR","Nothaphoebe umbelliflora","LAURACEAE","Nothaphoebe","umbelliflora",323,24.2,"CP"
"11D","NR","Maasia sumatrana","ANNONACEAE","Maasia","sumatrana",121,15.9,"CP"
"11D","NR","Syzygium unknown mixed","MYRTACEAE","Syzygium","unknown mixed",150,11.8,"CP"
"11D","NR","Drypetes unknown mixed","PUTRANJIVACEAE","Drypetes","unknown mixed",110,9.8,"CP"
"11D","NR","Fordia splendidissima","FABACEAE","Fordia","splendidissima",141,5.5,"CP"
"11D","NR","Fordia splendidissima","FABACEAE","Fordia","splendidissima",145,10,"CP"
"11D","NR","Litsea unknown mixed","LAURACEAE","Litsea","unknown mixed",364,22,"CP"
"11D","NR","Unknown unknown mixed","MELIACEAE","Unknown","unknown mixed",276,19.7,"CP"
"11D","NR","Dacryodes rugosa","BURSERACEAE","Dacryodes","rugosa",178,9.5,"CP"
"12D","NR","Shorea pauciflora","DIPTEROCARPACEAE","Shorea","pauciflora",1275,52,"CP"
"12D","NR","Shorea superba","DIPTEROCARPACEAE","Shorea","superba",233,29.2,"CP"
"12D","NR","Syzygium unknown mixed","MYRTACEAE","Syzygium","unknown mixed",197,19.3,"CP"
"12D","NR","Mallotus korthalsii","EUPHORBIACEAE","Mallotus","korthalsii",146,12.7,"CP"
"12D","NR","Xanthophyllum unknown mixed","POLYGALACEAE","Xanthophyllum","unknown mixed",131,10.6,"CP"
"12D","NR","Parashorea tomentella","DIPTEROCARPACEAE","Parashorea","tomentella",251,28.1,"CP"
"12D","NR","Shorea unknown mixed","DIPTEROCARPACEAE","Shorea","unknown mixed",190,20.9,"CP"
"12D","NR","Diospyros cauliflora","EBENACEAE","Diospyros","cauliflora",230,28.8,"CP"
"12D","NR","Beilschmiedia cuadrae","LAURACEAE","Beilschmiedia","cuadrae",146,16.4,"CP"
"12D","NR","Mallotus wrayi","EUPHORBIACEAE","Mallotus","wrayi",131,14.1,"CP"
"12D","NR","Canarium odontophyllum","BURSERACEAE","Canarium","odontophyllum",180,19.4,"CP"
"12D","NR","Drypetes castilloi","PUTRANJIVACEAE","Drypetes","castilloi",124,19,"CP"
"12D","NR","Dipterocarpus caudiferus","DIPTEROCARPACEAE","Dipterocarpus","caudiferus",402,31.8,"CP"
"12D","NR","Dipterocarpus caudiferus","DIPTEROCARPACEAE","Dipterocarpus","caudiferus",173,25.4,"CP"
"12D","NR","Lansium domesticum","MELIACEAE","Lansium","domesticum",124,12.8,"CP"
"12D","NR","Mallotus korthalsii","EUPHORBIACEAE","Mallotus","korthalsii",129,12.5,"CP"
"12D","NR","Diospyros tuberculata","EBENACEAE","Diospyros","tuberculata",118,14.8,"CP"
"12D","NR","Cynometra mirabilis","FABACEAE","Cynometra","mirabilis",420,36.9,"CP"
"12D","NR","Orophea myriantha","ANNONACEAE","Orophea","myriantha",140,18.9,"CP"
"12D","NR","Caryodaphnopsis tonkinensis","LAURACEAE","Caryodaphnopsis","tonkinensis",228,17,"CP"
"12D","NR","Atuna racemosa","CHRYSOBALANACEAE","Atuna","racemosa",101,16.6,"CP"
"12D","NR","Meiogyne virgata","ANNONACEAE","Meiogyne","virgata",260,21.4,"CP"
"12D","NR","Syzygium unknown mixed","MYRTACEAE","Syzygium","unknown mixed",205,18.1,"CP"
"12D","NR","Buchanania sessilifolia","ANACARDIACEAE","Buchanania","sessilifolia",251,21.4,"CP"
"12D","NR","Dryobalanops lanceolata","DIPTEROCARPACEAE","Dryobalanops","lanceolata",106,12.6,"CP"
"12D","NR","Dryobalanops lanceolata","DIPTEROCARPACEAE","Dryobalanops","lanceolata",157,23.7,"CP"
"12D","NR","Dipterocarpus caudiferus","DIPTEROCARPACEAE","Dipterocarpus","caudiferus",1391,74.8,"CP"
"12D","NR","Mallotus korthalsii","EUPHORBIACEAE","Mallotus","korthalsii",125,13.8,"CP"
"12D","NR","Shorea pauciflora","DIPTEROCARPACEAE","Shorea","pauciflora",863,45.4,"CP"
"12D","NR","Dryobalanops lanceolata","DIPTEROCARPACEAE","Dryobalanops","lanceolata",800,32.6,"CP"
"12D","NR","Unknown unknown mixed","LIANA","Unknown","unknown mixed",174,42.5,"CP"
"12D","NR","Mallotus species 1","EUPHORBIACEAE","Mallotus","species 1",223,15.2,"CP"
"12D","NR","Polyalthia cauliflora","ANNONACEAE","Polyalthia","cauliflora",130,14.3,"CP"
"12D","NR","Orophea corymbosa","ANNONACEAE","Orophea","corymbosa",148,11.6,"CP"
"12D","NR","Melicope  unknown mixed","RUTACEAE","Melicope ","unknown mixed",207,15.6,"CP"
"12D","NR","Shorea unknown mixed","DIPTEROCARPACEAE","Shorea","unknown mixed",159,16.3,"CP"
"12D","NR","Mallotus species 1","EUPHORBIACEAE","Mallotus","species 1",142,13.4,"CP"
"12D","NR","Orophea corymbosa","ANNONACEAE","Orophea","corymbosa",122,15.5,"CP"
"12D","NR","Dysoxylum cyrtobotryum","MELIACEAE","Dysoxylum","cyrtobotryum",228,18.7,"CP"
"12D","NR","Ptychopyxis arborea","EUPHORBIACEAE","Ptychopyxis","arborea",142,15,"CP"
"12D","NR","Dipterocarpus caudiferus","DIPTEROCARPACEAE","Dipterocarpus","caudiferus",789,40.4,"CP"
"12D","NR","Payena microphylla","SAPOTACEAE","Payena","microphylla",141,13.6,"CP"
"12D","NR","Unknown unknown mixed","FABACEAE","Unknown","unknown mixed",186,19.5,"CP"
"12D","NR","Buchanania sessilifolia","ANACARDIACEAE","Buchanania","sessilifolia",121,16.1,"CP"
"12D","NR","Shorea unknown mixed","DIPTEROCARPACEAE","Shorea","unknown mixed",160,20.5,"CP"
"12D","NR","Diospyros toposia","EBENACEAE","Diospyros","toposia",134,18.5,"CP"
"12D","NR","Diospyros toposia","EBENACEAE","Diospyros","toposia",104,8.7,"CP"
"12D","NR","Microcos crassifolia","MALVACEAE","Microcos","crassifolia",167,18.8,"CP"
"12D","NR","Shorea fallax","DIPTEROCARPACEAE","Shorea","fallax",102,16.2,"CP"
"12D","NR","Aporusa grandistipula","PHYLLANTHACEAE","Aporusa","grandistipula",138,14.4,"CP"
"12D","NR","Syzygium unknown mixed","MYRTACEAE","Syzygium","unknown mixed",182,22.9,"CP"
"12D","NR","Dysoxylum unknown mixed","MELIACEAE","Dysoxylum","unknown mixed",317,23.4,"CP"
"12D","NR","Ptychopyxis arborea","EUPHORBIACEAE","Ptychopyxis","arborea",117,12.1,"CP"
"12D","NR","Dipterocarpus caudiferus","DIPTEROCARPACEAE","Dipterocarpus","caudiferus",325,26.8,"CP"
"12D","NR","Semecarpus bunburyana","ANACARDIACEAE","Semecarpus","bunburyana",139,19.8,"CP"
"12D","NR","Shorea fallax","DIPTEROCARPACEAE","Shorea","fallax",406,38,"CP"
"12D","NR","Dipterocarpus caudiferus","DIPTEROCARPACEAE","Dipterocarpus","caudiferus",1050,54.4,"CP"
"12D","NR","Mallotus species 1","EUPHORBIACEAE","Mallotus","species 1",185,12.2,"CP"
"12D","NR","Shorea unknown mixed","DIPTEROCARPACEAE","Shorea","unknown mixed",215,23.5,"CP"
"12D","NR","Unknown unknown mixed","LIANA","Unknown","unknown mixed",97,16.5,"CP"
"12D","NR","Microcos ossea","MALVACEAE","Microcos","ossea",229,26.7,"CP"
"12D","NR","Dehaasia caesia","LAURACEAE","Dehaasia","caesia",254,22.6,"CP"
"12D","NR","Drypetes castilloi","PUTRANJIVACEAE","Drypetes","castilloi",105,17,"CP"
"12D","NR","Syzygium unknown mixed","MYRTACEAE","Syzygium","unknown mixed",124,17.6,"CP"
"12D","NR","Ptychopyxis arborea","EUPHORBIACEAE","Ptychopyxis","arborea",134,16.5,"CP"
"12D","NR","Dillenia excelsa","DILLENIACEAE","Dillenia","excelsa",189,11.3,"CP"
"12D","NR","Shorea superba","DIPTEROCARPACEAE","Shorea","superba",1342,57.5,"CP"
"12D","NR","Syzygium unknown mixed","MYRTACEAE","Syzygium","unknown mixed",122,12.3,"CP"
"12D","NR","Unknown unknown mixed","FABACEAE","Unknown","unknown mixed",258,21.4,"CP"
"12D","NR","Shorea unknown mixed","DIPTEROCARPACEAE","Shorea","unknown mixed",135,16.8,"CP"
"12D","NR","Shorea pauciflora","DIPTEROCARPACEAE","Shorea","pauciflora",364,22.1,"CP"
"12D","NR","Pleiocarpidia sandakanica","RUBIACEAE","Pleiocarpidia","sandakanica",111,6.7,"CP"
"12D","NR","Caryodaphnopsis tonkinensis","LAURACEAE","Caryodaphnopsis","tonkinensis",136,13.6,"CP"
"12D","NR","Unknown unknown mixed","LIANA","Unknown","unknown mixed",135,47,"CP"
"12D","NR","Alangium javanicum","ALANGIACEAE","Alangium","javanicum",184,17.2,"CP"
"12D","NR","Dryobalanops lanceolata","DIPTEROCARPACEAE","Dryobalanops","lanceolata",342,32.7,"CP"
"12D","NR","Mallotus korthalsii","EUPHORBIACEAE","Mallotus","korthalsii",NA,NA,"CP"
"12D","NR","Mallotus species 1","EUPHORBIACEAE","Mallotus","species 1",554,34.2,"CP"
"12D","NR","Syzygium unknown mixed","MYRTACEAE","Syzygium","unknown mixed",114,11.4,"CP"
"12D","NR","Shorea pauciflora","DIPTEROCARPACEAE","Shorea","pauciflora",703,36.3,"CP"
"12D","NR","Mallotus korthalsii","EUPHORBIACEAE","Mallotus","korthalsii",121,13.3,"CP"
"12D","NR","Mallotus korthalsii","EUPHORBIACEAE","Mallotus","korthalsii",107,11.7,"CP"
"12D","NR","Aporusa unknown mixed","PHYLLANTHACEAE","Aporusa","unknown mixed",110,18,"CP"
"12D","NR","Unknown unknown mixed","MELIACEAE","Unknown","unknown mixed",269,25.5,"CP"
"12D","NR","Meiogyne virgata","ANNONACEAE","Meiogyne","virgata",121,12.5,"CP"
"12D","NR","Shorea unknown mixed","DIPTEROCARPACEAE","Shorea","unknown mixed",305,30.8,"CP"
"12D","NR","Mallotus korthalsii","EUPHORBIACEAE","Mallotus","korthalsii",133,19,"CP"
"12D","NR","Syzygium unknown mixed","MYRTACEAE","Syzygium","unknown mixed",244,20.5,"CP"
"12D","NR","Stemonurus grandifolius","STEMONURACEAE","Stemonurus","grandifolius",155,20.8,"CP"
"12D","NR","Payena microphylla","SAPOTACEAE","Payena","microphylla",637,42.8,"CP"
"12D","NR","Lithocarpus gracilis","FAGACEAE","Lithocarpus","gracilis",128,11.7,"CP"
"12D","NR","Ptychopyxis arborea","EUPHORBIACEAE","Ptychopyxis","arborea",122,8.3,"CP"
"12D","NR","Hydnocarpus anomala","ACHARIACEAE","Hydnocarpus","anomala",188,20.8,"CP"
"12D","NR","Dipterocarpus caudiferus","DIPTEROCARPACEAE","Dipterocarpus","caudiferus",641,50.9,"CP"
"12D","NR","Intsia palembanica","FABACEAE","Intsia","palembanica",137,16.1,"CP"
"12D","NR","Dipterocarpus caudiferus","DIPTEROCARPACEAE","Dipterocarpus","caudiferus",945,61.4,"CP"
"12D","NR","Mallotus korthalsii","EUPHORBIACEAE","Mallotus","korthalsii",188,14,"CP"
"12D","NR","Diospyros toposia","EBENACEAE","Diospyros","toposia",205,13.5,"CP"
"12D","NR","Shorea unknown mixed","DIPTEROCARPACEAE","Shorea","unknown mixed",173,16,"CP"
"12D","NR","Ptychopyxis arborea","EUPHORBIACEAE","Ptychopyxis","arborea",111,9,"CP"
"12D","NR","Dimocarpus dentatus","SAPINDACEAE","Dimocarpus","dentatus",143,13.6,"CP"
"12D","NR","Shorea johorensis","DIPTEROCARPACEAE","Shorea","johorensis",966,40.2,"CP"
"12D","NR","Shorea superba","DIPTEROCARPACEAE","Shorea","superba",224,24.8,"CP"
"12D","NR","Mallotus korthalsii","EUPHORBIACEAE","Mallotus","korthalsii",117,14.7,"CP"
"12D","NR","Cynometra mirabilis","FABACEAE","Cynometra","mirabilis",161,18.5,"CP"
"12D","NR","Polyalthia obliqua","ANNONACEAE","Polyalthia","obliqua",112,10.5,"CP"
"12D","NR","Mallotus korthalsii","EUPHORBIACEAE","Mallotus","korthalsii",107,12,"CP"
"12D","NR","Mallotus korthalsii","EUPHORBIACEAE","Mallotus","korthalsii",107,11,"CP"
"12D","NR","Diospyros toposia","EBENACEAE","Diospyros","toposia",172,14.3,"CP"
"13D","no seedling data","Shorea johorensis","DIPTEROCARPACEAE","Shorea","johorensis",573,34.1,"CP"
"13D","no seedling data","Meiogyne virgata","ANNONACEAE","Meiogyne","virgata",134,9.7,"CP"
"13D","no seedling data","Shorea gibbosa","DIPTEROCARPACEAE","Shorea","gibbosa",288,32.8,"CP"
"13D","no seedling data","Cleistanthus podopixys","PHYLLANTHACEAE","Cleistanthus","podopixys",115,15.6,"CP"
"13D","no seedling data","Cleistanthus podopixys","PHYLLANTHACEAE","Cleistanthus","podopixys",115,17,"CP"
"13D","no seedling data","Canarium odontophyllum","BURSERACEAE","Canarium","odontophyllum",172,18.6,"CP"
"13D","no seedling data","Dryobalanops lanceolata","DIPTEROCARPACEAE","Dryobalanops","lanceolata",145,20.1,"CP"
"13D","no seedling data","Unknown unknown mixed","LIANA","Unknown","unknown mixed",132,28.4,"CP"
"13D","no seedling data","Canarium odontophyllum","BURSERACEAE","Canarium","odontophyllum",410,28.4,"CP"
"13D","no seedling data","Shorea johorensis","DIPTEROCARPACEAE","Shorea","johorensis",1070,36.7,"CP"
"13D","no seedling data","Dryobalanops lanceolata","DIPTEROCARPACEAE","Dryobalanops","lanceolata",122,17.7,"CP"
"13D","no seedling data","Nauclea unknown mixed","RUBIACEAE","Nauclea","unknown mixed",208,20.7,"CP"
"13D","no seedling data","Shorea johorensis","DIPTEROCARPACEAE","Shorea","johorensis",1410,42.4,"CP"
"13D","no seedling data","Unknown unknown mixed","LIANA","Unknown","unknown mixed",162,42.4,"CP"
"13D","no seedling data","Caryodaphnopsis tonkinensis","LAURACEAE","Caryodaphnopsis","tonkinensis",160,14.2,"CP"
"13D","no seedling data","Caryodaphnopsis tonkinensis","LAURACEAE","Caryodaphnopsis","tonkinensis",354,24.4,"CP"
"13D","no seedling data","Baccaurea macrocarpa","PHYLLANTHACEAE","Baccaurea","macrocarpa",155,22.7,"CP"
"13D","no seedling data","Caryodaphnopsis tonkinensis","LAURACEAE","Caryodaphnopsis","tonkinensis",518,28.5,"CP"
"13D","no seedling data","Orophea corymbosa","ANNONACEAE","Orophea","corymbosa",121,7.4,"CP"
"13D","no seedling data","Orophea corymbosa","ANNONACEAE","Orophea","corymbosa",143,22.3,"CP"
"13D","no seedling data","Caryodaphnopsis tonkinensis","LAURACEAE","Caryodaphnopsis","tonkinensis",475,31.6,"CP"
"13D","no seedling data","Caryodaphnopsis tonkinensis","LAURACEAE","Caryodaphnopsis","tonkinensis",125,15.3,"CP"
"13D","no seedling data","Caryodaphnopsis tonkinensis","LAURACEAE","Caryodaphnopsis","tonkinensis",141,21.4,"CP"
"13D","no seedling data","Shorea unknown mixed","DIPTEROCARPACEAE","Shorea","unknown mixed",120,16.7,"CP"
"13D","no seedling data","Caryodaphnopsis tonkinensis","LAURACEAE","Caryodaphnopsis","tonkinensis",173,18.7,"CP"
"13D","no seedling data","Syzygium unknown mixed","MYRTACEAE","Syzygium","unknown mixed",166,17.2,"CP"
"13D","no seedling data","Caryodaphnopsis tonkinensis","LAURACEAE","Caryodaphnopsis","tonkinensis",425,23.3,"CP"
"13D","no seedling data","Caryodaphnopsis tonkinensis","LAURACEAE","Caryodaphnopsis","tonkinensis",322,18.7,"CP"
"13D","no seedling data","Caryodaphnopsis tonkinensis","LAURACEAE","Caryodaphnopsis","tonkinensis",313,17,"CP"
"13D","no seedling data","Shorea johorensis","DIPTEROCARPACEAE","Shorea","johorensis",675,46.7,"CP"
"13D","no seedling data","Shorea unknown mixed","DIPTEROCARPACEAE","Shorea","unknown mixed",231,30.3,"CP"
"13D","no seedling data","Unknown unknown mixed","LIANA","Unknown","unknown mixed",NA,NA,"CP"
"13D","no seedling data","Caryodaphnopsis tonkinensis","LAURACEAE","Caryodaphnopsis","tonkinensis",315,21.9,"CP"
"13D","no seedling data","Caryodaphnopsis tonkinensis","LAURACEAE","Caryodaphnopsis","tonkinensis",393,18.9,"CP"
"13D","no seedling data","Actinodaphne unknown mixed","LAURACEAE","Actinodaphne","unknown mixed",155,13,"CP"
"13D","no seedling data","Shorea pauciflora","DIPTEROCARPACEAE","Shorea","pauciflora",520,45.2,"CP"
"13D","no seedling data","Orophea corymbosa","ANNONACEAE","Orophea","corymbosa",192,17.2,"CP"
"13D","no seedling data","Caryodaphnopsis tonkinensis","LAURACEAE","Caryodaphnopsis","tonkinensis",262,23.8,"CP"
"13D","no seedling data","Diospyros cauliflora","EBENACEAE","Diospyros","cauliflora",182,12.1,"CP"
"13D","no seedling data","Lithocarpus unknown mixed","FAGACEAE","Lithocarpus","unknown mixed",178,22.8,"CP"
"13D","no seedling data","Pterospermum javanicum","MALVACEAE","Pterospermum","javanicum",410,38.1,"CP"
"13D","no seedling data","Aglaia unknown mixed","MELIACEAE","Aglaia","unknown mixed",187,19.1,"CP"
"13D","no seedling data","Phaeanthus splendens","ANNONACEAE","Phaeanthus","splendens",137,13.5,"CP"
"13D","no seedling data","Phaeanthus splendens","ANNONACEAE","Phaeanthus","splendens",140,12.6,"CP"
"13D","no seedling data","Bridelia penangensis","PHYLLANTHACEAE","Bridelia","penangensis",196,18.1,"CP"
"13D","no seedling data","Cryptocarya pulchrinervia","LAURACEAE","Cryptocarya","pulchrinervia",315,27.9,"CP"
"13D","no seedling data","Phaeanthus splendens","ANNONACEAE","Phaeanthus","splendens",189,24.9,"CP"
"13D","no seedling data","Caryodaphnopsis tonkinensis","LAURACEAE","Caryodaphnopsis","tonkinensis",323,19.3,"CP"
"13D","no seedling data","Unknown unknown mixed","SAPOTACEAE","Unknown","unknown mixed",158,18.8,"CP"
"13D","no seedling data","Shorea johorensis","DIPTEROCARPACEAE","Shorea","johorensis",1150,46.3,"CP"
"13D","no seedling data","Orophea myriantha","ANNONACEAE","Orophea","myriantha",112,8.5,"CP"
"13D","no seedling data","Drypetes longifolia","PUTRANJIVACEAE","Drypetes","longifolia",164,19.9,"CP"
"13D","no seedling data","Caryodaphnopsis tonkinensis","LAURACEAE","Caryodaphnopsis","tonkinensis",301,21,"CP"
"13D","no seedling data","Caryodaphnopsis tonkinensis","LAURACEAE","Caryodaphnopsis","tonkinensis",345,16.4,"CP"
"13D","no seedling data","Litsea oppositifolia","LAURACEAE","Litsea","oppositifolia",178,15.4,"CP"
"13D","no seedling data","Orophea corymbosa","ANNONACEAE","Orophea","corymbosa",105,12.7,"CP"
"13D","no seedling data","Mallotus species 1","EUPHORBIACEAE","Mallotus","species 1",122,13.2,"CP"
"13D","no seedling data","Aglaia unknown mixed","MELIACEAE","Aglaia","unknown mixed",177,20.1,"CP"
"13D","no seedling data","Mallotus species 1","EUPHORBIACEAE","Mallotus","species 1",153,11.6,"CP"
"13D","no seedling data","Mallotus species 1","EUPHORBIACEAE","Mallotus","species 1",160,11.3,"CP"
"13D","no seedling data","Caryodaphnopsis tonkinensis","LAURACEAE","Caryodaphnopsis","tonkinensis",380,26.7,"CP"
"13D","no seedling data","Pseuduvaria reticulata","ANNONACEAE","Pseuduvaria","reticulata",123,14.3,"CP"
"13D","no seedling data","Mallotus species 1","EUPHORBIACEAE","Mallotus","species 1",142,12.4,"CP"
"13D","no seedling data","Paranephelium macrophyllum","SAPINDACEAE","Paranephelium","macrophyllum",405,34.9,"CP"
"13D","no seedling data","Cleistanthus podopixys","PHYLLANTHACEAE","Cleistanthus","podopixys",145,12.9,"CP"
"13D","no seedling data","Syzygium unknown mixed","MYRTACEAE","Syzygium","unknown mixed",180,17.9,"CP"
"13D","no seedling data","Aglaia unknown mixed","MELIACEAE","Aglaia","unknown mixed",255,16.3,"CP"
"13D","no seedling data","Melicope  lunu-ankenda","RUTACEAE","Melicope ","lunu-ankenda",158,14.9,"CP"
"13D","no seedling data","Paranephelium macrophyllum","SAPINDACEAE","Paranephelium","macrophyllum",165,13.3,"CP"
"13D","no seedling data","Caryodaphnopsis tonkinensis","LAURACEAE","Caryodaphnopsis","tonkinensis",141,13.8,"CP"
"13D","no seedling data","Parashorea tomentella","DIPTEROCARPACEAE","Parashorea","tomentella",200,23.4,"CP"
"13D","no seedling data","Drypetes longifolia","PUTRANJIVACEAE","Drypetes","longifolia",180,18.3,"CP"
"13D","no seedling data","Caryodaphnopsis tonkinensis","LAURACEAE","Caryodaphnopsis","tonkinensis",158,12.3,"CP"
"13D","no seedling data","Caryodaphnopsis tonkinensis","LAURACEAE","Caryodaphnopsis","tonkinensis",334,19.2,"CP"
"13D","no seedling data","Diospyros cauliflora","EBENACEAE","Diospyros","cauliflora",177,7.6,"CP"
"13D","no seedling data","Caryodaphnopsis tonkinensis","LAURACEAE","Caryodaphnopsis","tonkinensis",266,13.3,"CP"
"13D","no seedling data","Orophea corymbosa","ANNONACEAE","Orophea","corymbosa",181,15.7,"CP"
"13D","no seedling data","Caryodaphnopsis tonkinensis","LAURACEAE","Caryodaphnopsis","tonkinensis",311,23.7,"CP"
"13D","no seedling data","Caryodaphnopsis tonkinensis","LAURACEAE","Caryodaphnopsis","tonkinensis",213,15.8,"CP"
"13D","no seedling data","Caryodaphnopsis tonkinensis","LAURACEAE","Caryodaphnopsis","tonkinensis",420,29.9,"CP"
"13D","no seedling data","Caryodaphnopsis tonkinensis","LAURACEAE","Caryodaphnopsis","tonkinensis",380,27.4,"CP"
"13D","no seedling data","Caryodaphnopsis tonkinensis","LAURACEAE","Caryodaphnopsis","tonkinensis",232,22.6,"CP"
"13D","no seedling data","Lansium domesticum","MELIACEAE","Lansium","domesticum",135,16,"CP"
"13D","no seedling data","Lithocarpus unknown mixed","FAGACEAE","Lithocarpus","unknown mixed",420,30,"CP"
"13D","no seedling data","nA NA",NA,"nA",NA,368,25,"CP"
"13D","no seedling data","Pterospermum javanicum","MALVACEAE","Pterospermum","javanicum",258,19.5,"CP"
"13D","no seedling data","Unknown unknown mixed","MELIACEAE","Unknown","unknown mixed",146,6.4,"CP"
"13D","no seedling data","Orophea corymbosa","ANNONACEAE","Orophea","corymbosa",131,16.2,"CP"
"14D","NR","Shorea pauciflora","DIPTEROCARPACEAE","Shorea","pauciflora",666,54.1,"CP"
"14D","NR","Fordia brachybotrys","FABACEAE","Fordia","brachybotrys",142,14.5,"CP"
"14D","NR","Paranephelium xestophyllum","SAPINDACEAE","Paranephelium","xestophyllum",385,18.5,"CP"
"14D","NR","Paranephelium xestophyllum","SAPINDACEAE","Paranephelium","xestophyllum",186,20.3,"CP"
"14D","NR","Paranephelium xestophyllum","SAPINDACEAE","Paranephelium","xestophyllum",178,18.7,"CP"
"14D","NR","Paranephelium xestophyllum","SAPINDACEAE","Paranephelium","xestophyllum",175,9.7,"CP"
"14D","NR","Paranephelium xestophyllum","SAPINDACEAE","Paranephelium","xestophyllum",123,20.3,"CP"
"14D","NR","Paranephelium xestophyllum","SAPINDACEAE","Paranephelium","xestophyllum",113,14.2,"CP"
"14D","NR","Dryobalanops lanceolata","DIPTEROCARPACEAE","Dryobalanops","lanceolata",139,20.4,"CP"
"14D","NR","Microcos crassifolia","MALVACEAE","Microcos","crassifolia",157,19.3,"CP"
"14D","NR","Pterygota alata","MALVACEAE","Pterygota","alata",475,26.8,"CP"
"14D","NR","Neoscortechinia kingii","EUPHORBIACEAE","Neoscortechinia","kingii",187,21.2,"CP"
"14D","NR","Syzygium unknown mixed","MYRTACEAE","Syzygium","unknown mixed",312,18.6,"CP"
"14D","NR","Pternandra coerulescens","MELASTOMATACEAE","Pternandra","coerulescens",146,10.9,"CP"
"14D","NR","Shorea pauciflora","DIPTEROCARPACEAE","Shorea","pauciflora",510,24.4,"CP"
"14D","NR","Monoon erianthoides","ANNONACEAE","Monoon","erianthoides",129,19.1,"CP"
"14D","NR","Cinnamomum unknown mixed","LAURACEAE","Cinnamomum","unknown mixed",193,16.7,"CP"
"14D","NR","Ochanostachys amentacea","OLACACEAE","Ochanostachys","amentacea",314,24,"CP"
"14D","NR","Shorea faguetiana","DIPTEROCARPACEAE","Shorea","faguetiana",186,22.2,"CP"
"14D","NR","Shorea faguetiana","DIPTEROCARPACEAE","Shorea","faguetiana",186,22.9,"CP"
"14D","NR","Shorea faguetiana","DIPTEROCARPACEAE","Shorea","faguetiana",229,26.5,"CP"
"14D","NR","Mallotus korthalsii","EUPHORBIACEAE","Mallotus","korthalsii",179,17.7,"CP"
"14D","NR","Scaphium unknown mixed","MALVACEAE","Scaphium","unknown mixed",530,33.3,"CP"
"14D","NR","Mallotus species 1","EUPHORBIACEAE","Mallotus","species 1",228,15.2,"CP"
"14D","NR","Shorea faguetiana","DIPTEROCARPACEAE","Shorea","faguetiana",115,15.1,"CP"
"14D","NR","Shorea faguetiana","DIPTEROCARPACEAE","Shorea","faguetiana",262,26.9,"CP"
"14D","NR","Hubera rumphii","ANNONACEAE","Hubera","rumphii",166,16.2,"CP"
"14D","NR","Pterospermum javanicum","MALVACEAE","Pterospermum","javanicum",218,19.7,"CP"
"14D","NR","Canarium denticulatum","BURSERACEAE","Canarium","denticulatum",112,19.8,"CP"
"14D","NR","Parashorea malaanonan","DIPTEROCARPACEAE","Parashorea","malaanonan",1193,70,"CP"
"14D","NR","Cleistanthus myrianthus","PHYLLANTHACEAE","Cleistanthus","myrianthus",117,17.2,"CP"
"14D","NR","Unknown unknown mixed","LIANA","Unknown","unknown mixed",115,70,"CP"
"14D","NR","Hopea unknown mixed","DIPTEROCARPACEAE","Hopea","unknown mixed",590,37.7,"CP"
"14D","NR","Nephelium maingayi","SAPINDACEAE","Nephelium","maingayi",187,17.4,"CP"
"14D","NR","Dryobalanops lanceolata","DIPTEROCARPACEAE","Dryobalanops","lanceolata",815,52.6,"CP"
"14D","NR","Shorea ovalis","DIPTEROCARPACEAE","Shorea","ovalis",156,15.5,"CP"
"14D","NR","Lithocarpus unknown mixed","FAGACEAE","Lithocarpus","unknown mixed",255,18.9,"CP"
"14D","NR","Syzygium unknown mixed","MYRTACEAE","Syzygium","unknown mixed",194,19.4,"CP"
"14D","NR","Mangifera foetida","ANACARDIACEAE","Mangifera","foetida",615,48.9,"CP"
"14D","NR","Mallotus species 1","EUPHORBIACEAE","Mallotus","species 1",127,9.4,"CP"
"14D","NR","Polyalthia obliqua","ANNONACEAE","Polyalthia","obliqua",113,16,"CP"
"14D","NR","Palaquium dasyphyllum","SAPOTACEAE","Palaquium","dasyphyllum",113,12.4,"CP"
"14D","NR","Shorea faguetiana","DIPTEROCARPACEAE","Shorea","faguetiana",191,17.7,"CP"
"14D","NR","Syzygium unknown mixed","MYRTACEAE","Syzygium","unknown mixed",330,21,"CP"
"14D","NR","Aglaia unknown mixed","MELIACEAE","Aglaia","unknown mixed",146,9.9,"CP"
"14D","NR","Canarium denticulatum","BURSERACEAE","Canarium","denticulatum",339,24.6,"CP"
"14D","NR","Unknown unknown mixed","LIANA","Unknown","unknown mixed",117,22.8,"CP"
"14D","NR","Mallotus wrayi","EUPHORBIACEAE","Mallotus","wrayi",179,12.7,"CP"
"14D","NR","Shorea atrinervosa","DIPTEROCARPACEAE","Shorea","atrinervosa",191,18.4,"CP"
"14D","NR","Canarium denticulatum","BURSERACEAE","Canarium","denticulatum",209,18.1,"CP"
"14D","NR","Dimocarpus longan","SAPINDACEAE","Dimocarpus","longan",268,22.8,"CP"
"14D","NR","Shorea atrinervosa","DIPTEROCARPACEAE","Shorea","atrinervosa",148,16.9,"CP"
"14D","NR","Cleistanthus hirsutulus","PHYLLANTHACEAE","Cleistanthus","hirsutulus",111,14,"CP"
"14D","NR","Litsea grandis","LAURACEAE","Litsea","grandis",333,27.1,"CP"
"14D","NR","Cleistanthus myrianthus","PHYLLANTHACEAE","Cleistanthus","myrianthus",250,24.5,"CP"
"14D","NR","Drepanthus havilandii","ANNONACEAE","Drepanthus","havilandii",168,17.9,"CP"
"14D","NR","Unknown unknown mixed","MELIACEAE","Unknown","unknown mixed",169,16.3,"CP"
"14D","NR","Ficus unknown mixed","MORACEAE","Ficus","unknown mixed",118,14.2,"CP"
"14D","NR","Shorea atrinervosa","DIPTEROCARPACEAE","Shorea","atrinervosa",177,18.3,"CP"
"14D","NR","Syzygium unknown mixed","MYRTACEAE","Syzygium","unknown mixed",200,12,"CP"
"14D","NR","Kayea unknown mixed","CALOPHYLLACEAE","Kayea","unknown mixed",177,18.9,"CP"
"14D","NR","Dipterocarpus unknown mixed","DIPTEROCARPACEAE","Dipterocarpus","unknown mixed",744,40.3,"CP"
"14D","NR","Antidesma species 1","PHYLLANTHACEAE","Antidesma","species 1",122,10.9,"CP"
"14D","NR","Crudia unknown mixed","FABACEAE","Crudia","unknown mixed",138,10.3,"CP"
"14D","NR","Microcos ossea","MALVACEAE","Microcos","ossea",115,12.2,"CP"
"14D","NR","Dryobalanops lanceolata","DIPTEROCARPACEAE","Dryobalanops","lanceolata",125,10.2,"CP"
"14D","NR","Shorea johorensis","DIPTEROCARPACEAE","Shorea","johorensis",1239,44.1,"CP"
"14D","NR","Ficus unknown mixed","MORACEAE","Ficus","unknown mixed",150,39.3,"CP"
"14D","NR","Shorea pauciflora","DIPTEROCARPACEAE","Shorea","pauciflora",655,40.4,"CP"
"14D","NR","Shorea parvifolia","DIPTEROCARPACEAE","Shorea","parvifolia",347,27.3,"CP"
"14D","NR","Dryobalanops lanceolata","DIPTEROCARPACEAE","Dryobalanops","lanceolata",337,26.1,"CP"
"14D","NR","Monoon grandiflorum","ANNONACEAE","Monoon","grandiflorum",272,24,"CP"
"14D","NR","Canarium denticulatum","BURSERACEAE","Canarium","denticulatum",133,17.2,"CP"
"14D","NR","Shorea pauciflora","DIPTEROCARPACEAE","Shorea","pauciflora",1259,49.6,"CP"
"14D","NR","Polyalthia obliqua","ANNONACEAE","Polyalthia","obliqua",220,17.4,"CP"
"14D","NR","Parashorea malaanonan","DIPTEROCARPACEAE","Parashorea","malaanonan",571,43.4,"CP"
"14D","NR","Unknown unknown mixed","MELIACEAE","Unknown","unknown mixed",145,13.3,"CP"
"14D","NR","Parashorea tomentella","DIPTEROCARPACEAE","Parashorea","tomentella",156,9.1,"CP"
"14D","NR","Dysoxylum unknown mixed","MELIACEAE","Dysoxylum","unknown mixed",190,8.7,"CP"
"14D","NR","Alangium javanicum","ALANGIACEAE","Alangium","javanicum",135,15.1,"CP"
"14D","NR","Xanthophyllum affine","POLYGALACEAE","Xanthophyllum","affine",107,10.4,"CP"
"14D","NR","Syzygium unknown mixed","MYRTACEAE","Syzygium","unknown mixed",157,12.5,"CP"
"14D","NR","Dimocarpus longan","SAPINDACEAE","Dimocarpus","longan",333,13.9,"CP"
"14D","NR","Cleistanthus hirsutulus","PHYLLANTHACEAE","Cleistanthus","hirsutulus",151,13.1,"CP"
"14D","NR","Cleistanthus hirsutulus","PHYLLANTHACEAE","Cleistanthus","hirsutulus",130,10.3,"CP"
"14D","NR","Knema latericia","MYRISTICACEAE","Knema","latericia",116,10.2,"CP"
"14D","NR","Syzygium unknown mixed","MYRTACEAE","Syzygium","unknown mixed",223,22.3,"CP"
"14D","NR","Shorea johorensis","DIPTEROCARPACEAE","Shorea","johorensis",405,29.7,"CP"
"14D","NR","Knema laurina","MYRISTICACEAE","Knema","laurina",110,10.7,"CP"
"14D","NR","Shorea atrinervosa","DIPTEROCARPACEAE","Shorea","atrinervosa",123,12.7,"CP"
"14D","NR","Syzygium unknown mixed","MYRTACEAE","Syzygium","unknown mixed",192,15.3,"CP"
"14D","NR","Alangium javanicum","ALANGIACEAE","Alangium","javanicum",114,15.9,"CP"
"14D","NR","Beilschmiedia tawaensis","LAURACEAE","Beilschmiedia","tawaensis",158,16.3,"CP"
"14D","NR","Unknown unknown mixed","LIANA","Unknown","unknown mixed",127,43.1,"CP"
"14D","NR","Shorea johorensis","DIPTEROCARPACEAE","Shorea","johorensis",416,33.4,"CP"
"14D","NR","Dryobalanops lanceolata","DIPTEROCARPACEAE","Dryobalanops","lanceolata",204,22.7,"CP"
"14D","NR","Unknown unknown mixed","MELIACEAE","Unknown","unknown mixed",143,10.2,"CP"
"14D","NR","Syzygium unknown mixed","MYRTACEAE","Syzygium","unknown mixed",191,13.3,"CP"
"14D","NR","Shorea faguetiana","DIPTEROCARPACEAE","Shorea","faguetiana",1058,43.8,"CP"
"14D","NR","Ochanostachys amentacea","OLACACEAE","Ochanostachys","amentacea",128,8.8,"CP"
"14D","NR","Canarium denticulatum","BURSERACEAE","Canarium","denticulatum",267,20.1,"CP"
"14D","NR","Dryobalanops lanceolata","DIPTEROCARPACEAE","Dryobalanops","lanceolata",248,25.4,"CP"
"14D","NR","Mallotus korthalsii","EUPHORBIACEAE","Mallotus","korthalsii",139,14.6,"CP"
"14D","NR","Phaeanthus splendens","ANNONACEAE","Phaeanthus","splendens",202,19.5,"CP"
"14D","NR","Koilodepas longifolium","EUPHORBIACEAE","Koilodepas","longifolium",150,13.2,"CP"
"14D","NR","Diospyros dictyoneura","EBENACEAE","Diospyros","dictyoneura",315,24.6,"CP"
"14D","NR","Koilodepas longifolium","EUPHORBIACEAE","Koilodepas","longifolium",107,11.1,"CP"
"14D","NR","Mallotus species 1","EUPHORBIACEAE","Mallotus","species 1",178,15.4,"CP"
"14D","NR","Magnolia gigantifolia","MAGNOLIACEAE","Magnolia","gigantifolia",241,27.3,"CP"
"14D","NR","Dryobalanops lanceolata","DIPTEROCARPACEAE","Dryobalanops","lanceolata",143,19.9,"CP"
"14D","NR","Mallotus korthalsii","EUPHORBIACEAE","Mallotus","korthalsii",136,15.1,"CP"
"14D","NR","Lithocarpus gracilis","FAGACEAE","Lithocarpus","gracilis",414,25,"CP"
"14D","NR","Phaeanthus splendens","ANNONACEAE","Phaeanthus","splendens",105,14.3,"CP"
"14D","NR","Palaquium dasyphyllum","SAPOTACEAE","Palaquium","dasyphyllum",113,12.4,"CP"
"14D","NR","Stemonurus scorpiodes","STEMONURACEAE","Stemonurus","scorpiodes",175,18.1,"CP"
"14D","NR","Shorea atrinervosa","DIPTEROCARPACEAE","Shorea","atrinervosa",175,19.1,"CP"
"14D","NR","Syzygium unknown mixed","MYRTACEAE","Syzygium","unknown mixed",182,18.3,"CP"
"14D","NR","Syzygium unknown mixed","MYRTACEAE","Syzygium","unknown mixed",121,16.1,"CP"
"15D","AR","Taulama gitingensis","MAGNOLIACEAE","Taulama","gitingensis",211,18.4,"CP"
"15D","AR","Gironniera nervosa","ULMACEAE","Gironniera","nervosa",246,23.6,"CP"
"15D","AR","Microcos ossea","MALVACEAE","Microcos","ossea",139,21.3,"CP"
"15D","AR","Mallotus wrayi","EUPHORBIACEAE","Mallotus","wrayi",NA,NA,"CP"
"15D","AR","Shorea unknown mixed","DIPTEROCARPACEAE","Shorea","unknown mixed",232,19.3,"CP"
"15D","AR","Alangium javanicum","ALANGIACEAE","Alangium","javanicum",161,15.2,"CP"
"15D","AR","Unknown unknown mixed","MELIACEAE","Unknown","unknown mixed",375,30.2,"CP"
"15D","AR","Mallotus penangensis","EUPHORBIACEAE","Mallotus","penangensis",180,19.8,"CP"
"15D","AR","Madhuca kingiana","SAPOTACEAE","Madhuca","kingiana",253,19.6,"CP"
"15D","AR","Santiria laevigata","BURSERACEAE","Santiria","laevigata",171,19.3,"CP"
"15D","AR","Syzygium unknown mixed","MYRTACEAE","Syzygium","unknown mixed",225,17.5,"CP"
"15D","AR","Pentace adenophora","MALVACEAE","Pentace","adenophora",131,20.3,"CP"
"15D","AR","Fordia splendidissima","FABACEAE","Fordia","splendidissima",101,8,"CP"
"15D","AR","Maasia sumatrana","ANNONACEAE","Maasia","sumatrana",201,18.4,"CP"
"15D","AR","Shorea parvifolia","DIPTEROCARPACEAE","Shorea","parvifolia",394,51.9,"CP"
"15D","AR","Madhuca kingiana","SAPOTACEAE","Madhuca","kingiana",488,35.4,"CP"
"15D","AR","Ardisia  colorata","PRIMULACEAE","Ardisia ","colorata",118,16.1,"CP"
"15D","AR","Baccaurea tetrandra","PHYLLANTHACEAE","Baccaurea","tetrandra",176,21.2,"CP"
"15D","AR","Diospyros unknown mixed","EBENACEAE","Diospyros","unknown mixed",164,20,"CP"
"15D","AR","Shorea parvifolia","DIPTEROCARPACEAE","Shorea","parvifolia",434,34.4,"CP"
"15D","AR","Mastixia trichotoma","CORNACEAE","Mastixia","trichotoma",115,16.7,"CP"
"15D","AR","Scaphium macropodum","MALVACEAE","Scaphium","macropodum",102,13.8,"CP"
"15D","AR","Shorea parvifolia","DIPTEROCARPACEAE","Shorea","parvifolia",199,6.4,"CP"
"15D","AR","Shorea pauciflora","DIPTEROCARPACEAE","Shorea","pauciflora",515,41.7,"CP"
"15D","AR","Urophyllum  unknown mixed","RUBIACEAE","Urophyllum ","unknown mixed",121,12.5,"CP"
"15D","AR","Dacryodes unknown mixed","BURSERACEAE","Dacryodes","unknown mixed",213,16.6,"CP"
"15D","AR","Stemonurus scorpiodes","STEMONURACEAE","Stemonurus","scorpiodes",179,16.3,"CP"
"15D","AR","Aporusa falcifera","PHYLLANTHACEAE","Aporusa","falcifera",110,16.2,"CP"
"15D","AR","Mallotus penangensis","EUPHORBIACEAE","Mallotus","penangensis",147,20.5,"CP"
"15D","AR","Planchonia brevistipitata","BARRINGTONIACEAE","Planchonia","brevistipitata",150,7,"CP"
"15D","AR","Mallotus wrayi","EUPHORBIACEAE","Mallotus","wrayi",133,17.8,"CP"
"15D","AR","Koilodepas longifolium","EUPHORBIACEAE","Koilodepas","longifolium",155,8.1,"CP"
"15D","AR","Baccaurea tetrandra","PHYLLANTHACEAE","Baccaurea","tetrandra",173,20.9,"CP"
"15D","AR","Gironniera nervosa","ULMACEAE","Gironniera","nervosa",118,14.5,"CP"
"15D","AR","Neoscortechinia kingii","EUPHORBIACEAE","Neoscortechinia","kingii",245,22.9,"CP"
"15D","AR","Baccaurea tetrandra","PHYLLANTHACEAE","Baccaurea","tetrandra",164,13.9,"CP"
"15D","AR","Chisocheton macranthus","MELIACEAE","Chisocheton","macranthus",435,16.8,"CP"
"15D","AR","Xanthophyllum affine","POLYGALACEAE","Xanthophyllum","affine",169,14.7,"CP"
"15D","AR","Pternandra coerulescens","MELASTOMATACEAE","Pternandra","coerulescens",113,10.4,"CP"
"15D","AR","Shorea parvifolia","DIPTEROCARPACEAE","Shorea","parvifolia",556,30.8,"CP"
"15D","AR","Drypetes unknown mixed","PUTRANJIVACEAE","Drypetes","unknown mixed",127,17.5,"CP"
"15D","AR","Cinnamomum griffithii","LAURACEAE","Cinnamomum","griffithii",501,20.5,"CP"
"15D","AR","Koilodepas longifolium","EUPHORBIACEAE","Koilodepas","longifolium",179,11.7,"CP"
"15D","AR","Mallotus penangensis","EUPHORBIACEAE","Mallotus","penangensis",143,24.9,"CP"
"15D","AR","Cryptocarya unknown mixed","LAURACEAE","Cryptocarya","unknown mixed",152,20.5,"CP"
"15D","AR","Dipterocarpus applanatus","DIPTEROCARPACEAE","Dipterocarpus","applanatus",467,37.5,"CP"
"15D","AR","Nothaphoebe unknown mixed","LAURACEAE","Nothaphoebe","unknown mixed",239,16.6,"CP"
"15D","AR","Canarium denticulatum","BURSERACEAE","Canarium","denticulatum",310,26,"CP"
"15D","AR","Dipterocarpus caudiferus","DIPTEROCARPACEAE","Dipterocarpus","caudiferus",467,39,"CP"
"15D","AR","Ficus unknown mixed","MORACEAE","Ficus","unknown mixed",121,15.3,"CP"
"15D","AR","Taulama gitingensis","MAGNOLIACEAE","Taulama","gitingensis",138,12.9,"CP"
"15D","AR","Ochanostachys amentacea","OLACACEAE","Ochanostachys","amentacea",264,2.5,"CP"
"15D","AR","Ochanostachys amentacea","OLACACEAE","Ochanostachys","amentacea",153,13.7,"CP"
"15D","AR","Mallotus stipularis","EUPHORBIACEAE","Mallotus","stipularis",169,21.8,"CP"
"15D","AR","Mallotus wrayi","EUPHORBIACEAE","Mallotus","wrayi",146,12.6,"CP"
"15D","AR","Magnolia gigantifolia","MAGNOLIACEAE","Magnolia","gigantifolia",197,14.8,"CP"
"15D","AR","Shorea johorensis","DIPTEROCARPACEAE","Shorea","johorensis",797,43.9,"CP"
"15D","AR","Unknown unknown mixed","ANNONACEAE","Unknown","unknown mixed",130,13.3,"CP"
"15D","AR","Mangifera foetida","ANACARDIACEAE","Mangifera","foetida",214,18.7,"CP"
"15D","AR","Unknown unknown mixed","MELIACEAE","Unknown","unknown mixed",149,15.5,"CP"
"15D","AR","Baccaurea tetrandra","PHYLLANTHACEAE","Baccaurea","tetrandra",136,14.3,"CP"
"15D","AR","Baccaurea tetrandra","PHYLLANTHACEAE","Baccaurea","tetrandra",234,12.9,"CP"
"15D","AR","Koilodepas longifolium","EUPHORBIACEAE","Koilodepas","longifolium",105,9,"CP"
"15D","AR","Ryparosa hullettii","ACHARIACEAE","Ryparosa","hullettii",512,30.8,"CP"
"15D","AR","Microcos ossea","MALVACEAE","Microcos","ossea",254,19.5,"CP"
"15D","AR","Lophopetalum javanicum","CELASTRACEAE","Lophopetalum","javanicum",127,17.2,"CP"
"15D","AR","Ficus unknown mixed","MORACEAE","Ficus","unknown mixed",1420,51.8,"CP"
"15D","AR","Mallotus penangensis","EUPHORBIACEAE","Mallotus","penangensis",229,19.7,"CP"
"15D","AR","Ochanostachys amentacea","OLACACEAE","Ochanostachys","amentacea",395,38.2,"CP"
"15D","AR","Syzygium unknown mixed","MYRTACEAE","Syzygium","unknown mixed",604,41.9,"CP"
"15D","AR","Drypetes unknown mixed","PUTRANJIVACEAE","Drypetes","unknown mixed",115,11.9,"CP"
"15D","AR","Unknown unknown mixed","MELIACEAE","Unknown","unknown mixed",154,10.9,"CP"
"15D","AR","Koilodepas longifolium","EUPHORBIACEAE","Koilodepas","longifolium",106,7.4,"CP"
"15D","AR","Baccaurea tetrandra","PHYLLANTHACEAE","Baccaurea","tetrandra",157,15.7,"CP"
"15D","AR","Mallotus penangensis","EUPHORBIACEAE","Mallotus","penangensis",163,9.9,"CP"
"15D","AR","Litsea unknown mixed","LAURACEAE","Litsea","unknown mixed",149,12.4,"CP"
"15D","AR","Pentace laxiflora","MALVACEAE","Pentace","laxiflora",193,17.5,"CP"
"15D","AR","Lithocarpus unknown mixed","FAGACEAE","Lithocarpus","unknown mixed",598,33.8,"CP"
"15D","AR","Knema unknown mixed","MYRISTICACEAE","Knema","unknown mixed",287,34.2,"CP"
"15D","AR","Mallotus penangensis","EUPHORBIACEAE","Mallotus","penangensis",129,14.9,"CP"
"15D","AR","Xylopia ferruginea","ANNONACEAE","Xylopia","ferruginea",638,48.6,"CP"
"15D","AR","Alangium javanicum","ALANGIACEAE","Alangium","javanicum",389,33.7,"CP"
"15D","AR","Dehaasia caesia","LAURACEAE","Dehaasia","caesia",379,27.7,"CP"
"15D","AR","Castanopsis hypophoenicea","FAGACEAE","Castanopsis","hypophoenicea",440,26.5,"CP"
"15D","AR","Shorea johorensis","DIPTEROCARPACEAE","Shorea","johorensis",254,35,"CP"
"15D","AR","Dipterocarpus applanatus","DIPTEROCARPACEAE","Dipterocarpus","applanatus",675,40.8,"CP"
"15D","AR","Beilschmiedia tawaensis","LAURACEAE","Beilschmiedia","tawaensis",313,28.6,"CP"
"15D","AR","Lithocarpus gracilis","FAGACEAE","Lithocarpus","gracilis",179,20.7,"CP"
"15D","AR","Dipterocarpus caudiferus","DIPTEROCARPACEAE","Dipterocarpus","caudiferus",543,39.7,"CP"
"15D","AR","Parashorea malaanonan","DIPTEROCARPACEAE","Parashorea","malaanonan",822,48.7,"CP"
"15D","AR","Shorea parvifolia","DIPTEROCARPACEAE","Shorea","parvifolia",439,40.9,"CP"
"15D","AR","Lithocarpus unknown mixed","FAGACEAE","Lithocarpus","unknown mixed",166,19.4,"CP"
"15D","AR","Litsea grandis","LAURACEAE","Litsea","grandis",189,24.4,"CP"
"15D","AR","Ochanostachys amentacea","OLACACEAE","Ochanostachys","amentacea",146,25.8,"CP"
"15D","AR","Syzygium unknown mixed","MYRTACEAE","Syzygium","unknown mixed",909,46.9,"CP"
"15D","AR","Litsea grandis","LAURACEAE","Litsea","grandis",455,29.2,"CP"
"15D","AR","Shorea fallax","DIPTEROCARPACEAE","Shorea","fallax",325,30,"CP"
"15D","AR","Baccaurea tetrandra","PHYLLANTHACEAE","Baccaurea","tetrandra",266,16.2,"CP"
"15D","AR","Litsea angulata","LAURACEAE","Litsea","angulata",231,28.6,"CP"
"15D","AR","Dryobalanops lanceolata","DIPTEROCARPACEAE","Dryobalanops","lanceolata",232,21.9,"CP"
"15D","AR","Garcinia unknown mixed","CLUSIACEAE","Garcinia","unknown mixed",205,23.9,"CP"
"15D","AR","Mallotus wrayi","EUPHORBIACEAE","Mallotus","wrayi",107,17.6,"CP"
"15D","AR","Lithocarpus unknown mixed","FAGACEAE","Lithocarpus","unknown mixed",161,18.9,"CP"
"15D","AR","Aporusa falcifera","PHYLLANTHACEAE","Aporusa","falcifera",136,15.3,"CP"
"15D","AR","Pentace laxiflora","MALVACEAE","Pentace","laxiflora",606,40.8,"CP"
"15D","AR","Helicia robusta","PROTEACEAE","Helicia","robusta",238,26.6,"CP"
"15D","AR","Ochanostachys amentacea","OLACACEAE","Ochanostachys","amentacea",294,22.7,"CP"
"15D","AR","Aglaia silvestris","MELIACEAE","Aglaia","silvestris",115,10.1,"CP"
"15D","AR","Mallotus wrayi","EUPHORBIACEAE","Mallotus","wrayi",127,14.6,"CP"
"15D","AR","Dysoxylum rigidum","MELIACEAE","Dysoxylum","rigidum",223,18.5,"CP"
"15D","AR","Shorea parvifolia","DIPTEROCARPACEAE","Shorea","parvifolia",1100,45.6,"CP"
"15D","AR","Litsea grandis","LAURACEAE","Litsea","grandis",430,20.9,"CP"
"15D","AR","Xanthophyllum unknown mixed","POLYGALACEAE","Xanthophyllum","unknown mixed",108,16.9,"CP"
"15D","AR","Drypetes unknown mixed","PUTRANJIVACEAE","Drypetes","unknown mixed",132,16.4,"CP"
"15D","AR","Lansium domesticum","MELIACEAE","Lansium","domesticum",110,17.3,"CP"
"15D","AR","Mallotus penangensis","EUPHORBIACEAE","Mallotus","penangensis",238,24.4,"CP"
"15D","AR","Dacryodes unknown mixed","BURSERACEAE","Dacryodes","unknown mixed",141,12.8,"CP"
"15D","AR","Mallotus penangensis","EUPHORBIACEAE","Mallotus","penangensis",165,28.4,"CP"
"15D","AR","Shorea unknown mixed","DIPTEROCARPACEAE","Shorea","unknown mixed",617,38.2,"CP"
"15D","AR","Drypetes unknown mixed","PUTRANJIVACEAE","Drypetes","unknown mixed",184,21.9,"CP"
"15D","AR","Drypetes unknown mixed","PUTRANJIVACEAE","Drypetes","unknown mixed",168,21.7,"CP"
"15D","AR","Syzygium unknown mixed","MYRTACEAE","Syzygium","unknown mixed",495,33.7,"CP"
"15D","AR","Unknown unknown mixed","LAURACEAE","Unknown","unknown mixed",112,12.6,"CP"
"16D","AR","Lithocarpus unknown mixed","FAGACEAE","Lithocarpus","unknown mixed",170,18.1,"CP"
"16D","AR","Cleistanthus myrianthus","PHYLLANTHACEAE","Cleistanthus","myrianthus",195,22.3,"CP"
"16D","AR","Canarium denticulatum","BURSERACEAE","Canarium","denticulatum",128,10.7,"CP"
"16D","AR","Shorea parvifolia","DIPTEROCARPACEAE","Shorea","parvifolia",485,45.6,"CP"
"16D","AR","Koilodepas longifolium","EUPHORBIACEAE","Koilodepas","longifolium",121,7.7,"CP"
"16D","AR","Koilodepas longifolium","EUPHORBIACEAE","Koilodepas","longifolium",160,11.4,"CP"
"16D","AR","Shorea fallax","DIPTEROCARPACEAE","Shorea","fallax",158,20.6,"CP"
"16D","AR","Glochidion lanceisepalum","PHYLLANTHACEAE","Glochidion","lanceisepalum",116,15.8,"CP"
"16D","AR","Diospyros cauliflora","EBENACEAE","Diospyros","cauliflora",254,25.1,"CP"
"16D","AR","Shorea fallax","DIPTEROCARPACEAE","Shorea","fallax",176,22.8,"CP"
"16D","AR","Macaranga pearsonii","EUPHORBIACEAE","Macaranga","pearsonii",399,24.7,"CP"
"16D","AR","Macaranga pearsonii","EUPHORBIACEAE","Macaranga","pearsonii",493,37.3,"CP"
"16D","AR","Palaquium beccarianum","SAPOTACEAE","Palaquium","beccarianum",115,17.8,"CP"
"16D","AR","Neolamarckia cadamba","RUBIACEAE","Neolamarckia","cadamba",600,40.3,"CP"
"16D","AR","Sageraea elliptica","ANNONACEAE","Sageraea","elliptica",139,17.7,"CP"
"16D","AR","Baccaurea lanceolata","PHYLLANTHACEAE","Baccaurea","lanceolata",213,20.4,"CP"
"16D","AR","Shorea fallax","DIPTEROCARPACEAE","Shorea","fallax",223,28.6,"CP"
"16D","AR","Fordia splendidissima","FABACEAE","Fordia","splendidissima",115,17.4,"CP"
"16D","AR","Shorea pauciflora","DIPTEROCARPACEAE","Shorea","pauciflora",242,25.9,"CP"
"16D","AR","Shorea fallax","DIPTEROCARPACEAE","Shorea","fallax",280,28.7,"CP"
"16D","AR","Drypetes eriocarpa","PUTRANJIVACEAE","Drypetes","eriocarpa",264,21,"CP"
"16D","AR","Shorea fallax","DIPTEROCARPACEAE","Shorea","fallax",323,30.4,"CP"
"16D","AR","Koilodepas longifolium","EUPHORBIACEAE","Koilodepas","longifolium",217,22.1,"CP"
"16D","AR","Dehaasia caesia","LAURACEAE","Dehaasia","caesia",368,21.4,"CP"
"16D","AR","Shorea fallax","DIPTEROCARPACEAE","Shorea","fallax",339,30.1,"CP"
"16D","AR","Mallotus wrayi","EUPHORBIACEAE","Mallotus","wrayi",120,11.4,"CP"
"16D","AR","Cleistanthus myrianthus","PHYLLANTHACEAE","Cleistanthus","myrianthus",128,15.4,"CP"
"16D","AR","Shorea fallax","DIPTEROCARPACEAE","Shorea","fallax",254,18.5,"CP"
"16D","AR","Ficus unknown mixed","MORACEAE","Ficus","unknown mixed",1437,38.7,"CP"
"16D","AR","Koilodepas longifolium","EUPHORBIACEAE","Koilodepas","longifolium",176,11,"CP"
"16D","AR","Diospyros unknown mixed","EBENACEAE","Diospyros","unknown mixed",291,27.7,"CP"
"16D","AR","Syzygium unknown mixed","MYRTACEAE","Syzygium","unknown mixed",188,22.7,"CP"
"16D","AR","Macaranga pearsonii","EUPHORBIACEAE","Macaranga","pearsonii",571,30.7,"CP"
"16D","AR","Unknown unknown mixed","MELIACEAE","Unknown","unknown mixed",161,11,"CP"
"16D","AR","Macaranga pearsonii","EUPHORBIACEAE","Macaranga","pearsonii",262,29,"CP"
"16D","AR","Endospermum diadenum","EUPHORBIACEAE","Endospermum","diadenum",152,12,"CP"
"16D","AR","Aporusa grandistipula","PHYLLANTHACEAE","Aporusa","grandistipula",127,10.2,"CP"
"16D","AR","Canarium denticulatum","BURSERACEAE","Canarium","denticulatum",103,9.7,"CP"
"16D","AR","Macaranga pearsonii","EUPHORBIACEAE","Macaranga","pearsonii",163,17,"CP"
"16D","AR","Macaranga pearsonii","EUPHORBIACEAE","Macaranga","pearsonii",250,20,"CP"
"16D","AR","Diospyros unknown mixed","EBENACEAE","Diospyros","unknown mixed",148,24.2,"CP"
"16D","AR","Macaranga pearsonii","EUPHORBIACEAE","Macaranga","pearsonii",354,24.6,"CP"
"16D","AR","Endospermum diadenum","EUPHORBIACEAE","Endospermum","diadenum",302,27.3,"CP"
"16D","AR","Parinari oblongifolia","CHRYSOBALANACEAE","Parinari","oblongifolia",247,20.2,"CP"
"16D","AR","Chisocheton macranthus","MELIACEAE","Chisocheton","macranthus",248,22.2,"CP"
"16D","AR","Macaranga pearsonii","EUPHORBIACEAE","Macaranga","pearsonii",305,34.1,"CP"
"16D","AR","Mallotus korthalsii","EUPHORBIACEAE","Mallotus","korthalsii",154,16.2,"CP"
"16D","AR","Macaranga hypoleuca","EUPHORBIACEAE","Macaranga","hypoleuca",226,28.7,"CP"
"16D","AR","Syzygium unknown mixed","MYRTACEAE","Syzygium","unknown mixed",193,13.8,"CP"
"16D","AR","Syzygium unknown mixed","MYRTACEAE","Syzygium","unknown mixed",196,12.6,"CP"
"16D","AR","Unknown unknown mixed","MELIACEAE","Unknown","unknown mixed",110,15.1,"CP"
"16D","AR","Syzygium unknown mixed","MYRTACEAE","Syzygium","unknown mixed",111,19.8,"CP"
"16D","AR","Drypetes eriocarpa","PUTRANJIVACEAE","Drypetes","eriocarpa",138,21.4,"CP"
"16D","AR","Teijsmanniodendron pteropodum","LAMIACEAE","Teijsmanniodendron","pteropodum",295,16.5,"CP"
"16D","AR","Alangium javanicum","ALANGIACEAE","Alangium","javanicum",217,16.5,"CP"
"16D","AR","Diospyros pilosanthera","EBENACEAE","Diospyros","pilosanthera",292,25.7,"CP"
"16D","AR","Shorea superba","DIPTEROCARPACEAE","Shorea","superba",889,50.1,"CP"
"16D","AR","Ixora blumei","RUBIACEAE","Ixora","blumei",125,16.7,"CP"
"16D","AR","Canarium odontophyllum","BURSERACEAE","Canarium","odontophyllum",122,21.7,"CP"
"16D","AR","Cleistanthus myrianthus","PHYLLANTHACEAE","Cleistanthus","myrianthus",231,24,"CP"
"16D","AR","Parashorea malaanonan","DIPTEROCARPACEAE","Parashorea","malaanonan",210,25.4,"CP"
"16D","AR","Neolamarckia cadamba","RUBIACEAE","Neolamarckia","cadamba",487,49.3,"CP"
"16D","AR","Dryobalanops lanceolata","DIPTEROCARPACEAE","Dryobalanops","lanceolata",223,24.3,"CP"
"16D","AR","Macaranga pearsonii","EUPHORBIACEAE","Macaranga","pearsonii",138,17.9,"CP"
"16D","AR","Neolamarckia cadamba","RUBIACEAE","Neolamarckia","cadamba",450,25.2,"CP"
"16D","AR","Baccaurea lanceolata","PHYLLANTHACEAE","Baccaurea","lanceolata",117,11.2,"CP"
"16D","AR","Symplocos fasciculata","SYMPLOCACEAE","Symplocos","fasciculata",105,15.4,"CP"
"16D","AR","Dryobalanops lanceolata","DIPTEROCARPACEAE","Dryobalanops","lanceolata",109,18,"CP"
"16D","AR","Neolamarckia cadamba","RUBIACEAE","Neolamarckia","cadamba",237,30.4,"CP"
"16D","AR","Dryobalanops lanceolata","DIPTEROCARPACEAE","Dryobalanops","lanceolata",114,20.1,"CP"
"16D","AR","Macaranga pearsonii","EUPHORBIACEAE","Macaranga","pearsonii",193,33.9,"CP"
"16D","AR","Ficus unknown mixed","MORACEAE","Ficus","unknown mixed",148,19.7,"CP"
"16D","AR","Canarium denticulatum","BURSERACEAE","Canarium","denticulatum",111,17.5,"CP"
"16D","AR","Baccaurea tetrandra","PHYLLANTHACEAE","Baccaurea","tetrandra",126,13.1,"CP"
"16D","AR","Canarium denticulatum","BURSERACEAE","Canarium","denticulatum",108,18.8,"CP"
"16D","AR","Lithocarpus gracilis","FAGACEAE","Lithocarpus","gracilis",455,30.4,"CP"
"16D","AR","Nephelium ramboutan-ake","SAPINDACEAE","Nephelium","ramboutan-ake",209,28.3,"CP"
"16D","AR","Parashorea tomentella","DIPTEROCARPACEAE","Parashorea","tomentella",185,22.7,"CP"
"16D","AR","Hopea sangal","DIPTEROCARPACEAE","Hopea","sangal",232,25.2,"CP"
"16D","AR","Macaranga pearsonii","EUPHORBIACEAE","Macaranga","pearsonii",345,40.3,"CP"
"16D","AR","Melicope  lunu-ankenda","RUTACEAE","Melicope ","lunu-ankenda",186,27.4,"CP"
"16D","AR","Lithocarpus gracilis","FAGACEAE","Lithocarpus","gracilis",317,27.6,"CP"
"16D","AR","Teijsmanniodendron pteropodum","LAMIACEAE","Teijsmanniodendron","pteropodum",228,17.7,"CP"
"16D","AR","Aporusa unknown mixed","PHYLLANTHACEAE","Aporusa","unknown mixed",124,13.7,"CP"
"16D","AR","Shorea pauciflora","DIPTEROCARPACEAE","Shorea","pauciflora",802,57.5,"CP"
"16D","AR","Microcos crassifolia","MALVACEAE","Microcos","crassifolia",120,17,"CP"
"16D","AR","Lithocarpus unknown mixed","FAGACEAE","Lithocarpus","unknown mixed",394,23.8,"CP"
"16D","AR","Diospyros curranii","EBENACEAE","Diospyros","curranii",294,30.2,"CP"
"16D","AR","Macaranga pearsonii","EUPHORBIACEAE","Macaranga","pearsonii",261,23.3,"CP"
"16D","AR","Shorea leprosula","DIPTEROCARPACEAE","Shorea","leprosula",179,22.7,"CP"
"16D","AR","Nauclea sp1","RUBIACEAE","Nauclea","sp1",130,23.7,"CP"
"16D","AR","Macaranga pearsonii","EUPHORBIACEAE","Macaranga","pearsonii",372,37.2,"CP"
"16D","AR","Nauclea sp1","RUBIACEAE","Nauclea","sp1",179,19.7,"CP"
"16D","AR","Pleiocarpidia sandakanica","RUBIACEAE","Pleiocarpidia","sandakanica",180,15.3,"CP"
"16D","AR","Pleiocarpidia sandakanica","RUBIACEAE","Pleiocarpidia","sandakanica",172,19.4,"CP"
"16D","AR","Pleiocarpidia sandakanica","RUBIACEAE","Pleiocarpidia","sandakanica",106,13.5,"CP"
"16D","AR","Dryobalanops lanceolata","DIPTEROCARPACEAE","Dryobalanops","lanceolata",120,20.3,"CP"
"16D","AR","Macaranga hypoleuca","EUPHORBIACEAE","Macaranga","hypoleuca",288,36.1,"CP"
"16D","AR","Macaranga pearsonii","EUPHORBIACEAE","Macaranga","pearsonii",268,39.1,"CP"
"16D","AR","Shorea leprosula","DIPTEROCARPACEAE","Shorea","leprosula",153,17.7,"CP"
"16D","AR","Macaranga pearsonii","EUPHORBIACEAE","Macaranga","pearsonii",468,32,"CP"
"16D","AR","Macaranga pearsonii","EUPHORBIACEAE","Macaranga","pearsonii",556,40.7,"CP"
"16D","AR","Unknown unknown mixed","MELIACEAE","Unknown","unknown mixed",112,13.6,"CP"
"16D","AR","Aporusa illustris","PHYLLANTHACEAE","Aporusa","illustris",145,13.5,"CP"
"16D","AR","Shorea faguetiana","DIPTEROCARPACEAE","Shorea","faguetiana",268,28,"CP"
"16D","AR","Neolamarckia cadamba","RUBIACEAE","Neolamarckia","cadamba",327,39.1,"CP"
"16D","AR","Pentace adenophora","MALVACEAE","Pentace","adenophora",129,17.3,"CP"
"16D","AR","Shorea faguetiana","DIPTEROCARPACEAE","Shorea","faguetiana",357,38.2,"CP"
"16D","AR","Callicarpa pentandra","LAMIACEAE","Callicarpa","pentandra",105,11.3,"CP"
"16D","AR","Paranephelium xestophyllum","SAPINDACEAE","Paranephelium","xestophyllum",158,17.9,"CP"
"16D","AR","Dehaasia caesia","LAURACEAE","Dehaasia","caesia",284,20.9,"CP"
"16D","AR","Aporusa illustris","PHYLLANTHACEAE","Aporusa","illustris",144,17.4,"CP"
"16D","AR","Teijsmanniodendron pteropodum","LAMIACEAE","Teijsmanniodendron","pteropodum",173,11.6,"CP"
"16D","AR","Parashorea malaanonan","DIPTEROCARPACEAE","Parashorea","malaanonan",275,30,"CP"
"16D","AR","Mallotus species 1","EUPHORBIACEAE","Mallotus","species 1",158,17.3,"CP"
"16D","AR","Shorea seminis","DIPTEROCARPACEAE","Shorea","seminis",140,16.9,"CP"
"16D","AR","Pentace adenophora","MALVACEAE","Pentace","adenophora",150,11.7,"CP"
"16D","AR","Mallotus species 1","EUPHORBIACEAE","Mallotus","species 1",235,17,"CP"
"16D","AR","Parashorea malaanonan","DIPTEROCARPACEAE","Parashorea","malaanonan",298,30.9,"CP"
"16D","AR","Knema laurina","MYRISTICACEAE","Knema","laurina",240,19.7,"CP"
"16D","AR","Shorea pauciflora","DIPTEROCARPACEAE","Shorea","pauciflora",908,42.3,"CP"
"16D","AR","Neolamarckia cadamba","RUBIACEAE","Neolamarckia","cadamba",181,26.6,"CP"
"16D","AR","Nephelium ramboutan-ake","SAPINDACEAE","Nephelium","ramboutan-ake",194,30.6,"CP"
"16D","AR","Cleistanthus myrianthus","PHYLLANTHACEAE","Cleistanthus","myrianthus",225,24,"CP"
"16D","AR","Koilodepas longifolium","EUPHORBIACEAE","Koilodepas","longifolium",193,10,"CP"
"16D","AR","Parashorea malaanonan","DIPTEROCARPACEAE","Parashorea","malaanonan",176,20.3,"CP"
"16D","AR","Parashorea malaanonan","DIPTEROCARPACEAE","Parashorea","malaanonan",116,21.2,"CP"
"16D","AR","Shorea faguetiana","DIPTEROCARPACEAE","Shorea","faguetiana",250,24.9,"CP"
"16D","AR","Koilodepas longifolium","EUPHORBIACEAE","Koilodepas","longifolium",163,9.4,"CP"
"16D","AR","Neoscortechinia kingii","EUPHORBIACEAE","Neoscortechinia","kingii",263,19.8,"CP"
"16D","AR","Aporusa illustris","PHYLLANTHACEAE","Aporusa","illustris",189,18.1,"CP"
"16D","AR","Mallotus species 1","EUPHORBIACEAE","Mallotus","species 1",135,13.3,"CP"
"16D","AR","Callicarpa pentandra","LAMIACEAE","Callicarpa","pentandra",102,11.8,"CP"
"16D","AR","Shorea johorensis","DIPTEROCARPACEAE","Shorea","johorensis",475,36.7,"CP"
"16D","AR","Knema elmeri","MYRISTICACEAE","Knema","elmeri",150,16,"CP"
"16D","AR","Koilodepas longifolium","EUPHORBIACEAE","Koilodepas","longifolium",129,13,"CP"
"16D","AR","Neoscortechinia kingii","EUPHORBIACEAE","Neoscortechinia","kingii",398,27.4,"CP"
"16D","AR","Mallotus wrayi","EUPHORBIACEAE","Mallotus","wrayi",132,15,"CP"
"16D","AR","Aglaia silvestris","MELIACEAE","Aglaia","silvestris",158,18,"CP"
"16D","AR","Hydnocarpus borneensis","ACHARIACEAE","Hydnocarpus","borneensis",159,11.7,"CP"
"16D","AR","Canarium denticulatum","BURSERACEAE","Canarium","denticulatum",216,17.6,"CP"
"16D","AR","Macaranga pearsonii","EUPHORBIACEAE","Macaranga","pearsonii",225,27.8,"CP"
"16D","AR","Macaranga gigantea","EUPHORBIACEAE","Macaranga","gigantea",313,20.5,"CP"
"16D","AR","Shorea faguetiana","DIPTEROCARPACEAE","Shorea","faguetiana",185,18.8,"CP"
"16D","AR","Fagraea cuspidata","GENTIANACEAE","Fagraea","cuspidata",111,13.2,"CP"
"16D","AR","Macaranga pearsonii","EUPHORBIACEAE","Macaranga","pearsonii",241,38.4,"CP"
"16D","AR","Pentace adenophora","MALVACEAE","Pentace","adenophora",174,19.8,"CP"
"16D","AR","Ixora blumei","RUBIACEAE","Ixora","blumei",158,15,"CP"
"16D","AR","Shorea faguetiana","DIPTEROCARPACEAE","Shorea","faguetiana",106,18.4,"CP"
"16D","AR","Crudia tenuipes","FABACEAE","Crudia","tenuipes",120,16.7,"CP"
"17D","AR","Knema latericia","MYRISTICACEAE","Knema","latericia",166,17.1,"CP"
"17D","AR","Shorea macrophylla","DIPTEROCARPACEAE","Shorea","macrophylla",1376,80.7,"CP"
"17D","AR","Lithocarpus unknown mixed","FAGACEAE","Lithocarpus","unknown mixed",333,36.7,"CP"
"17D","AR","Lithocarpus unknown mixed","FAGACEAE","Lithocarpus","unknown mixed",159,24,"CP"
"17D","AR","Ziziphus angustifolius","RHAMNACEAE","Ziziphus","angustifolius",165,17.2,"CP"
"17D","AR","Aglaia unknown mixed","MELIACEAE","Aglaia","unknown mixed",125,11.7,"CP"
"17D","AR","Nephelium ramboutan-ake","SAPINDACEAE","Nephelium","ramboutan-ake",121,19.1,"CP"
"17D","AR","Neoscortechinia kingii","EUPHORBIACEAE","Neoscortechinia","kingii",171,27.1,"CP"
"17D","AR","Shorea parvifolia","DIPTEROCARPACEAE","Shorea","parvifolia",1081,90.5,"CP"
"17D","AR","Lithocarpus ewyckii","FAGACEAE","Lithocarpus","ewyckii",418,34.2,"CP"
"17D","AR","Dryobalanops lanceolata","DIPTEROCARPACEAE","Dryobalanops","lanceolata",173,26.9,"CP"
"17D","AR","Diospyros macrophylla","EBENACEAE","Diospyros","macrophylla",480,28.8,"CP"
"17D","AR","Koilodepas longifolium","EUPHORBIACEAE","Koilodepas","longifolium",126,10.6,"CP"
"17D","AR","Shorea beccariana","Dipterocarpaceae","Shorea","beccariana",301,24.4,"CP"
"17D","AR","Shorea macrophylla","DIPTEROCARPACEAE","Shorea","macrophylla",299,28.3,"CP"
"17D","AR","Mallotus species 1","EUPHORBIACEAE","Mallotus","species 1",236,20.3,"CP"
"17D","AR","Shorea beccariana","Dipterocarpaceae","Shorea","beccariana",122,17.8,"CP"
"17D","AR","Durio unknown mixed","MALVACEAE","Durio","unknown mixed",983,43.4,"CP"
"17D","AR","Dryobalanops lanceolata","DIPTEROCARPACEAE","Dryobalanops","lanceolata",107,20.2,"CP"
"17D","AR","Aglaia unknown mixed","MELIACEAE","Aglaia","unknown mixed",155,19.3,"CP"
"17D","AR","Parashorea tomentella","DIPTEROCARPACEAE","Parashorea","tomentella",361,38.3,"CP"
"17D","AR","Aglaia unknown mixed","MELIACEAE","Aglaia","unknown mixed",135,15.9,"CP"
"17D","AR","Drypetes longifolia","PUTRANJIVACEAE","Drypetes","longifolia",119,19.6,"CP"
"17D","AR","Shorea macrophylla","DIPTEROCARPACEAE","Shorea","macrophylla",189,21.4,"CP"
"17D","AR","Maasia sumatrana","ANNONACEAE","Maasia","sumatrana",130,20.7,"CP"
"17D","AR","Hopea nervosa","DIPTEROCARPACEAE","Hopea","nervosa",140,16.4,"CP"
"17D","AR","Shorea gibbosa","DIPTEROCARPACEAE","Shorea","gibbosa",168,25.2,"CP"
"17D","AR","Meiogyne virgata","ANNONACEAE","Meiogyne","virgata",145,17.5,"CP"
"17D","AR","Shorea macrophylla","DIPTEROCARPACEAE","Shorea","macrophylla",1169,55.2,"CP"
"17D","AR","Unknown unknown mixed","LIANA","Unknown","unknown mixed",126,55.2,"CP"
"17D","AR","Knema unknown mixed","MYRISTICACEAE","Knema","unknown mixed",220,18.9,"CP"
"17D","AR","Aglaia spectabilis","MELIACEAE","Aglaia","spectabilis",110,14.1,"CP"
"17D","AR","Vatica dulitensis","DIPTEROCARPACEAE","Vatica","dulitensis",315,35.7,"CP"
"17D","AR","Aporusa falcifera","PHYLLANTHACEAE","Aporusa","falcifera",142,19.5,"CP"
"17D","AR","Peltophorum racemosum","FABACEAE","Peltophorum","racemosum",556,57.2,"CP"
"17D","AR","Vatica dulitensis","DIPTEROCARPACEAE","Vatica","dulitensis",203,29.7,"CP"
"17D","AR","Dryobalanops lanceolata","DIPTEROCARPACEAE","Dryobalanops","lanceolata",532,42.6,"CP"
"17D","AR","Artocarpus unknown mixed","MORACEAE","Artocarpus","unknown mixed",698,37.5,"CP"
"17D","AR","Cryptocarya unknown mixed","LAURACEAE","Cryptocarya","unknown mixed",351,26.9,"CP"
"17D","AR","Pternandra coerulescens","MELASTOMATACEAE","Pternandra","coerulescens",118,10.9,"CP"
"17D","AR","Aporusa falcifera","PHYLLANTHACEAE","Aporusa","falcifera",106,15.1,"CP"
"17D","AR","Spathiostemon javensis","EUPHORBIACEAE","Spathiostemon","javensis",227,18.5,"CP"
"17D","AR","Magnolia candolii","MAGNOLIACEAE","Magnolia","candolii",118,17.6,"CP"
"17D","AR","Unknown unknown mixed","FABACEAE","Unknown","unknown mixed",168,23.1,"CP"
"17D","AR","Shorea gibbosa","DIPTEROCARPACEAE","Shorea","gibbosa",113,19.3,"CP"
"17D","AR","Mallotus korthalsii","EUPHORBIACEAE","Mallotus","korthalsii",125,20.2,"CP"
"17D","AR","Unknown unknown mixed","FABACEAE","Unknown","unknown mixed",387,35.5,"CP"
"17D","AR","Koilodepas longifolium","EUPHORBIACEAE","Koilodepas","longifolium",120,12.6,"CP"
"17D","AR","Hopea nervosa","DIPTEROCARPACEAE","Hopea","nervosa",429,38.1,"CP"
"17D","AR","Chisocheton pentandrus","MELIACEAE","Chisocheton","pentandrus",139,20.8,"CP"
"17D","AR","Shorea gibbosa","DIPTEROCARPACEAE","Shorea","gibbosa",150,29.5,"CP"
"17D","AR","Shorea gibbosa","DIPTEROCARPACEAE","Shorea","gibbosa",438,43.3,"CP"
"17D","AR","Shorea beccariana","Dipterocarpaceae","Shorea","beccariana",120,29.7,"CP"
"17D","AR","Shorea gibbosa","DIPTEROCARPACEAE","Shorea","gibbosa",253,17.5,"CP"
"17D","AR","Koompassia excelsa","FABACEAE","Koompassia","excelsa",1013,73.5,"CP"
"17D","AR","Mallotus korthalsii","EUPHORBIACEAE","Mallotus","korthalsii",124,19.5,"CP"
"17D","AR","Mallotus wrayi","EUPHORBIACEAE","Mallotus","wrayi",111,13.4,"CP"
"17D","AR","Shorea gibbosa","DIPTEROCARPACEAE","Shorea","gibbosa",405,44,"CP"
"17D","AR","Shorea gibbosa","DIPTEROCARPACEAE","Shorea","gibbosa",204,17.1,"CP"
"17D","AR","Dehaasia incrassata","LAURACEAE","Dehaasia","incrassata",383,20.6,"CP"
"17D","AR","Shorea gibbosa","DIPTEROCARPACEAE","Shorea","gibbosa",169,23.2,"CP"
"17D","AR","Shorea macrophylla","DIPTEROCARPACEAE","Shorea","macrophylla",285,29.9,"CP"
"17D","AR","Payena unknown mixed","SAPOTACEAE","Payena","unknown mixed",130,16.7,"CP"
"17D","AR","Lithocarpus unknown mixed","FAGACEAE","Lithocarpus","unknown mixed",120,12.8,"CP"
"17D","AR","Shorea beccariana","Dipterocarpaceae","Shorea","beccariana",712,53.7,"CP"
"17D","AR","Neoscortechinia kingii","EUPHORBIACEAE","Neoscortechinia","kingii",261,30.8,"CP"
"17D","AR","Alangium javanicum","ALANGIACEAE","Alangium","javanicum",253,30.6,"CP"
"17D","AR","Shorea gibbosa","DIPTEROCARPACEAE","Shorea","gibbosa",246,18.1,"CP"
"17D","AR","Neoscortechinia kingii","EUPHORBIACEAE","Neoscortechinia","kingii",139,12.5,"CP"
"17D","AR","Dehaasia incrassata","LAURACEAE","Dehaasia","incrassata",185,10.2,"CP"
"17D","AR","Dryobalanops lanceolata","DIPTEROCARPACEAE","Dryobalanops","lanceolata",885,64.7,"CP"
"17D","AR","Beilschmiedia tawaensis","LAURACEAE","Beilschmiedia","tawaensis",129,4.3,"CP"
"17D","AR","Shorea beccariana","Dipterocarpaceae","Shorea","beccariana",291,34,"CP"
"17D","AR","Shorea unknown mixed","DIPTEROCARPACEAE","Shorea","unknown mixed",159,22.7,"CP"
"17D","AR","Shorea macrophylla","DIPTEROCARPACEAE","Shorea","macrophylla",402,33.4,"CP"
"17D","AR","Mallotus korthalsii","EUPHORBIACEAE","Mallotus","korthalsii",166,14.7,"CP"
"17D","AR","Payena unknown mixed","SAPOTACEAE","Payena","unknown mixed",232,31.7,"CP"
"17D","AR","Unknown unknown mixed","ANNONACEAE","Unknown","unknown mixed",243,38.9,"CP"
"17D","AR","Syzygium unknown mixed","MYRTACEAE","Syzygium","unknown mixed",193,15.8,"CP"
"17D","AR","Madhuca korthalsii","SAPOTACEAE","Madhuca","korthalsii",125,134,"CP"
"17D","AR","Hubera rumphii","ANNONACEAE","Hubera","rumphii",167,24,"CP"
"17D","AR","Calophyllum blancoi","CALOPHYLLACEAE","Calophyllum","blancoi",293,29.9,"CP"
"17D","AR","Ziziphus angustifolius","RHAMNACEAE","Ziziphus","angustifolius",182,22.6,"CP"
"17D","AR","Aporusa illustris","PHYLLANTHACEAE","Aporusa","illustris",115,13,"CP"
"17D","AR","Shorea pauciflora","DIPTEROCARPACEAE","Shorea","pauciflora",310,32.5,"CP"
"17D","AR","Shorea macrophylla","DIPTEROCARPACEAE","Shorea","macrophylla",811,58,"CP"
"17D","AR","Mallotus korthalsii","EUPHORBIACEAE","Mallotus","korthalsii",125,18.9,"CP"
"17D","AR","Beilschmiedia micrantha","LAURACEAE","Beilschmiedia","micrantha",102,16.6,"CP"
"17D","AR","Mallotus korthalsii","EUPHORBIACEAE","Mallotus","korthalsii",117,15.1,"CP"
"17D","AR","Shorea macrophylla","DIPTEROCARPACEAE","Shorea","macrophylla",382,25.7,"CP"
"17D","AR","Palaquium beccarianum","SAPOTACEAE","Palaquium","beccarianum",162,10.7,"CP"
"17D","AR","Cleistanthus hirsutulus","PHYLLANTHACEAE","Cleistanthus","hirsutulus",151,9.7,"CP"
"17D","AR","Shorea macrophylla","DIPTEROCARPACEAE","Shorea","macrophylla",514,27.8,"CP"
"17D","AR","Shorea beccariana","Dipterocarpaceae","Shorea","beccariana",417,31.5,"CP"
"17D","AR","Unknown unknown mixed","MELIACEAE","Unknown","unknown mixed",131,18.5,"CP"
"17D","AR","Macaranga hypoleuca","EUPHORBIACEAE","Macaranga","hypoleuca",319,24.3,"CP"
"17D","AR","Monoon grandiflorum","ANNONACEAE","Monoon","grandiflorum",130,12.4,"CP"
"17D","AR","Macaranga hypoleuca","EUPHORBIACEAE","Macaranga","hypoleuca",253,18.5,"CP"
"17D","AR","Shorea macrophylla","DIPTEROCARPACEAE","Shorea","macrophylla",231,25.1,"CP"
"17D","AR","Aglaia unknown mixed","MELIACEAE","Aglaia","unknown mixed",182,13.3,"CP"
"17D","AR","Lithocarpus unknown mixed","FAGACEAE","Lithocarpus","unknown mixed",114,20.4,"CP"
"17D","AR","Canarium odontophyllum","BURSERACEAE","Canarium","odontophyllum",142,16.4,"CP"
"17D","AR","Pterospermum javanicum","MALVACEAE","Pterospermum","javanicum",202,21.5,"CP"
"17D","AR","Shorea macrophylla","DIPTEROCARPACEAE","Shorea","macrophylla",271,25.4,"CP"
"17D","AR","Shorea macrophylla","DIPTEROCARPACEAE","Shorea","macrophylla",804,57.6,"CP"
"17D","AR","Dipterocarpus unknown mixed","DIPTEROCARPACEAE","Dipterocarpus","unknown mixed",151,16.9,"CP"
"17D","AR","Ficus unknown mixed","MORACEAE","Ficus","unknown mixed",158,17.6,"CP"
"17D","AR","Parashorea tomentella","DIPTEROCARPACEAE","Parashorea","tomentella",188,27.4,"CP"
"17D","AR","Shorea beccariana","Dipterocarpaceae","Shorea","beccariana",128,15,"CP"
"17D","AR","Dipterocarpus unknown mixed","DIPTEROCARPACEAE","Dipterocarpus","unknown mixed",221,24.3,"CP"
"17D","AR","Neoscortechinia kingii","EUPHORBIACEAE","Neoscortechinia","kingii",140,15.9,"CP"
"17D","AR","Diospyros macrophylla","EBENACEAE","Diospyros","macrophylla",567,25.1,"CP"
"17D","AR","Hydnocarpus borneensis","ACHARIACEAE","Hydnocarpus","borneensis",140,14.8,"CP"
"17D","AR","Lithocarpus unknown mixed","FAGACEAE","Lithocarpus","unknown mixed",185,15.7,"CP"
"17D","AR","Aglaia unknown mixed","MELIACEAE","Aglaia","unknown mixed",138,21.5,"CP"
"17D","AR","Hopea unknown mixed","DIPTEROCARPACEAE","Hopea","unknown mixed",127,19,"CP"
"17D","AR","Parinari excelsa","CHRYSOBALANACEAE","Parinari","excelsa",319,17.4,"CP"
"17D","AR","Parinari excelsa","CHRYSOBALANACEAE","Parinari","excelsa",118,13.8,"CP"
"17D","AR","Shorea gibbosa","DIPTEROCARPACEAE","Shorea","gibbosa",429,35.1,"CP"
"17D","AR","Dipterocarpus unknown mixed","DIPTEROCARPACEAE","Dipterocarpus","unknown mixed",220,22.3,"CP"
"17D","AR","Shorea gibbosa","DIPTEROCARPACEAE","Shorea","gibbosa",227,24.2,"CP"
"17D","AR","Neoscortechinia kingii","EUPHORBIACEAE","Neoscortechinia","kingii",115,17.8,"CP"
"17D","AR","Mallotus wrayi","EUPHORBIACEAE","Mallotus","wrayi",115,13.5,"CP"
"17D","AR","Cleistanthus hirsutulus","PHYLLANTHACEAE","Cleistanthus","hirsutulus",109,6.2,"CP"
"17D","AR","Palaquium beccarianum","SAPOTACEAE","Palaquium","beccarianum",109,15.9,"CP"
"18D","AR","Shorea fallax","DIPTEROCARPACEAE","Shorea","fallax",133,17.8,"CP"
"18D","AR","Castanopsis hypophoenicea","FAGACEAE","Castanopsis","hypophoenicea",265,23.4,"CP"
"18D","AR","Shorea fallax","DIPTEROCARPACEAE","Shorea","fallax",116,16,"CP"
"18D","AR","Cleistanthus unknown mixed","PHYLLANTHACEAE","Cleistanthus","unknown mixed",369,37.1,"CP"
"18D","AR","Madhuca korthalsii","SAPOTACEAE","Madhuca","korthalsii",158,14.3,"CP"
"18D","AR","Mallotus stipularis","EUPHORBIACEAE","Mallotus","stipularis",220,21.2,"CP"
"18D","AR","Cleistanthus unknown mixed","PHYLLANTHACEAE","Cleistanthus","unknown mixed",110,9.8,"CP"
"18D","AR","Dryobalanops lanceolata","DIPTEROCARPACEAE","Dryobalanops","lanceolata",369,35.7,"CP"
"18D","AR","Mallotus wrayi","EUPHORBIACEAE","Mallotus","wrayi",122,13.4,"CP"
"18D","AR","Shorea fallax","DIPTEROCARPACEAE","Shorea","fallax",504,27.6,"CP"
"18D","AR","Unknown unknown mixed","LAURACEAE","Unknown","unknown mixed",283,26.5,"CP"
"18D","AR","Litsea accedens","LAURACEAE","Litsea","accedens",359,16.7,"CP"
"18D","AR","Litsea accedens","LAURACEAE","Litsea","accedens",139,20.8,"CP"
"18D","AR","Reinwardtiodendron humile","MELIACEAE","Reinwardtiodendron","humile",104,16.6,"CP"
"18D","AR","Knema elmeri","MYRISTICACEAE","Knema","elmeri",133,18.4,"CP"
"18D","AR","Koilodepas longifolium","EUPHORBIACEAE","Koilodepas","longifolium",165,14.3,"CP"
"18D","AR","Madhuca korthalsii","SAPOTACEAE","Madhuca","korthalsii",178,21,"CP"
"18D","AR","Unknown unknown mixed","RUBIACEAE","Unknown","unknown mixed",341,35.2,"CP"
"18D","AR","Unknown unknown mixed","LAURACEAE","Unknown","unknown mixed",110,15,"CP"
"18D","AR","Aglaia unknown mixed","MELIACEAE","Aglaia","unknown mixed",365,37.6,"CP"
"18D","AR","Shorea fallax","DIPTEROCARPACEAE","Shorea","fallax",341,32.1,"CP"
"18D","AR","Koilodepas longifolium","EUPHORBIACEAE","Koilodepas","longifolium",100,13.4,"CP"
"18D","AR","Blumeodendron tokbrai","EUPHORBIACEAE","Blumeodendron","tokbrai",125,17.3,"CP"
"18D","AR","Shorea macrophylla","DIPTEROCARPACEAE","Shorea","macrophylla",158,14.1,"CP"
"18D","AR","Mallotus stipularis","EUPHORBIACEAE","Mallotus","stipularis",197,25.5,"CP"
"18D","AR","Shorea macrophylla","DIPTEROCARPACEAE","Shorea","macrophylla",120,13.7,"CP"
"18D","AR","Shorea parvifolia","DIPTEROCARPACEAE","Shorea","parvifolia",175,20.9,"CP"
"18D","AR","Shorea parvifolia","DIPTEROCARPACEAE","Shorea","parvifolia",110,13.7,"CP"
"18D","AR","Litsea caulocarpa","LAURACEAE","Litsea","caulocarpa",108,12.8,"CP"
"18D","AR","Shorea parvifolia","DIPTEROCARPACEAE","Shorea","parvifolia",140,17.2,"CP"
"18D","AR","Shorea macrophylla","DIPTEROCARPACEAE","Shorea","macrophylla",103,15.9,"CP"
"18D","AR","Dimocarpus longan","SAPINDACEAE","Dimocarpus","longan",122,14.9,"CP"
"18D","AR","Barringtonia lanceolata","BARRINGTONIACEAE","Barringtonia","lanceolata",229,19.6,"CP"
"18D","AR","Shorea macrophylla","DIPTEROCARPACEAE","Shorea","macrophylla",1780,51.5,"CP"
"18D","AR","Shorea macrophylla","DIPTEROCARPACEAE","Shorea","macrophylla",1095,42,"CP"
"18D","AR","Ochanostachys amentacea","OLACACEAE","Ochanostachys","amentacea",263,33.9,"CP"
"18D","AR","Unknown unknown mixed","LAURACEAE","Unknown","unknown mixed",362,33.9,"CP"
"18D","AR","Canarium odontophyllum","BURSERACEAE","Canarium","odontophyllum",146,18.7,"CP"
"18D","AR","Neoscortechinia kingii","EUPHORBIACEAE","Neoscortechinia","kingii",125,19.8,"CP"
"18D","AR","Dryobalanops lanceolata","DIPTEROCARPACEAE","Dryobalanops","lanceolata",333,39.4,"CP"
"18D","AR","Hydnocarpus borneensis","ACHARIACEAE","Hydnocarpus","borneensis",112,19.7,"CP"
"18D","AR","Meiogyne virgata","ANNONACEAE","Meiogyne","virgata",153,16.4,"CP"
"18D","AR","Monoon grandiflorum","ANNONACEAE","Monoon","grandiflorum",201,22,"CP"
"18D","AR","Unknown unknown mixed","LAURACEAE","Unknown","unknown mixed",130,14.4,"CP"
"18D","AR","Palaquium maingayi","SAPOTACEAE","Palaquium","maingayi",103,15.3,"CP"
"18D","AR","Dysoxylum cyrtobotryum","MELIACEAE","Dysoxylum","cyrtobotryum",120,17.1,"CP"
"18D","AR","Koilodepas longifolium","EUPHORBIACEAE","Koilodepas","longifolium",113,16.7,"CP"
"18D","AR","Hopea nervosa","DIPTEROCARPACEAE","Hopea","nervosa",137,11.6,"CP"
"18D","AR","Scorodocarpus borneensis","OLACACEAE","Scorodocarpus","borneensis",407,30.2,"CP"
"18D","AR","Dryobalanops lanceolata","DIPTEROCARPACEAE","Dryobalanops","lanceolata",129,14.8,"CP"
"18D","AR","Hopea nervosa","DIPTEROCARPACEAE","Hopea","nervosa",150,20.4,"CP"
"18D","AR","Shorea macrophylla","DIPTEROCARPACEAE","Shorea","macrophylla",412,32.2,"CP"
"18D","AR","Hubera rumphii","ANNONACEAE","Hubera","rumphii",238,20.4,"CP"
"18D","AR","Macaranga pearsonii","EUPHORBIACEAE","Macaranga","pearsonii",616,34.4,"CP"
"18D","AR","Mallotus wrayi","EUPHORBIACEAE","Mallotus","wrayi",115,13.4,"CP"
"18D","AR","Shorea fallax","DIPTEROCARPACEAE","Shorea","fallax",370,31.4,"CP"
"18D","AR","Parashorea malaanonan","DIPTEROCARPACEAE","Parashorea","malaanonan",135,18.4,"CP"
"18D","AR","Xanthophyllum unknown mixed","POLYGALACEAE","Xanthophyllum","unknown mixed",137,16.3,"CP"
"18D","AR","Baccaurea unknown mixed","PHYLLANTHACEAE","Baccaurea","unknown mixed",118,12.3,"CP"
"18D","AR","Hopea nervosa","DIPTEROCARPACEAE","Hopea","nervosa",105,15.7,"CP"
"18D","AR","Lithocarpus nieuwenhuisii","FAGACEAE","Lithocarpus","nieuwenhuisii",189,15.7,"CP"
"18D","AR","Scorodocarpus borneensis","OLACACEAE","Scorodocarpus","borneensis",472,27.7,"CP"
"18D","AR","Vatica sarawakensis","DIPTEROCARPACEAE","Vatica","sarawakensis",265,25.8,"CP"
"18D","AR","Lithocarpus gracilis","FAGACEAE","Lithocarpus","gracilis",130,13.7,"CP"
"18D","AR","Mallotus wrayi","EUPHORBIACEAE","Mallotus","wrayi",129,13.9,"CP"
"18D","AR","Hopea nervosa","DIPTEROCARPACEAE","Hopea","nervosa",155,19.2,"CP"
"18D","AR","Koilodepas longifolium","EUPHORBIACEAE","Koilodepas","longifolium",127,7,"CP"
"18D","AR","Mangifera foetida","ANACARDIACEAE","Mangifera","foetida",117,13.6,"CP"
"18D","AR","Prunus unknown mixed","ROSACEAE","Prunus","unknown mixed",250,31.8,"CP"
"18D","AR","Shorea fallax","DIPTEROCARPACEAE","Shorea","fallax",843,40.6,"CP"
"18D","AR","Maasia sumatrana","ANNONACEAE","Maasia","sumatrana",197,19.8,"CP"
"18D","AR","Ochanostachys amentacea","OLACACEAE","Ochanostachys","amentacea",538,15.4,"CP"
"18D","AR","Koilodepas longifolium","EUPHORBIACEAE","Koilodepas","longifolium",126,7,"CP"
"18D","AR","Neesia unknown mixed","MALVACEAE","Neesia","unknown mixed",107,10.5,"CP"
"18D","AR","Shorea macrophylla","DIPTEROCARPACEAE","Shorea","macrophylla",279,25.2,"CP"
"18D","AR","Palaquium maingayi","SAPOTACEAE","Palaquium","maingayi",157,16.5,"CP"
"18D","AR","Unknown unknown mixed","ANNONACEAE","Unknown","unknown mixed",149,14.2,"CP"
"18D","AR","Ochanostachys amentacea","OLACACEAE","Ochanostachys","amentacea",365,18,"CP"
"18D","AR","Glycosmis macrantha","RUTACEAE","Glycosmis","macrantha",130,14.8,"CP"
"18D","AR","Pometia pinnata","SAPINDACEAE","Pometia","pinnata",224,17,"CP"
"18D","AR","Aglaia argentea","MELIACEAE","Aglaia","argentea",228,20.9,"CP"
"18D","AR","Mallotus wrayi","EUPHORBIACEAE","Mallotus","wrayi",111,10.1,"CP"
"18D","AR","Helicia excelsa","PROTEACEAE","Helicia","excelsa",109,11.7,"CP"
"18D","AR","Syzygium unknown mixed","MYRTACEAE","Syzygium","unknown mixed",126,20.7,"CP"
"18D","AR","Shorea macrophylla","DIPTEROCARPACEAE","Shorea","macrophylla",1520,63.9,"CP"
"18D","AR","Diospyros macrophylla","EBENACEAE","Diospyros","macrophylla",445,34.4,"CP"
"18D","AR","Baccaurea tetrandra","PHYLLANTHACEAE","Baccaurea","tetrandra",110,8.1,"CP"
"18D","AR","Shorea johorensis","DIPTEROCARPACEAE","Shorea","johorensis",948,66.8,"CP"
"18D","AR","Baccaurea tetrandra","PHYLLANTHACEAE","Baccaurea","tetrandra",103,13.1,"CP"
"18D","AR","Unknown unknown mixed","LAURACEAE","Unknown","unknown mixed",260,27.9,"CP"
"18D","AR","Diospyros macrophylla","EBENACEAE","Diospyros","macrophylla",151,24.4,"CP"
"18D","AR","Garcinia forbesii","CLUSIACEAE","Garcinia","forbesii",126,13.5,"CP"
"18D","AR","Barringtonia macrostachya","BARRINGTONIACEAE","Barringtonia","macrostachya",188,20.1,"CP"
"18D","AR","Ochanostachys amentacea","OLACACEAE","Ochanostachys","amentacea",348,30.6,"CP"
"18D","AR","Syzygium unknown mixed","MYRTACEAE","Syzygium","unknown mixed",142,14.8,"CP"
"18D","AR","Shorea macrophylla","DIPTEROCARPACEAE","Shorea","macrophylla",457,33.8,"CP"
"18D","AR","Syzygium unknown mixed","MYRTACEAE","Syzygium","unknown mixed",123,21.7,"CP"
"18D","AR","Macaranga hypoleuca","EUPHORBIACEAE","Macaranga","hypoleuca",244,32.9,"CP"
"18D","AR","Shorea macrophylla","DIPTEROCARPACEAE","Shorea","macrophylla",135,18.3,"CP"
"18D","AR","Maasia sumatrana","ANNONACEAE","Maasia","sumatrana",131,14.3,"CP"
"18D","AR","Lithocarpus unknown mixed","FAGACEAE","Lithocarpus","unknown mixed",202,29.2,"CP"
"18D","AR","Beilschmiedia tawaensis","LAURACEAE","Beilschmiedia","tawaensis",139,17.6,"CP"
"18D","AR","Shorea macrophylla","DIPTEROCARPACEAE","Shorea","macrophylla",232,30.2,"CP"
"18D","AR","Shorea faguetiana","DIPTEROCARPACEAE","Shorea","faguetiana",123,14.9,"CP"
"18D","AR","Ochanostachys amentacea","OLACACEAE","Ochanostachys","amentacea",160,19,"CP"
"18D","AR","Mallotus stipularis","EUPHORBIACEAE","Mallotus","stipularis",147,19.7,"CP"
"18D","AR","Cratoxylum unknown mixed","HYPERICACEAE","Cratoxylum","unknown mixed",205,20.4,"CP"
"18D","AR","Shorea macrophylla","DIPTEROCARPACEAE","Shorea","macrophylla",237,28.3,"CP"
"18D","AR","Shorea macrophylla","DIPTEROCARPACEAE","Shorea","macrophylla",272,32.9,"CP"
"18D","AR","Nephelium ramboutan-ake","SAPINDACEAE","Nephelium","ramboutan-ake",240,26.4,"CP"
"18D","AR","Shorea macrophylla","DIPTEROCARPACEAE","Shorea","macrophylla",208,30.1,"CP"
"18D","AR","Shorea macrophylla","DIPTEROCARPACEAE","Shorea","macrophylla",251,29,"CP"
"18D","AR","Shorea macrophylla","DIPTEROCARPACEAE","Shorea","macrophylla",122,13.7,"CP"
"18D","AR","Shorea macrophylla","DIPTEROCARPACEAE","Shorea","macrophylla",116,16.7,"CP"
"18D","AR","Shorea macrophylla","DIPTEROCARPACEAE","Shorea","macrophylla",134,17.1,"CP"
"18D","AR","Calophyllum blancoi","CALOPHYLLACEAE","Calophyllum","blancoi",140,18.6,"CP"
"18D","AR","Elaeocarpus stipularis","ELAEOCARPACEAE","Elaeocarpus","stipularis",254,14,"CP"
"18D","AR","Chisocheton sarawakensis","MELIACEAE","Chisocheton","sarawakensis",225,26.8,"CP"
"18D","AR","Chisocheton sarawakensis","MELIACEAE","Chisocheton","sarawakensis",119,17,"CP"
"19D","AR","Hopea nervosa","DIPTEROCARPACEAE","Hopea","nervosa",192,25.6,"CP"
"19D","AR","Baccaurea tetrandra","PHYLLANTHACEAE","Baccaurea","tetrandra",172,16.6,"CP"
"19D","AR","Mallotus wrayi","EUPHORBIACEAE","Mallotus","wrayi",115,14.6,"CP"
"19D","AR","Mallotus stipularis","EUPHORBIACEAE","Mallotus","stipularis",113,15.7,"CP"
"19D","AR","Aglaia unknown mixed","MELIACEAE","Aglaia","unknown mixed",137,18.3,"CP"
"19D","AR","Shorea johorensis","DIPTEROCARPACEAE","Shorea","johorensis",288,33.7,"CP"
"19D","AR","Lithocarpus unknown mixed","FAGACEAE","Lithocarpus","unknown mixed",175,17.6,"CP"
"19D","AR","Shorea fallax","DIPTEROCARPACEAE","Shorea","fallax",530,40.5,"CP"
"19D","AR","Aporusa elmeri","PHYLLANTHACEAE","Aporusa","elmeri",203,17.7,"CP"
"19D","AR","Shorea fallax","DIPTEROCARPACEAE","Shorea","fallax",497,34.6,"CP"
"19D","AR","Shorea fallax","DIPTEROCARPACEAE","Shorea","fallax",119,17.4,"CP"
"19D","AR","Canarium denticulatum","BURSERACEAE","Canarium","denticulatum",345,26.1,"CP"
"19D","AR","Mallotus wrayi","EUPHORBIACEAE","Mallotus","wrayi",109,9.7,"CP"
"19D","AR","Shorea fallax","DIPTEROCARPACEAE","Shorea","fallax",273,32.3,"CP"
"19D","AR","Shorea macrophylla","DIPTEROCARPACEAE","Shorea","macrophylla",775,23.5,"CP"
"19D","AR","Parashorea tomentella","Dipterocarpaceae","Parashorea","tomentella",335,42.8,"CP"
"19D","AR","Shorea fallax","DIPTEROCARPACEAE","Shorea","fallax",195,26.6,"CP"
"19D","AR","Shorea fallax","DIPTEROCARPACEAE","Shorea","fallax",218,25.6,"CP"
"19D","AR","Mallotus wrayi","EUPHORBIACEAE","Mallotus","wrayi",112,10.5,"CP"
"19D","AR","Aglaia unknown mixed","MELIACEAE","Aglaia","unknown mixed",245,25.7,"CP"
"19D","AR","Rothmannia pseudoternisfolia","RUBIACEAE","Rothmannia","pseudoternisfolia",126,17.1,"CP"
"19D","AR","Magnolia gigantifolia","MAGNOLIACEAE","Magnolia","gigantifolia",134,12,"CP"
"19D","AR","Xanthophyllum affine","POLYGALACEAE","Xanthophyllum","affine",252,18.7,"CP"
"19D","AR","Ardisia  colorata","PRIMULACEAE","Ardisia ","colorata",123,11.6,"CP"
"19D","AR","Syzygium unknown mixed","MYRTACEAE","Syzygium","unknown mixed",148,15.6,"CP"
"19D","AR","Mallotus wrayi","EUPHORBIACEAE","Mallotus","wrayi",157,14.4,"CP"
"19D","AR","Neoscortechinia kingii","EUPHORBIACEAE","Neoscortechinia","kingii",108,11.5,"CP"
"19D","AR","Litsea unknown mixed","LAURACEAE","Litsea","unknown mixed",123,13.8,"CP"
"19D","AR","Vatica dulitensis","DIPTEROCARPACEAE","Vatica","dulitensis",147,16.1,"CP"
"19D","AR","Unknown unknown mixed","FABACEAE","Unknown","unknown mixed",215,19.3,"CP"
"19D","AR","Parashorea tomentella","DIPTEROCARPACEAE","Parashorea","tomentella",207,24.3,"CP"
"19D","AR","Diospyros pilosanthera","EBENACEAE","Diospyros","pilosanthera",228,31.6,"CP"
"19D","AR","Aglaia tomentosa","MELIACEAE","Aglaia","tomentosa",153,17.2,"CP"
"19D","AR","Aglaia tomentosa","MELIACEAE","Aglaia","tomentosa",194,19.1,"CP"
"19D","AR","Dehaasia caesia","LAURACEAE","Dehaasia","caesia",135,12.4,"CP"
"19D","AR","Dryobalanops lanceolata","DIPTEROCARPACEAE","Dryobalanops","lanceolata",111,21.7,"CP"
"19D","AR","Diospyros unknown mixed","EBENACEAE","Diospyros","unknown mixed",499,33.7,"CP"
"19D","AR","Syzygium unknown mixed","MYRTACEAE","Syzygium","unknown mixed",206,24.1,"CP"
"19D","AR","Dryobalanops lanceolata","DIPTEROCARPACEAE","Dryobalanops","lanceolata",475,42.4,"CP"
"19D","AR","Madhuca kingiana","SAPOTACEAE","Madhuca","kingiana",113,13.5,"CP"
"19D","AR","Mallotus stipularis","EUPHORBIACEAE","Mallotus","stipularis",135,13,"CP"
"19D","AR","Knema unknown mixed","MYRISTICACEAE","Knema","unknown mixed",163,20.2,"CP"
"19D","AR","Mallotus stipularis","EUPHORBIACEAE","Mallotus","stipularis",180,17.2,"CP"
"19D","AR","Shorea parvifolia","DIPTEROCARPACEAE","Shorea","parvifolia",255,28.1,"CP"
"19D","AR","Shorea macrophylla","DIPTEROCARPACEAE","Shorea","macrophylla",388,26.9,"CP"
"19D","AR","Diospyros macrophylla","EBENACEAE","Diospyros","macrophylla",157,18.7,"CP"
"19D","AR","Shorea macrophylla","DIPTEROCARPACEAE","Shorea","macrophylla",937,60.8,"CP"
"19D","AR","Litsea caulocarpa","LAURACEAE","Litsea","caulocarpa",130,12,"CP"
"19D","AR","Mallotus korthalsii","EUPHORBIACEAE","Mallotus","korthalsii",104,8.4,"CP"
"19D","AR","Syzygium unknown mixed","MYRTACEAE","Syzygium","unknown mixed",208,20.9,"CP"
"19D","AR","Mallotus wrayi","EUPHORBIACEAE","Mallotus","wrayi",119,11.4,"CP"
"19D","AR","Mallotus wrayi","EUPHORBIACEAE","Mallotus","wrayi",120,17.3,"CP"
"19D","AR","Aglaia unknown mixed","MELIACEAE","Aglaia","unknown mixed",500,36.1,"CP"
"19D","AR","Mallotus korthalsii","EUPHORBIACEAE","Mallotus","korthalsii",190,15,"CP"
"19D","AR","Dipterocarpus caudiferus","DIPTEROCARPACEAE","Dipterocarpus","caudiferus",717,54.3,"CP"
"19D","AR","Magnolia gigantifolia","MAGNOLIACEAE","Magnolia","gigantifolia",153,10.9,"CP"
"19D","AR","Syzygium unknown mixed","MYRTACEAE","Syzygium","unknown mixed",169,16.9,"CP"
"19D","AR","Macaranga hypoleuca","EUPHORBIACEAE","Macaranga","hypoleuca",260,21.8,"CP"
"19D","AR","Litsea unknown mixed","LAURACEAE","Litsea","unknown mixed",184,15.8,"CP"
"19D","AR","Shorea gibbosa","DIPTEROCARPACEAE","Shorea","gibbosa",142,17.9,"CP"
"19D","AR","Macaranga pearsonii","EUPHORBIACEAE","Macaranga","pearsonii",405,36.9,"CP"
"19D","AR","Barringtonia macrostachya","BARRINGTONIACEAE","Barringtonia","macrostachya",156,8.4,"CP"
"19D","AR","Mallotus wrayi","EUPHORBIACEAE","Mallotus","wrayi",107,8.5,"CP"
"19D","AR","Shorea gibbosa","DIPTEROCARPACEAE","Shorea","gibbosa",326,27.3,"CP"
"19D","AR","Lithocarpus gracilis","FAGACEAE","Lithocarpus","gracilis",301,28.9,"CP"
"19D","AR","Shorea macrophylla","DIPTEROCARPACEAE","Shorea","macrophylla",128,16.8,"CP"
"19D","AR","Aglaia unknown mixed","MELIACEAE","Aglaia","unknown mixed",228,23.5,"CP"
"19D","AR","Shorea gibbosa","DIPTEROCARPACEAE","Shorea","gibbosa",191,21.7,"CP"
"19D","AR","Chionanthus pluriflorus","OLEACEAE","Chionanthus","pluriflorus",148,13.8,"CP"
"19D","AR","Shorea fallax","DIPTEROCARPACEAE","Shorea","fallax",131,15.2,"CP"
"19D","AR","Dysoxylum cyrtobotryum","MELIACEAE","Dysoxylum","cyrtobotryum",105,20.1,"CP"
"19D","AR","Shorea parvifolia","DIPTEROCARPACEAE","Shorea","parvifolia",363,34.6,"CP"
"19D","AR","Canarium odontophyllum","BURSERACEAE","Canarium","odontophyllum",264,25.9,"CP"
"19D","AR","Shorea macrophylla","DIPTEROCARPACEAE","Shorea","macrophylla",1370,57.2,"CP"
"19D","AR","Magnolia candolii","MAGNOLIACEAE","Magnolia","candolii",119,12.5,"CP"
"19D","AR","Syzygium unknown mixed","MYRTACEAE","Syzygium","unknown mixed",180,12,"CP"
"19D","AR","Parashorea malaanonan","DIPTEROCARPACEAE","Parashorea","malaanonan",223,28.2,"CP"
"19D","AR","Shorea gibbosa","DIPTEROCARPACEAE","Shorea","gibbosa",168,18.6,"CP"
"19D","AR","Shorea macrophylla","DIPTEROCARPACEAE","Shorea","macrophylla",184,23.2,"CP"
"19D","AR","Litsea angulata","LAURACEAE","Litsea","angulata",143,17.3,"CP"
"19D","AR","Hopea nervosa","DIPTEROCARPACEAE","Hopea","nervosa",520,43.6,"CP"
"19D","AR","Shorea gibbosa","DIPTEROCARPACEAE","Shorea","gibbosa",182,19.8,"CP"
"19D","AR","Aglaia unknown mixed","MELIACEAE","Aglaia","unknown mixed",340,22,"CP"
"19D","AR","Syzygium unknown mixed","MYRTACEAE","Syzygium","unknown mixed",119,17.1,"CP"
"19D","AR","Shorea gibbosa","DIPTEROCARPACEAE","Shorea","gibbosa",153,19,"CP"
"19D","AR","Dehaasia unknown mixed","LAURACEAE","Dehaasia","unknown mixed",156,14.2,"CP"
"19D","AR","Shorea macrophylla","DIPTEROCARPACEAE","Shorea","macrophylla",155,18.3,"CP"
"19D","AR","Dipterocarpus caudiferus","DIPTEROCARPACEAE","Dipterocarpus","caudiferus",153,16.8,"CP"
"19D","AR","Baccaurea tetrandra","PHYLLANTHACEAE","Baccaurea","tetrandra",123,9.2,"CP"
"19D","AR","Dipterocarpus caudiferus","DIPTEROCARPACEAE","Dipterocarpus","caudiferus",172,22.3,"CP"
"19D","AR","Hydnocarpus borneensis","ACHARIACEAE","Hydnocarpus","borneensis",126,17.7,"CP"
"19D","AR","Knema laurina","MYRISTICACEAE","Knema","laurina",145,16.8,"CP"
"19D","AR","Macaranga gigantea","EUPHORBIACEAE","Macaranga","gigantea",453,29.7,"CP"
"19D","AR","Shorea fallax","DIPTEROCARPACEAE","Shorea","fallax",163,18.8,"CP"
"19D","AR","Mallotus wrayi","EUPHORBIACEAE","Mallotus","wrayi",116,13.1,"CP"
"19D","AR","Pentace adenophora","MALVACEAE","Pentace","adenophora",208,15,"CP"
"19D","AR","Dipterocarpus unknown mixed","DIPTEROCARPACEAE","Dipterocarpus","unknown mixed",118,13.2,"CP"
"19D","AR","Shorea macrophylla","DIPTEROCARPACEAE","Shorea","macrophylla",386,31.7,"CP"
"19D","AR","Dryobalanops lanceolata","DIPTEROCARPACEAE","Dryobalanops","lanceolata",121,15.3,"CP"
"19D","AR","Aglaia unknown mixed","MELIACEAE","Aglaia","unknown mixed",365,29.2,"CP"
"19D","AR","Shorea fallax","DIPTEROCARPACEAE","Shorea","fallax",259,20.9,"CP"
"19D","AR","Canarium denticulatum","BURSERACEAE","Canarium","denticulatum",226,13.6,"CP"
"19D","AR","Shorea fallax","DIPTEROCARPACEAE","Shorea","fallax",368,28.4,"CP"
"19D","AR","Spathiostemon javensis","EUPHORBIACEAE","Spathiostemon","javensis",188,15.8,"CP"
"19D","AR","Litsea unknown mixed","LAURACEAE","Litsea","unknown mixed",184,16.7,"CP"
"19D","AR","Mallotus wrayi","EUPHORBIACEAE","Mallotus","wrayi",146,16.6,"CP"
"19D","AR","Syzygium unknown mixed","MYRTACEAE","Syzygium","unknown mixed",135,11,"CP"
"20D","AR","Shorea mecistopteryx","DIPTEROCARPACEAE","Shorea","mecistopteryx",751,36.8,"CP"
"20D","AR","Lansium domesticum","MELIACEAE","Lansium","domesticum",173,19,"CP"
"20D","AR","Shorea unknown mixed","DIPTEROCARPACEAE","Shorea","unknown mixed",331,30.4,"CP"
"20D","AR","Unknown unknown mixed","ANNONACEAE","Unknown","unknown mixed",142,15.3,"CP"
"20D","AR","Shorea sp","DIPTEROCARPACEAE","Shorea","sp",125,15.4,"CP"
"20D","AR","Shorea mecistopteryx","DIPTEROCARPACEAE","Shorea","mecistopteryx",218,22.3,"CP"
"20D","AR","Shorea mecistopteryx","DIPTEROCARPACEAE","Shorea","mecistopteryx",289,25.2,"CP"
"20D","AR","Anisoptera costata","DIPTEROCARPACEAE","Anisoptera","costata",162,21,"CP"
"20D","AR","Galearia fulva","PANDACEAE","Galearia","fulva",176,17.3,"CP"
"20D","AR","Shorea sp","DIPTEROCARPACEAE","Shorea","sp",123,18.3,"CP"
"20D","AR","Lophopetalum javanicum","CELASTRACEAE","Lophopetalum","javanicum",178,18.3,"CP"
"20D","AR","Shorea beccariana","DIPTEROCARPACEAE","Shorea","beccariana",136,17.5,"CP"
"20D","AR","Shorea argentifolia","DIPTEROCARPACEAE","Shorea","argentifolia",790,46.7,"CP"
"20D","AR","Shorea sp","DIPTEROCARPACEAE","Shorea","sp",132,14.1,"CP"
"20D","AR","Barringtonia macrostachya","BARRINGTONIACEAE","Barringtonia","macrostachya",278,22.6,"CP"
"20D","AR","Shorea sp","DIPTEROCARPACEAE","Shorea","sp",104,14.5,"CP"
"20D","AR","Shorea sp","DIPTEROCARPACEAE","Shorea","sp",391,20.7,"CP"
"20D","AR","Shorea sp","DIPTEROCARPACEAE","Shorea","sp",149,17.1,"CP"
"20D","AR","Shorea sp","DIPTEROCARPACEAE","Shorea","sp",394,30.8,"CP"
"20D","AR","Shorea sp","DIPTEROCARPACEAE","Shorea","sp",444,25.8,"CP"
"20D","AR","Diospyros pilosanthera","EBENACEAE","Diospyros","pilosanthera",255,20.5,"CP"
"20D","AR","Shorea sp","DIPTEROCARPACEAE","Shorea","sp",126,19.7,"CP"
"20D","AR","Dipterocarpus caudiferus","DIPTEROCARPACEAE","Dipterocarpus","caudiferus",460,35.3,"CP"
"20D","AR","Maasia sumatrana","ANNONACEAE","Maasia","sumatrana",299,26.6,"CP"
"20D","AR","Shorea sp","DIPTEROCARPACEAE","Shorea","sp",228,21.7,"CP"
"20D","AR","Shorea mecistopteryx","DIPTEROCARPACEAE","Shorea","mecistopteryx",761,34,"CP"
"20D","AR","Mallotus wrayi","EUPHORBIACEAE","Mallotus","wrayi",112,11.7,"CP"
"20D","AR","Canarium decumanum","BURSERACEAE","Canarium","decumanum",417,35.3,"CP"
"20D","AR","Shorea sp","DIPTEROCARPACEAE","Shorea","sp",161,21.3,"CP"
"20D","AR","Blumeodendron tokbrai","EUPHORBIACEAE","Blumeodendron","tokbrai",409,34.7,"CP"
"20D","AR","Shorea sp","DIPTEROCARPACEAE","Shorea","sp",108,10.3,"CP"
"20D","AR","Shorea sp","DIPTEROCARPACEAE","Shorea","sp",717,37.5,"CP"
"20D","AR","Microcos unknown mixed","MALVACEAE","Microcos","unknown mixed",181,20.3,"CP"
"20D","AR","Shorea sp","DIPTEROCARPACEAE","Shorea","sp",253,18.6,"CP"
"20D","AR","Shorea sp","DIPTEROCARPACEAE","Shorea","sp",223,21.9,"CP"
"20D","AR","Aporusa falcifera","PHYLLANTHACEAE","Aporusa","falcifera",NA,NA,"CP"
"20D","AR","Shorea sp","DIPTEROCARPACEAE","Shorea","sp",158,20.4,"CP"
"20D","AR","Shorea unknown mixed","DIPTEROCARPACEAE","Shorea","unknown mixed",151,20,"CP"
"20D","AR","Anisoptera costata","DIPTEROCARPACEAE","Anisoptera","costata",117,16.5,"CP"
"20D","AR","Unknown unknown mixed","LAURACEAE","Unknown","unknown mixed",318,22.1,"CP"
"20D","AR","Shorea unknown mixed","DIPTEROCARPACEAE","Shorea","unknown mixed",539,33.6,"CP"
"20D","AR","Anisoptera costata","DIPTEROCARPACEAE","Anisoptera","costata",178,14.5,"CP"
"20D","AR","Lithocarpus unknown mixed","FAGACEAE","Lithocarpus","unknown mixed",208,18.2,"CP"
"20D","AR","Macaranga gigantea","EUPHORBIACEAE","Macaranga","gigantea",381,41.3,"CP"
"20D","AR","Macaranga gigantea","EUPHORBIACEAE","Macaranga","gigantea",251,35.2,"CP"
"20D","AR","Canarium decumanum","BURSERACEAE","Canarium","decumanum",129,12.6,"CP"
"20D","AR","Anisoptera costata","DIPTEROCARPACEAE","Anisoptera","costata",745,31.6,"CP"
"20D","AR","Lithocarpus unknown mixed","FAGACEAE","Lithocarpus","unknown mixed",167,19.3,"CP"
"20D","AR","Rothmannia pseudoternisfolia","RUBIACEAE","Rothmannia","pseudoternisfolia",219,27,"CP"
"20D","AR","Baccaurea lanceolata","PHYLLANTHACEAE","Baccaurea","lanceolata",354,15.2,"CP"
"20D","AR","Ardisia  macrophylla","PRIMULACEAE","Ardisia ","macrophylla",136,12.7,"CP"
"20D","AR","Koilodepas longifolium","EUPHORBIACEAE","Koilodepas","longifolium",101,6,"CP"
"20D","AR","Unknown unknown mixed","RUBIACEAE","Unknown","unknown mixed",104,15.6,"CP"
"20D","AR","Mallotus wrayi","EUPHORBIACEAE","Mallotus","wrayi",103,10.8,"CP"
"20D","AR","Microcos crassifolia","MALVACEAE","Microcos","crassifolia",183,18.6,"CP"
"20D","AR","Shorea sp","DIPTEROCARPACEAE","Shorea","sp",115,15.9,"CP"
"20D","AR","Aglaia silvestris","MELIACEAE","Aglaia","silvestris",177,24,"CP"
"20D","AR","Diospyros elliptifolia","EBENACEAE","Diospyros","elliptifolia",176,10.6,"CP"
"20D","AR","Shorea unknown mixed","DIPTEROCARPACEAE","Shorea","unknown mixed",199,24.8,"CP"
"20D","AR","Shorea mecistopteryx","DIPTEROCARPACEAE","Shorea","mecistopteryx",185,18.6,"CP"
"20D","AR","Macaranga gigantea","EUPHORBIACEAE","Macaranga","gigantea",347,18.9,"CP"
"20D","AR","Macaranga gigantea","EUPHORBIACEAE","Macaranga","gigantea",365,27.4,"CP"
"20D","AR","Shorea beccariana","Dipterocarpaceae","Shorea","beccariana",406,41.6,"CP"
"20D","AR","Shorea fallax","DIPTEROCARPACEAE","Shorea","fallax",205,20.3,"CP"
"20D","AR","Shorea fallax","DIPTEROCARPACEAE","Shorea","fallax",181,19.3,"CP"
"20D","AR","Baccaurea unknown mixed","PHYLLANTHACEAE","Baccaurea","unknown mixed",223,23.5,"CP"
"20D","AR","Shorea fallax","DIPTEROCARPACEAE","Shorea","fallax",208,20.6,"CP"
"20D","AR","Dipterocarpus caudiferus","DIPTEROCARPACEAE","Dipterocarpus","caudiferus",500,48.3,"CP"
"20D","AR","Mallotus wrayi","EUPHORBIACEAE","Mallotus","wrayi",103,9.3,"CP"
"20D","AR","Litsea grandis","LAURACEAE","Litsea","grandis",140,11.8,"CP"
"20D","AR","Macaranga gigantea","Euphorbiaceae","Macaranga","gigantea",485,30.1,"CP"
"20D","AR","Macaranga gigantea","Euphorbiaceae","Macaranga","gigantea",355,34.2,"CP"
"20D","AR","Macaranga gigantea","Euphorbiaceae","Macaranga","gigantea",427,38.4,"CP"
"20D","AR","Shorea beccariana","Dipterocarpaceae","Shorea","beccariana",428,32.1,"CP"
"20D","AR","Shorea parvifolia","DIPTEROCARPACEAE","Shorea","parvifolia",193,20.8,"CP"
"20D","AR","Macaranga pearsonii","EUPHORBIACEAE","Macaranga","pearsonii",211,27.9,"CP"
"20D","AR","Macaranga pearsonii","EUPHORBIACEAE","Macaranga","pearsonii",316,38.4,"CP"
"20D","AR","Macaranga pearsonii","EUPHORBIACEAE","Macaranga","pearsonii",282,34.1,"CP"
"20D","AR","Lithocarpus unknown mixed","FAGACEAE","Lithocarpus","unknown mixed",128,13.6,"CP"
"20D","AR","Pentace laxiflora","MALVACEAE","Pentace","laxiflora",175,17.9,"CP"
"20D","AR","Ardisia  macrophylla","PRIMULACEAE","Ardisia ","macrophylla",129,15,"CP"
"20D","AR","Shorea fallax","DIPTEROCARPACEAE","Shorea","fallax",190,20.9,"CP"
"20D","AR","Shorea parvifolia","DIPTEROCARPACEAE","Shorea","parvifolia",144,17.9,"CP"
"20D","AR","Shorea parvifolia","DIPTEROCARPACEAE","Shorea","parvifolia",286,36.7,"CP"
"20D","AR","Shorea mecistopteryx","DIPTEROCARPACEAE","Shorea","mecistopteryx",250,22.5,"CP"
"20D","AR","Macaranga pearsonii","EUPHORBIACEAE","Macaranga","pearsonii",372,44.5,"CP"
"20D","AR","Macaranga gigantea","EUPHORBIACEAE","Macaranga","gigantea",313,31.7,"CP"
"20D","AR","Anisoptera costata","DIPTEROCARPACEAE","Anisoptera","costata",210,21.7,"CP"
"20D","AR","Drypetes unknown mixed","PUTRANJIVACEAE","Drypetes","unknown mixed",141,9.1,"CP"
"20D","AR","Mallotus penangensis","EUPHORBIACEAE","Mallotus","penangensis",160,17.6,"CP"
"20D","AR","Syzygium unknown mixed","MYRTACEAE","Syzygium","unknown mixed",299,27.6,"CP"
"20D","AR","Ardisia  macrophylla","PRIMULACEAE","Ardisia ","macrophylla",304,30.8,"CP"
"20D","AR","Parashorea malaanonan","DIPTEROCARPACEAE","Parashorea","malaanonan",805,54.4,"CP"
"20D","AR","Mallotus wrayi","EUPHORBIACEAE","Mallotus","wrayi",101,12.5,"CP"
"20D","AR","Shorea unknown mixed","DIPTEROCARPACEAE","Shorea","unknown mixed",439,39.3,"CP"
"20D","AR","Canarium denticulatum","BURSERACEAE","Canarium","denticulatum",134,13.3,"CP"
"20D","AR","Magnolia candolii","MAGNOLIACEAE","Magnolia","candolii",152,17.9,"CP"
"20D","AR","Diospyros elliptifolia","EBENACEAE","Diospyros","elliptifolia",159,11.3,"CP"
"20D","AR","Lithocarpus unknown mixed","FAGACEAE","Lithocarpus","unknown mixed",180,18.4,"CP"
"20D","AR","Shorea sp","DIPTEROCARPACEAE","Shorea","sp",110,11.5,"CP"
"20D","AR","Dacryodes unknown mixed","BURSERACEAE","Dacryodes","unknown mixed",131,13.8,"CP"
"20D","AR","Shorea sp","DIPTEROCARPACEAE","Shorea","sp",132,12.6,"CP"
"20D","AR","Shorea sp","DIPTEROCARPACEAE","Shorea","sp",213,18.6,"CP"
"20D","AR","Planchonia unknown mixed","BARRINGTONIACEAE","Planchonia","unknown mixed",295,28.9,"CP"
"20D","AR","Drypetes longifolia","PUTRANJIVACEAE","Drypetes","longifolia",126,17.1,"CP"
"20D","AR","Dipterocarpus caudiferus","DIPTEROCARPACEAE","Dipterocarpus","caudiferus",353,31,"CP"
"20D","AR","Madhuca kingiana","SAPOTACEAE","Madhuca","kingiana",142,14.7,"CP"
"20D","AR","Knema elmeri","MYRISTICACEAE","Knema","elmeri",215,23,"CP"
"20D","AR","Koilodepas longifolium","EUPHORBIACEAE","Koilodepas","longifolium",131,8,"CP"
"20D","AR","Vitex pinnata","LAMIACEAE","Vitex","pinnata",114,15.8,"CP"
"20D","AR","Lepisanthes senegalensis","SAPINDACEAE","Lepisanthes","senegalensis",111,12.2,"CP"
"20D","AR","Dipterocarpus unknown mixed","DIPTEROCARPACEAE","Dipterocarpus","unknown mixed",457,30,"CP"
"20D","AR","Neesia synandra","MALVACEAE","Neesia","synandra",129,14.8,"CP"
"20D","AR","Pternandra coerulescens","MELASTOMATACEAE","Pternandra","coerulescens",143,10.5,"CP"
"20D","AR","Lithocarpus unknown mixed","FAGACEAE","Lithocarpus","unknown mixed",365,36.5,"CP"
"20D","AR","Cratoxylum unknown mixed","HYPERICACEAE","Cratoxylum","unknown mixed",173,19.6,"CP"
"20D","AR","Microcos fibrocarpa","MALVACEAE","Microcos","fibrocarpa",193,23.5,"CP"
"20D","AR","Shorea seminis","DIPTEROCARPACEAE","Shorea","seminis",151,17.6,"CP"
"20D","AR","Ryparosa acuminata","ACHARIACEAE","Ryparosa","acuminata",198,26.8,"CP"
"20D","AR","Anisoptera costata","DIPTEROCARPACEAE","Anisoptera","costata",1303,45.1,"CP"
"20D","AR","Lophopetalum javanicum","CELASTRACEAE","Lophopetalum","javanicum",173,17.7,"CP"
"20D","AR","Shorea sp","DIPTEROCARPACEAE","Shorea","sp",204,19.7,"CP"
"20D","AR","Lithocarpus unknown mixed","FAGACEAE","Lithocarpus","unknown mixed",439,36,"CP"
"20D","AR","Mallotus stipularis","EUPHORBIACEAE","Mallotus","stipularis",216,18,"CP"
"20D","AR","Mallotus stipularis","EUPHORBIACEAE","Mallotus","stipularis",118,16.3,"CP"
"20D","AR","Drypetes unknown mixed","PUTRANJIVACEAE","Drypetes","unknown mixed",238,18.9,"CP"
"20D","AR","Madhuca kingiana","SAPOTACEAE","Madhuca","kingiana",220,13.7,"CP"
"20D","AR","Vitex pinnata","LAMIACEAE","Vitex","pinnata",217,14.9,"CP"
"20D","AR","Syzygium unknown mixed","MYRTACEAE","Syzygium","unknown mixed",548,36.9,"CP"
"20D","AR","Pternandra coerulescens","MELASTOMATACEAE","Pternandra","coerulescens",132,17.8,"CP"
"20D","AR","Chionanthus pluriflorus","OLEACEAE","Chionanthus","pluriflorus",142,17.1,"CP"
"20D","AR","Unknown unknown mixed","ANNONACEAE","Unknown","unknown mixed",140,19.1,"CP"
"20D","AR","Parinari oblongifolia","CHRYSOBALANACEAE","Parinari","oblongifolia",120,16,"CP"
"20D","AR","Neesia synandra","MALVACEAE","Neesia","synandra",228,29,"CP"
"20D","AR","Lophopetalum javanicum","CELASTRACEAE","Lophopetalum","javanicum",266,23.1,"CP"
"20D","AR","Koilodepas longifolium","EUPHORBIACEAE","Koilodepas","longifolium",110,11.3,"CP"
"20D","AR","Scorodocarpus borneensis","OLACACEAE","Scorodocarpus","borneensis",142,12,"CP"
"20D","AR","Canarium decumanum","BURSERACEAE","Canarium","decumanum",514,25.8,"CP"
"20D","AR","Lithocarpus unknown mixed","FAGACEAE","Lithocarpus","unknown mixed",381,18.5,"CP"
"20D","AR","Mallotus stipularis","EUPHORBIACEAE","Mallotus","stipularis",126,15.2,"CP"
"21D","NR","Canarium denticulatum","BURSERACEAE","Canarium","denticulatum",252,19.5,"CP"
"21D","NR","Mallotus stipularis","EUPHORBIACEAE","Mallotus","stipularis",155,13,"CP"
"21D","NR","Shorea parvifolia","DIPTEROCARPACEAE","Shorea","parvifolia",765,43.3,"CP"
"21D","NR","Magnolia candolii","MAGNOLIACEAE","Magnolia","candolii",262,23.6,"CP"
"21D","NR","Canarium denticulatum","BURSERACEAE","Canarium","denticulatum",111,13.6,"CP"
"21D","NR","Vatica dulitensis","DIPTEROCARPACEAE","Vatica","dulitensis",105,12.3,"CP"
"21D","NR","Nephelium ramboutan-ake","SAPINDACEAE","Nephelium","ramboutan-ake",118,14.8,"CP"
"21D","NR","Ficus variegata","MORACEAE","Ficus","variegata",116,11.7,"CP"
"21D","NR","Macaranga pearsonii","EUPHORBIACEAE","Macaranga","pearsonii",786,31,"CP"
"21D","NR","Pternandra coerulescens","MELASTOMATACEAE","Pternandra","coerulescens",110,10.4,"CP"
"21D","NR","Lithocarpus ewyckii","FAGACEAE","Lithocarpus","ewyckii",164,15,"CP"
"21D","NR","Nephelium ramboutan-ake","SAPINDACEAE","Nephelium","ramboutan-ake",143,13.8,"CP"
"21D","NR","Canarium decumanum","BURSERACEAE","Canarium","decumanum",134,17.8,"CP"
"21D","NR","Canarium denticulatum","BURSERACEAE","Canarium","denticulatum",193,21.7,"CP"
"21D","NR","Alangium javanicum","ALANGIACEAE","Alangium","javanicum",110,12,"CP"
"21D","NR","Litsea caulocarpa","LAURACEAE","Litsea","caulocarpa",107,13,"CP"
"21D","NR","Guioa pleuropteris","SAPINDACEAE","Guioa","pleuropteris",299,23.9,"CP"
"21D","NR","Duabanga moluccana","SONNERATIACEAE","Duabanga","moluccana",732,46.4,"CP"
"21D","NR","Alangium javanicum","ALANGIACEAE","Alangium","javanicum",200,10.6,"CP"
"21D","NR","Ludekia borneensis","RUBIACEAE","Ludekia","borneensis",207,19.1,"CP"
"21D","NR","Adinandra unknown mixed","Theaceae","Adinandra","unknown mixed",297,26.4,"CP"
"21D","NR","Macaranga hypoleuca","EUPHORBIACEAE","Macaranga","hypoleuca",441,20.4,"CP"
"21D","NR","Lithocarpus unknown mixed","FAGACEAE","Lithocarpus","unknown mixed",165,11.4,"CP"
"21D","NR","Macaranga hypoleuca","EUPHORBIACEAE","Macaranga","hypoleuca",530,19.9,"CP"
"21D","NR","Ludekia borneensis","RUBIACEAE","Ludekia","borneensis",166,13.7,"CP"
"21D","NR","Macaranga hypoleuca","EUPHORBIACEAE","Macaranga","hypoleuca",243,14.5,"CP"
"21D","NR","Microcos crassifolia","MALVACEAE","Microcos","crassifolia",254,19.2,"CP"
"21D","NR","Macaranga hypoleuca","EUPHORBIACEAE","Macaranga","hypoleuca",263,19.1,"CP"
"21D","NR","Litsea angulata","LAURACEAE","Litsea","angulata",205,19.1,"CP"
"21D","NR","Macaranga hypoleuca","EUPHORBIACEAE","Macaranga","hypoleuca",421,24.3,"CP"
"21D","NR","Aglaia silvestris","MELIACEAE","Aglaia","silvestris",145,14.8,"CP"
"21D","NR","Macaranga hypoleuca","EUPHORBIACEAE","Macaranga","hypoleuca",614,29.1,"CP"
"21D","NR","Dracontomelon dao","ANACARDIACEAE","Dracontomelon","dao",106,19.2,"CP"
"21D","NR","Canarium denticulatum","BURSERACEAE","Canarium","denticulatum",191,13.2,"CP"
"21D","NR","Alangium javanicum","ALANGIACEAE","Alangium","javanicum",231,15.9,"CP"
"21D","NR","Horsfieldia polyspherula","MYRISTICACEAE","Horsfieldia","polyspherula",125,13,"CP"
"21D","NR","Ziziphus angustifolius","RHAMNACEAE","Ziziphus","angustifolius",299,24.4,"CP"
"21D","NR","Mallotus wrayi","EUPHORBIACEAE","Mallotus","wrayi",122,13.3,"CP"
"21D","NR","Shorea parvifolia","DIPTEROCARPACEAE","Shorea","parvifolia",502,29.8,"CP"
"21D","NR","Chisocheton sarawakensis","MELIACEAE","Chisocheton","sarawakensis",123,12.3,"CP"
"21D","NR","Ficus unknown mixed","MORACEAE","Ficus","unknown mixed",148,19.2,"CP"
"21D","NR","Koilodepas longifolium","EUPHORBIACEAE","Koilodepas","longifolium",136,15.7,"CP"
"21D","NR","Koilodepas longifolium","EUPHORBIACEAE","Koilodepas","longifolium",118,6.1,"CP"
"21D","NR","Mallotus penangensis","EUPHORBIACEAE","Mallotus","penangensis",120,10.8,"CP"
"21D","NR","Knema latericia","MYRISTICACEAE","Knema","latericia",127,8.3,"CP"
"21D","NR","Canarium denticulatum","BURSERACEAE","Canarium","denticulatum",157,11.2,"CP"
"21D","NR","Koilodepas longifolium","EUPHORBIACEAE","Koilodepas","longifolium",131,6.2,"CP"
"21D","NR","Mallotus penangensis","EUPHORBIACEAE","Mallotus","penangensis",222,17.2,"CP"
"21D","NR","Canarium denticulatum","BURSERACEAE","Canarium","denticulatum",241,17.1,"CP"
"21D","NR","Pentace laxiflora","MALVACEAE","Pentace","laxiflora",141,17.6,"CP"
"21D","NR","Aglaia silvestris","MELIACEAE","Aglaia","silvestris",135,18.1,"CP"
"21D","NR","Mallotus wrayi","EUPHORBIACEAE","Mallotus","wrayi",176,11.8,"CP"
"21D","NR","Ptychopyxis arborea","EUPHORBIACEAE","Ptychopyxis","arborea",169,16.4,"CP"
"21D","NR","Pternandra coerulescens","MELASTOMATACEAE","Pternandra","coerulescens",175,8,"CP"
"21D","NR","Hydnocarpus unknown mixed","ACHARIACEAE","Hydnocarpus","unknown mixed",128,11.7,"CP"
"21D","NR","Chisocheton patens","MELIACEAE","Chisocheton","patens",112,11.1,"CP"
"21D","NR","Syzygium unknown mixed","MYRTACEAE","Syzygium","unknown mixed",213,20.8,"CP"
"21D","NR","Aglaia silvestris","MELIACEAE","Aglaia","silvestris",122,10.8,"CP"
"21D","NR","Canarium denticulatum","BURSERACEAE","Canarium","denticulatum",182,10.5,"CP"
"21D","NR","Aglaia silvestris","MELIACEAE","Aglaia","silvestris",101,11.5,"CP"
"21D","NR","Alstonia angustifolia","APOCYNACEAE","Alstonia","angustifolia",179,12.4,"CP"
"21D","NR","Chisocheton sarawakensis","MELIACEAE","Chisocheton","sarawakensis",178,22.1,"CP"
"21D","NR","Pleiocarpidia sandakanica","RUBIACEAE","Pleiocarpidia","sandakanica",307,13.7,"CP"
"21D","NR","Dipterocarpus applanatus","DIPTEROCARPACEAE","Dipterocarpus","applanatus",134,11.3,"CP"
"21D","NR","Canarium denticulatum","BURSERACEAE","Canarium","denticulatum",131,12.2,"CP"
"21D","NR","Mallotus wrayi","EUPHORBIACEAE","Mallotus","wrayi",128,10.2,"CP"
"21D","NR","Koilodepas longifolium","EUPHORBIACEAE","Koilodepas","longifolium",125,11.5,"CP"
"21D","NR","Litsea unknown mixed","LAURACEAE","Litsea","unknown mixed",205,22.3,"CP"
"21D","NR","Koilodepas longifolium","EUPHORBIACEAE","Koilodepas","longifolium",127,11.1,"CP"
"21D","NR","Shorea fallax","DIPTEROCARPACEAE","Shorea","fallax",140,15.7,"CP"
"21D","NR","Macaranga hypoleuca","EUPHORBIACEAE","Macaranga","hypoleuca",485,31.2,"CP"
"21D","NR","Knema elmeri","MYRISTICACEAE","Knema","elmeri",135,11,"CP"
"21D","NR","Magnolia candolii","MAGNOLIACEAE","Magnolia","candolii",139,14.6,"CP"
"21D","NR","Madhuca elmeri","SAPOTACEAE","Madhuca","elmeri",103,11.4,"CP"
"21D","NR","Dipterocarpus applanatus","DIPTEROCARPACEAE","Dipterocarpus","applanatus",118,5.7,"CP"
"21D","NR","Canarium denticulatum","BURSERACEAE","Canarium","denticulatum",269,26.3,"CP"
"21D","NR","Shorea parvifolia","DIPTEROCARPACEAE","Shorea","parvifolia",580,35.9,"CP"
"21D","NR","Parashorea malaanonan","DIPTEROCARPACEAE","Parashorea","malaanonan",378,25.1,"CP"
"21D","NR","Aporusa elmeri","PHYLLANTHACEAE","Aporusa","elmeri",175,13.1,"CP"
"21D","NR","Shorea johorensis","DIPTEROCARPACEAE","Shorea","johorensis",303,25.7,"CP"
"21D","NR","Payena acuminata","SAPOTACEAE","Payena","acuminata",282,19,"CP"
"21D","NR","Nephelium ramboutan-ake","SAPINDACEAE","Nephelium","ramboutan-ake",131,13.2,"CP"
"21D","NR","Chisocheton sarawakensis","MELIACEAE","Chisocheton","sarawakensis",254,23,"CP"
"21D","NR","Ludekia unknown mixed","RUBIACEAE","Ludekia","unknown mixed",103,12,"CP"
"21D","NR","Hopea nervosa","DIPTEROCARPACEAE","Hopea","nervosa",227,24.5,"CP"
"21D","NR","Dehaasia caesia","LAURACEAE","Dehaasia","caesia",142,11.1,"CP"
"21D","NR","Dipterocarpus caudiferus","DIPTEROCARPACEAE","Dipterocarpus","caudiferus",124,15.7,"CP"
"21D","NR","Barringtonia lanceolata","BARRINGTONIACEAE","Barringtonia","lanceolata",284,21.6,"CP"
"21D","NR","Dryobalanops lanceolata","DIPTEROCARPACEAE","Dryobalanops","lanceolata",173,13.2,"CP"
"21D","NR","Aglaia argentea","MELIACEAE","Aglaia","argentea",383,23.4,"CP"
"21D","NR","Dipterocarpus unknown mixed","DIPTEROCARPACEAE","Dipterocarpus","unknown mixed",366,34.6,"CP"
"21D","NR","Macaranga hypoleuca","EUPHORBIACEAE","Macaranga","hypoleuca",545,30.8,"CP"
"21D","NR","Aglaia spectabilis","MELIACEAE","Aglaia","spectabilis",292,23.4,"CP"
"21D","NR","Garcinia forbesii","CLUSIACEAE","Garcinia","forbesii",162,15.1,"CP"
"21D","NR","Shorea superba","DIPTEROCARPACEAE","Shorea","superba",164,22.6,"CP"
"21D","NR","Monoon hookerianum","ANNONACEAE","Monoon","hookerianum",168,17.7,"CP"
"21D","NR","Erycibe borneensis","CONVOLVULACEAE","Erycibe","borneensis",121,16.7,"CP"
"21D","NR","Monoon grandiflorum","ANNONACEAE","Monoon","grandiflorum",163,10.3,"CP"
"21D","NR","Chisocheton sarawakensis","MELIACEAE","Chisocheton","sarawakensis",310,15.1,"CP"
"21D","NR","Pleiocarpidia sandakanica","RUBIACEAE","Pleiocarpidia","sandakanica",147,14.1,"CP"
"21D","NR","Dipterocarpus unknown mixed","DIPTEROCARPACEAE","Dipterocarpus","unknown mixed",250,36,"CP"
"21D","NR","Alangium javanicum","ALANGIACEAE","Alangium","javanicum",133,14.2,"CP"
"21D","NR","Nephelium ramboutan-ake","SAPINDACEAE","Nephelium","ramboutan-ake",248,23.5,"CP"
"21D","NR","Sageraea elliptica","ANNONACEAE","Sageraea","elliptica",130,12.9,"CP"
"21D","NR","Mallotus wrayi","EUPHORBIACEAE","Mallotus","wrayi",113,14.3,"CP"
"21D","NR","Mallotus stipularis","EUPHORBIACEAE","Mallotus","stipularis",101,13.2,"CP"
"21D","NR","Nephelium ramboutan-ake","SAPINDACEAE","Nephelium","ramboutan-ake",250,22.1,"CP"
"21D","NR","Hopea nervosa","DIPTEROCARPACEAE","Hopea","nervosa",103,22.2,"CP"
"21D","NR","Mangifera foetida","ANACARDIACEAE","Mangifera","foetida",113,10.9,"CP"
"21D","NR","Chisocheton sarawakensis","MELIACEAE","Chisocheton","sarawakensis",159,12.6,"CP"
"21D","NR","Shorea beccariana","DIPTEROCARPACEAE","Shorea","beccariana",953,43.5,"CP"
"21D","NR","Microcos crassifolia","MALVACEAE","Microcos","crassifolia",345,22.6,"CP"
"21D","NR","Canarium denticulatum","BURSERACEAE","Canarium","denticulatum",165,14.4,"CP"
"21D","NR","Aglaia argentea","MELIACEAE","Aglaia","argentea",106,12.2,"CP"
"21D","NR","Shorea superba","DIPTEROCARPACEAE","Shorea","superba",318,25.3,"CP"
"21D","NR","Pentace laxiflora","MALVACEAE","Pentace","laxiflora",108,11.3,"CP"
"21D","NR","Mangifera foetida","ANACARDIACEAE","Mangifera","foetida",210,21.9,"CP"
"21D","NR","Beilschmiedia micrantha","LAURACEAE","Beilschmiedia","micrantha",101,5.9,"CP"
"21D","NR","Mallotus wrayi","EUPHORBIACEAE","Mallotus","wrayi",101,8.6,"CP"
"21D","NR","Helicia excelsa","PROTEACEAE","Helicia","excelsa",101,7.5,"CP"
"21D","NR","Shorea parvifolia","DIPTEROCARPACEAE","Shorea","parvifolia",922,45.2,"CP"
"21D","NR","Fordia splendidissima","FABACEAE","Fordia","splendidissima",156,9.7,"CP"
"21D","NR","Pentace adenophora","MALVACEAE","Pentace","adenophora",116,8.4,"CP"
"22D","NR","Neonauclea  gigantea","RUBIACEAE","Neonauclea ","gigantea",433,24.7,"CP"
"22D","NR","Fordia brachybotrys","FABACEAE","Fordia","brachybotrys",103,11.1,"CP"
"22D","NR","Parashorea malaanonan","DIPTEROCARPACEAE","Parashorea","malaanonan",145,12.5,"CP"
"22D","NR","Syzygium unknown mixed","MYRTACEAE","Syzygium","unknown mixed",132,10.9,"CP"
"22D","NR","Syzygium unknown mixed","MYRTACEAE","Syzygium","unknown mixed",142,17.5,"CP"
"22D","NR","Nauclea subdita","RUBIACEAE","Nauclea","subdita",377,37,"CP"
"22D","NR","Unknown unknown mixed","RUBIACEAE","Unknown","unknown mixed",163,21.1,"CP"
"22D","NR","Mallotus species 1","EUPHORBIACEAE","Mallotus","species 1",215,10.4,"CP"
"22D","NR","Dryobalanops lanceolata","DIPTEROCARPACEAE","Dryobalanops","lanceolata",130,14,"CP"
"22D","NR","Pometia pinnata","SAPINDACEAE","Pometia","pinnata",132,16.9,"CP"
"22D","NR","Alangium javanicum","ALANGIACEAE","Alangium","javanicum",163,15.6,"CP"
"22D","NR","Canarium odontophyllum","BURSERACEAE","Canarium","odontophyllum",188,13.7,"CP"
"22D","NR","Nephelium ramboutan-ake","SAPINDACEAE","Nephelium","ramboutan-ake",130,14.4,"CP"
"22D","NR","Dryobalanops lanceolata","DIPTEROCARPACEAE","Dryobalanops","lanceolata",101,9,"CP"
"22D","NR","Canarium odontophyllum","BURSERACEAE","Canarium","odontophyllum",162,19,"CP"
"22D","NR","Artocarpus elasticus","MORACEAE","Artocarpus","elasticus",587,27.3,"CP"
"22D","NR","Shorea gibbosa","DIPTEROCARPACEAE","Shorea","gibbosa",234,14.9,"CP"
"22D","NR","Parashorea tomentella","DIPTEROCARPACEAE","Parashorea","tomentella",255,22.8,"CP"
"22D","NR","Unknown unknown mixed","RUBIACEAE","Unknown","unknown mixed",148,15.3,"CP"
"22D","NR","Unknown unknown mixed","RUBIACEAE","Unknown","unknown mixed",127,16,"CP"
"22D","NR","Melicope  lunu-ankenda","RUTACEAE","Melicope ","lunu-ankenda",100,9.8,"CP"
"22D","NR","Barringtonia macrostachya","BARRINGTONIACEAE","Barringtonia","macrostachya",228,20,"CP"
"22D","NR","Shorea superba","DIPTEROCARPACEAE","Shorea","superba",951,50.4,"CP"
"22D","NR","Ficus variegata","MORACEAE","Ficus","variegata",419,23.1,"CP"
"22D","NR","Melanochyla beccariana","ANACARDIACEAE","Melanochyla","beccariana",169,15.2,"CP"
"22D","NR","Mallotus species 1","EUPHORBIACEAE","Mallotus","species 1",105,8.6,"CP"
"22D","NR","Mallotus species 1","EUPHORBIACEAE","Mallotus","species 1",106,9.8,"CP"
"22D","NR","Neonauclea  gigantea","RUBIACEAE","Neonauclea ","gigantea",341,12.6,"CP"
"22D","NR","Litsea accedens","LAURACEAE","Litsea","accedens",111,10.7,"CP"
"22D","NR","Unknown unknown mixed","RUBIACEAE","Unknown","unknown mixed",217,20.5,"CP"
"22D","NR","Spathiostemon javensis","EUPHORBIACEAE","Spathiostemon","javensis",114,4.8,"CP"
"22D","NR","Xanthophyllum unknown mixed","POLYGALACEAE","Xanthophyllum","unknown mixed",208,11.9,"CP"
"22D","NR","Mallotus species 1","EUPHORBIACEAE","Mallotus","species 1",102,7.7,"CP"
"22D","NR","Neonauclea  gigantea","RUBIACEAE","Neonauclea ","gigantea",594,23.1,"CP"
"22D","NR","Neonauclea  gigantea","RUBIACEAE","Neonauclea ","gigantea",282,15,"CP"
"22D","NR","Neonauclea  gigantea","RUBIACEAE","Neonauclea ","gigantea",178,10.1,"CP"
"22D","NR","Leea aculeata","LEEACEAE","Leea","aculeata",115,7.7,"CP"
"22D","NR","Syzygium unknown mixed","MYRTACEAE","Syzygium","unknown mixed",187,14.1,"CP"
"22D","NR","Cratoxylum unknown mixed","HYPERICACEAE","Cratoxylum","unknown mixed",188,23.5,"CP"
"22D","NR","Shorea superba","DIPTEROCARPACEAE","Shorea","superba",111,10.7,"CP"
"22D","NR","Melicope  lunu-ankenda","RUTACEAE","Melicope ","lunu-ankenda",138,9.9,"CP"
"22D","NR","Ficus unknown mixed","MORACEAE","Ficus","unknown mixed",216,10.3,"CP"
"22D","NR","Duabanga moluccana","SONNERATIACEAE","Duabanga","moluccana",492,30.6,"CP"
"22D","NR","Melicope  lunu-ankenda","RUTACEAE","Melicope ","lunu-ankenda",198,14.9,"CP"
"22D","NR","Syzygium unknown mixed","MYRTACEAE","Syzygium","unknown mixed",127,9.5,"CP"
"22D","NR","Mallotus species 1","EUPHORBIACEAE","Mallotus","species 1",175,6.8,"CP"
"22D","NR","Mallotus species 1","EUPHORBIACEAE","Mallotus","species 1",187,9.4,"CP"
"22D","NR","Dryobalanops lanceolata","DIPTEROCARPACEAE","Dryobalanops","lanceolata",140,16.3,"CP"
"22D","NR","Shorea seminis","DIPTEROCARPACEAE","Shorea","seminis",172,10.9,"CP"
"22D","NR","Ficus unknown mixed","MORACEAE","Ficus","unknown mixed",117,12.4,"CP"
"22D","NR","Melicope  lunu-ankenda","RUTACEAE","Melicope ","lunu-ankenda",133,13.5,"CP"
"22D","NR","Mallotus species 1","EUPHORBIACEAE","Mallotus","species 1",221,12.1,"CP"
"22D","NR","Mallotus species 1","EUPHORBIACEAE","Mallotus","species 1",129,6.8,"CP"
"22D","NR","Clausena excavata","RUTACEAE","Clausena","excavata",156,4.5,"CP"
"22D","NR","Canarium odontophyllum","BURSERACEAE","Canarium","odontophyllum",200,12.2,"CP"
"22D","NR","Canarium odontophyllum","BURSERACEAE","Canarium","odontophyllum",181,12,"CP"
"22D","NR","Paranephelium xestophyllum","SAPINDACEAE","Paranephelium","xestophyllum",124,4.4,"CP"
"22D","NR","Hydnocarpus anomalus","ACHARIACEAE","Hydnocarpus","anomalus",111,5.7,"CP"
"22D","NR","Unknown unknown mixed","RUBIACEAE","Unknown","unknown mixed",393,33.7,"CP"
"22D","NR","Melicope  lunu-ankenda","RUTACEAE","Melicope ","lunu-ankenda",159,16.9,"CP"
"22D","NR","Ficus unknown mixed","MORACEAE","Ficus","unknown mixed",132,12.1,"CP"
"22D","NR","Unknown unknown mixed","RUBIACEAE","Unknown","unknown mixed",126,13.9,"CP"
"22D","NR","Hydnocarpus borneensis","ACHARIACEAE","Hydnocarpus","borneensis",102,6.8,"CP"
"22D","NR","Dehaasia caesia","LAURACEAE","Dehaasia","caesia",127,8,"CP"
"22D","NR","Canarium denticulatum","BURSERACEAE","Canarium","denticulatum",157,4.1,"CP"
"22D","NR","Canarium denticulatum","BURSERACEAE","Canarium","denticulatum",132,6.7,"CP"
"22D","NR","Shorea seminis","DIPTEROCARPACEAE","Shorea","seminis",169,8.2,"CP"
"22D","NR","Adenanthera kostermansii","FABACEAE","Adenanthera","kostermansii",118,12,"CP"
"22D","NR","Mallotus species 1","EUPHORBIACEAE","Mallotus","species 1",134,11.8,"CP"
"22D","NR","Mallotus korthalsii","EUPHORBIACEAE","Mallotus","korthalsii",112,12.4,"CP"
"22D","NR","Melicope  lunu-ankenda","RUTACEAE","Melicope ","lunu-ankenda",188,19.7,"CP"
"22D","NR","Glochidion unknown mixed","PHYLLANTHACEAE","Glochidion","unknown mixed",114,17.5,"CP"
"22D","NR","Unknown unknown mixed","RUBIACEAE","Unknown","unknown mixed",174,22.1,"CP"
"22D","NR","Dryobalanops lanceolata","DIPTEROCARPACEAE","Dryobalanops","lanceolata",119,15.2,"CP"
"22D","NR","Melicope  lunu-ankenda","RUTACEAE","Melicope ","lunu-ankenda",103,11,"CP"
"22D","NR","Diospyros curranii","EBENACEAE","Diospyros","curranii",104,13.9,"CP"
"22D","NR","Shorea gibbosa","DIPTEROCARPACEAE","Shorea","gibbosa",249,28.6,"CP"
"22D","NR","Nephelium ramboutan-ake","SAPINDACEAE","Nephelium","ramboutan-ake",126,13.4,"CP"
"22D","NR","Hopea nervosa","DIPTEROCARPACEAE","Hopea","nervosa",191,20.8,"CP"
"22D","NR","Pleiocarpidia sandakanica","RUBIACEAE","Pleiocarpidia","sandakanica",150,7.5,"CP"
"22D","NR","Parashorea tomentella","DIPTEROCARPACEAE","Parashorea","tomentella",232,16.4,"CP"
"22D","NR","Pometia pinnata","SAPINDACEAE","Pometia","pinnata",106,12.7,"CP"
"22D","NR","Hubera rumphii","ANNONACEAE","Hubera","rumphii",107,8.5,"CP"
"22D","NR","Canarium denticulatum","BURSERACEAE","Canarium","denticulatum",183,13.7,"CP"
"22D","NR","Mallotus species 1","EUPHORBIACEAE","Mallotus","species 1",186,9,"CP"
"22D","NR","Shorea agamii","DIPTEROCARPACEAE","Shorea","agamii",120,13.2,"CP"
"22D","NR","Diospyros andamanica","EBENACEAE","Diospyros","andamanica",137,12.7,"CP"
"22D","NR","Ludekia borneensis","RUBIACEAE","Ludekia","borneensis",111,8.8,"CP"
"22D","NR","Pleiocarpidia sandakanica","RUBIACEAE","Pleiocarpidia","sandakanica",216,1.6,"CP"
"22D","NR","Unknown unknown mixed","RUBIACEAE","Unknown","unknown mixed",216,26.9,"CP"
"22D","NR","Pleiocarpidia sandakanica","RUBIACEAE","Pleiocarpidia","sandakanica",161,9.1,"CP"
"22D","NR","Pleiocarpidia sandakanica","RUBIACEAE","Pleiocarpidia","sandakanica",108,8,"CP"
"22D","NR","Pleiocarpidia sandakanica","RUBIACEAE","Pleiocarpidia","sandakanica",147,11.3,"CP"
"22D","NR","Ludekia borneensis","RUBIACEAE","Ludekia","borneensis",150,8.5,"CP"
"22D","NR","Duabanga moluccana","SONNERATIACEAE","Duabanga","moluccana",577,42.6,"CP"
"22D","NR","Duabanga moluccana","SONNERATIACEAE","Duabanga","moluccana",412,31.1,"CP"
"22D","NR","Sageraea elliptica","ANNONACEAE","Sageraea","elliptica",142,10.1,"CP"
"22D","NR","Dryobalanops lanceolata","DIPTEROCARPACEAE","Dryobalanops","lanceolata",803,44.9,"CP"
"22D","NR","Ludekia borneensis","RUBIACEAE","Ludekia","borneensis",183,10.4,"CP"
"22D","NR","Duabanga moluccana","SONNERATIACEAE","Duabanga","moluccana",718,37.6,"CP"
"22D","NR","Ludekia borneensis","RUBIACEAE","Ludekia","borneensis",203,18.8,"CP"
"22D","NR","Xanthophyllum affine","POLYGALACEAE","Xanthophyllum","affine",107,12.4,"CP"
"22D","NR","Cratoxylum unknown mixed","HYPERICACEAE","Cratoxylum","unknown mixed",119,19,"CP"
"22D","NR","Mallotus species 1","EUPHORBIACEAE","Mallotus","species 1",106,8.4,"CP"
"22D","NR","Diospyros unknown mixed","EBENACEAE","Diospyros","unknown mixed",296,6.4,"CP"
"22D","NR","Octomeles sumatrana","TETRAMELACEAE","Octomeles","sumatrana",344,28.9,"CP"
"22D","NR","Unknown unknown mixed","RUBIACEAE","Unknown","unknown mixed",173,20.8,"CP"
"22D","NR","Dryobalanops lanceolata","DIPTEROCARPACEAE","Dryobalanops","lanceolata",127,9.2,"CP"
"22D","NR","Unknown unknown mixed","RUBIACEAE","Unknown","unknown mixed",421,24.5,"CP"
"23D","NR","Shorea johorensis","DIPTEROCARPACEAE","Shorea","johorensis",586,49.8,"CP"
"23D","NR","Aporusa frutescens","PHYLLANTHACEAE","Aporusa","frutescens",139,13,"CP"
"23D","NR","Ludekia borneensis","RUBIACEAE","Ludekia","borneensis",212,18.4,"CP"
"23D","NR","Vitex pinnata","LAMIACEAE","Vitex","pinnata",148,11.6,"CP"
"23D","NR","Chionanthus pluriflorus","OLEACEAE","Chionanthus","pluriflorus",244,17.7,"CP"
"23D","NR","Pleiocarpidia sandakanica","RUBIACEAE","Pleiocarpidia","sandakanica",151,12,"CP"
"23D","NR","Pleiocarpidia sandakanica","RUBIACEAE","Pleiocarpidia","sandakanica",187,11.3,"CP"
"23D","NR","Octomeles sumatrana","TETRAMELACEAE","Octomeles","sumatrana",496,43.4,"CP"
"23D","NR","Lophopetalum beccarianum","CELASTRACEAE","Lophopetalum","beccarianum",180,16.8,"CP"
"23D","NR","Pleiocarpidia sandakanica","RUBIACEAE","Pleiocarpidia","sandakanica",122,14.3,"CP"
"23D","NR","Vitex pinnata","LAMIACEAE","Vitex","pinnata",528,23.7,"CP"
"23D","NR","Canarium denticulatum","BURSERACEAE","Canarium","denticulatum",117,15.9,"CP"
"23D","NR","Intsia palembanica","FABACEAE","Intsia","palembanica",231,22.3,"CP"
"23D","NR","Shorea johorensis","DIPTEROCARPACEAE","Shorea","johorensis",550,38,"CP"
"23D","NR","Glochidion elmari","PHYLLANTHACEAE","Glochidion","elmari",166,15.1,"CP"
"23D","NR","Canarium denticulatum","BURSERACEAE","Canarium","denticulatum",142,14.2,"CP"
"23D","NR","Litsea angulata","LAURACEAE","Litsea","angulata",235,14.8,"CP"
"23D","NR","Syzygium unknown mixed","MYRTACEAE","Syzygium","unknown mixed",211,14.1,"CP"
"23D","NR","Hubera rumphii","ANNONACEAE","Hubera","rumphii",111,13.8,"CP"
"23D","NR","Chisocheton unknown mixed","MELIACEAE","Chisocheton","unknown mixed",129,17.9,"CP"
"23D","NR","Shorea johorensis","DIPTEROCARPACEAE","Shorea","johorensis",445,39.1,"CP"
"23D","NR","Microcos ossea","MALVACEAE","Microcos","ossea",132,12.4,"CP"
"23D","NR","Shorea johorensis","DIPTEROCARPACEAE","Shorea","johorensis",733,52.3,"CP"
"23D","NR","Canarium denticulatum","BURSERACEAE","Canarium","denticulatum",254,18.3,"CP"
"23D","NR","Chisocheton unknown mixed","MELIACEAE","Chisocheton","unknown mixed",131,11.8,"CP"
"23D","NR","Microcos latistipulata","MALVACEAE","Microcos","latistipulata",217,16.7,"CP"
"23D","NR","Unknown unknown mixed","LIANA","Unknown","unknown mixed",114,36.5,"CP"
"23D","NR","Chisocheton macranthus","MELIACEAE","Chisocheton","macranthus",816,36.5,"CP"
"23D","NR","Unknown unknown mixed","MELIACEAE","Unknown","unknown mixed",127,17.7,"CP"
"23D","NR","Chisocheton sarawakensis","MELIACEAE","Chisocheton","sarawakensis",254,17.2,"CP"
"23D","NR","Litsea angulata","LAURACEAE","Litsea","angulata",173,9.3,"CP"
"23D","NR","Horsfieldia polyspherula","MYRISTICACEAE","Horsfieldia","polyspherula",335,19.1,"CP"
"23D","NR","Syzygium unknown mixed","MYRTACEAE","Syzygium","unknown mixed",180,17.2,"CP"
"23D","NR","Paranephelium xestophyllum","SAPINDACEAE","Paranephelium","xestophyllum",241,23.1,"CP"
"23D","NR","Paranephelium xestophyllum","SAPINDACEAE","Paranephelium","xestophyllum",184,14.8,"CP"
"23D","NR","Dysoxylum cyrtobotryum","MELIACEAE","Dysoxylum","cyrtobotryum",120,11.6,"CP"
"23D","NR","Canarium denticulatum","BURSERACEAE","Canarium","denticulatum",113,12.3,"CP"
"23D","NR","Elaeocarpus stipularis","ELAEOCARPACEAE","Elaeocarpus","stipularis",450,26.3,"CP"
"23D","NR","Elaeocarpus stipularis","ELAEOCARPACEAE","Elaeocarpus","stipularis",257,14.2,"CP"
"23D","NR","Mastixia trichotoma","CORNACEAE","Mastixia","trichotoma",120,10.7,"CP"
"23D","NR","Pleiocarpidia sandakanica","RUBIACEAE","Pleiocarpidia","sandakanica",196,11.2,"CP"
"23D","NR","Shorea seminis","DIPTEROCARPACEAE","Shorea","seminis",221,15.7,"CP"
"23D","NR","Pleiocarpidia sandakanica","RUBIACEAE","Pleiocarpidia","sandakanica",231,11,"CP"
"23D","NR","Pleiocarpidia sandakanica","RUBIACEAE","Pleiocarpidia","sandakanica",180,7.9,"CP"
"23D","NR","Pleiocarpidia sandakanica","RUBIACEAE","Pleiocarpidia","sandakanica",154,7.2,"CP"
"23D","NR","Aglaia tomentosa","MELIACEAE","Aglaia","tomentosa",143,6.4,"CP"
"23D","NR","Pleiocarpidia sandakanica","RUBIACEAE","Pleiocarpidia","sandakanica",143,6.3,"CP"
"23D","NR","Pleiocarpidia sandakanica","RUBIACEAE","Pleiocarpidia","sandakanica",131,4.5,"CP"
"23D","NR","Symplocos fasciculata","SYMPLOCACEAE","Symplocos","fasciculata",165,6.2,"CP"
"23D","NR","Pleiocarpidia sandakanica","RUBIACEAE","Pleiocarpidia","sandakanica",132,5.5,"CP"
"23D","NR","Symplocos fasciculata","SYMPLOCACEAE","Symplocos","fasciculata",174,9.1,"CP"
"23D","NR","Pleiocarpidia sandakanica","RUBIACEAE","Pleiocarpidia","sandakanica",161,6,"CP"
"23D","NR","Pleiocarpidia sandakanica","RUBIACEAE","Pleiocarpidia","sandakanica",172,9.5,"CP"
"23D","NR","Pleiocarpidia sandakanica","RUBIACEAE","Pleiocarpidia","sandakanica",213,10.3,"CP"
"23D","NR","Diplospora malaccensis","RUBIACEAE","Diplospora","malaccensis",147,9.7,"CP"
"23D","NR","Pleiocarpidia sandakanica","RUBIACEAE","Pleiocarpidia","sandakanica",132,7.8,"CP"
"23D","NR","Vitex pinnata","LAMIACEAE","Vitex","pinnata",157,12.3,"CP"
"23D","NR","Pleiocarpidia sandakanica","RUBIACEAE","Pleiocarpidia","sandakanica",122,6.9,"CP"
"23D","NR","Duabanga moluccana","SONNERATIACEAE","Duabanga","moluccana",795,46.9,"CP"
"23D","NR","Glochidion elmari","PHYLLANTHACEAE","Glochidion","elmari",109,9,"CP"
"23D","NR","Symplocos fasciculata","SYMPLOCACEAE","Symplocos","fasciculata",124,9.9,"CP"
"23D","NR","Symplocos fasciculata","SYMPLOCACEAE","Symplocos","fasciculata",131,5.1,"CP"
"23D","NR","Symplocos fasciculata","SYMPLOCACEAE","Symplocos","fasciculata",121,5.1,"CP"
"23D","NR","Chionanthus pluriflorus","OLEACEAE","Chionanthus","pluriflorus",101,8.1,"CP"
"23D","NR","Pleiocarpidia sandakanica","RUBIACEAE","Pleiocarpidia","sandakanica",150,10.2,"CP"
"23D","NR","Nauclea sp1","RUBIACEAE","Nauclea","sp1",120,7.5,"CP"
"23D","NR","Pleiocarpidia sandakanica","RUBIACEAE","Pleiocarpidia","sandakanica",100,5.5,"CP"
"23D","NR","Symplocos fasciculata","SYMPLOCACEAE","Symplocos","fasciculata",359,6.3,"CP"
"23D","NR","Symplocos fasciculata","SYMPLOCACEAE","Symplocos","fasciculata",186,8.7,"CP"
"23D","NR","Pleiocarpidia sandakanica","RUBIACEAE","Pleiocarpidia","sandakanica",162,7.2,"CP"
"23D","NR","Pleiocarpidia sandakanica","RUBIACEAE","Pleiocarpidia","sandakanica",118,3.7,"CP"
"23D","NR","Litsea angulata","LAURACEAE","Litsea","angulata",178,7.2,"CP"
"23D","NR","Pterospermum javanicum","MALVACEAE","Pterospermum","javanicum",193,7.1,"CP"
"23D","NR","Diospyros andamanica","EBENACEAE","Diospyros","andamanica",136,5.9,"CP"
"23D","NR","Canarium decumanum","BURSERACEAE","Canarium","decumanum",127,9.2,"CP"
"23D","NR","Litsea angulata","LAURACEAE","Litsea","angulata",150,7.6,"CP"
"23D","NR","Pleiocarpidia sandakanica","RUBIACEAE","Pleiocarpidia","sandakanica",148,7.1,"CP"
"23D","NR","Pleiocarpidia sandakanica","RUBIACEAE","Pleiocarpidia","sandakanica",129,7.1,"CP"
"23D","NR","Pleiocarpidia sandakanica","RUBIACEAE","Pleiocarpidia","sandakanica",122,7.2,"CP"
"23D","NR","Pleiocarpidia sandakanica","RUBIACEAE","Pleiocarpidia","sandakanica",102,6.7,"CP"
"23D","NR","Chisocheton macranthus","MELIACEAE","Chisocheton","macranthus",118,9.6,"CP"
"23D","NR","Pterospermum javanicum","MALVACEAE","Pterospermum","javanicum",246,11.2,"CP"
"23D","NR","Pterospermum javanicum","MALVACEAE","Pterospermum","javanicum",206,9.5,"CP"
"23D","NR","Symplocos fasciculata","SYMPLOCACEAE","Symplocos","fasciculata",132,6.1,"CP"
"23D","NR","Chionanthus pluriflorus","OLEACEAE","Chionanthus","pluriflorus",104,7.7,"CP"
"23D","NR","Pleiocarpidia sandakanica","RUBIACEAE","Pleiocarpidia","sandakanica",207,6.7,"CP"
"23D","NR","Pterospermum javanicum","MALVACEAE","Pterospermum","javanicum",212,9.7,"CP"
"23D","NR","Pleiocarpidia sandakanica","RUBIACEAE","Pleiocarpidia","sandakanica",220,13.3,"CP"
"23D","NR","Pleiocarpidia sandakanica","RUBIACEAE","Pleiocarpidia","sandakanica",128,9.3,"CP"
"23D","NR","Pleiocarpidia sandakanica","RUBIACEAE","Pleiocarpidia","sandakanica",326,10.3,"CP"
"23D","NR","Elaeocarpus stipularis","ELAEOCARPACEAE","Elaeocarpus","stipularis",225,15.1,"CP"
"23D","NR","Pleiocarpidia sandakanica","RUBIACEAE","Pleiocarpidia","sandakanica",147,6.3,"CP"
"23D","NR","Pleiocarpidia sandakanica","RUBIACEAE","Pleiocarpidia","sandakanica",177,9.3,"CP"
"23D","NR","Pleiocarpidia sandakanica","RUBIACEAE","Pleiocarpidia","sandakanica",190,10.9,"CP"
"23D","NR","Pleiocarpidia sandakanica","RUBIACEAE","Pleiocarpidia","sandakanica",109,10.2,"CP"
"23D","NR","Pleiocarpidia sandakanica","RUBIACEAE","Pleiocarpidia","sandakanica",243,10.1,"CP"
"23D","NR","Nauclea sp1","RUBIACEAE","Nauclea","sp1",396,23.2,"CP"
"23D","NR","Pleiocarpidia sandakanica","RUBIACEAE","Pleiocarpidia","sandakanica",189,12.2,"CP"
"23D","NR","Pleiocarpidia sandakanica","RUBIACEAE","Pleiocarpidia","sandakanica",194,15.6,"CP"
"23D","NR","Pleiocarpidia sandakanica","RUBIACEAE","Pleiocarpidia","sandakanica",212,11.9,"CP"
"23D","NR","Glochidion elmari","PHYLLANTHACEAE","Glochidion","elmari",195,12.2,"CP"
"23D","NR","Pleiocarpidia sandakanica","RUBIACEAE","Pleiocarpidia","sandakanica",161,8.4,"CP"
"23D","NR","Pleiocarpidia sandakanica","RUBIACEAE","Pleiocarpidia","sandakanica",182,9.6,"CP"
"23D","NR","Neesia synandra","MALVACEAE","Neesia","synandra",162,12.1,"CP"
"23D","NR","Aglaia tomentosa","MELIACEAE","Aglaia","tomentosa",190,13.7,"CP"
"23D","NR","Vitex pinnata","LAMIACEAE","Vitex","pinnata",159,16.3,"CP"
"23D","NR","Pleiocarpidia sandakanica","RUBIACEAE","Pleiocarpidia","sandakanica",135,9.2,"CP"
"23D","NR","Nauclea sp1","RUBIACEAE","Nauclea","sp1",134,12.6,"CP"
"23D","NR","Pternandra coerulescens","MELASTOMATACEAE","Pternandra","coerulescens",142,7.7,"CP"
"23D","NR","Koompassia excelsa","FABACEAE","Koompassia","excelsa",127,16,"CP"
"23D","NR","Nauclea sp1","RUBIACEAE","Nauclea","sp1",287,21.6,"CP"
"23D","NR","Dimocarpus longan","SAPINDACEAE","Dimocarpus","longan",181,11.3,"CP"
"23D","NR","Nauclea sp1","RUBIACEAE","Nauclea","sp1",242,13.9,"CP"
"23D","NR","Pleiocarpidia sandakanica","RUBIACEAE","Pleiocarpidia","sandakanica",173,11.7,"CP"
"23D","NR","Unknown unknown mixed","MELIACEAE","Unknown","unknown mixed",138,9.1,"CP"
"23D","NR","Dimocarpus longan","SAPINDACEAE","Dimocarpus","longan",137,11.6,"CP"
"23D","NR","Symplocos fasciculata","SYMPLOCACEAE","Symplocos","fasciculata",184,8.9,"CP"
"23D","NR","Symplocos fasciculata","SYMPLOCACEAE","Symplocos","fasciculata",147,9.5,"CP"
"23D","NR","Endospermum diadenum","EUPHORBIACEAE","Endospermum","diadenum",468,13.3,"CP"
"23D","NR","Pleiocarpidia sandakanica","RUBIACEAE","Pleiocarpidia","sandakanica",162,5.3,"CP"
"23D","NR","Symplocos fasciculata","SYMPLOCACEAE","Symplocos","fasciculata",128,7.3,"CP"
"23D","NR","Pleiocarpidia sandakanica","RUBIACEAE","Pleiocarpidia","sandakanica",177,13.6,"CP"
"23D","NR","Symplocos fasciculata","SYMPLOCACEAE","Symplocos","fasciculata",185,14.1,"CP"
"24D","NR","Croton argyratus","EUPHORBIACEAE","Croton","argyratus",215,10.4,"CP"
"24D","NR","Croton argyratus","EUPHORBIACEAE","Croton","argyratus",150,9.8,"CP"
"24D","NR","Diospyros tuberculata","EBENACEAE","Diospyros","tuberculata",125,8.2,"CP"
"24D","NR","Symplocos fasciculata","SYMPLOCACEAE","Symplocos","fasciculata",180,2.3,"CP"
"24D","NR","Diospyros frutescens","EBENACEAE","Diospyros","frutescens",146,9.2,"CP"
"24D","NR","Chisocheton macranthus","MELIACEAE","Chisocheton","macranthus",233,10.1,"CP"
"24D","NR","Pterospermum unknown mixed","MALVACEAE","Pterospermum","unknown mixed",178,3.5,"CP"
"24D","NR","Pterospermum unknown mixed","MALVACEAE","Pterospermum","unknown mixed",130,3.5,"CP"
"24D","NR","Pterospermum unknown mixed","MALVACEAE","Pterospermum","unknown mixed",200,4.3,"CP"
"24D","NR","Pterospermum unknown mixed","MALVACEAE","Pterospermum","unknown mixed",115,6.2,"CP"
"24D","NR","Artocarpus anisophyllus","MORACEAE","Artocarpus","anisophyllus",219,16.6,"CP"
"24D","NR","Alangium javanicum","ALANGIACEAE","Alangium","javanicum",147,13.9,"CP"
"24D","NR","Scaphium macropodum","MALVACEAE","Scaphium","macropodum",170,14.1,"CP"
"24D","NR","Alangium javanicum","ALANGIACEAE","Alangium","javanicum",198,18.8,"CP"
"24D","NR","Diospyros tuberculata","EBENACEAE","Diospyros","tuberculata",200,13.2,"CP"
"24D","NR","Diospyros tuberculata","EBENACEAE","Diospyros","tuberculata",165,12.4,"CP"
"24D","NR","Unknown unknown mixed","MELIACEAE","Unknown","unknown mixed",130,7.4,"CP"
"24D","NR","Unknown unknown mixed","MELIACEAE","Unknown","unknown mixed",271,14.4,"CP"
"24D","NR","Canarium denticulatum","BURSERACEAE","Canarium","denticulatum",139,11.6,"CP"
"24D","NR","Ptychopyxis arborea","EUPHORBIACEAE","Ptychopyxis","arborea",105,10.6,"CP"
"24D","NR","Alangium javanicum","ALANGIACEAE","Alangium","javanicum",244,18.5,"CP"
"24D","NR","Ormosia bancana","FABACEAE","Ormosia","bancana",107,12,"CP"
"24D","NR","Unknown unknown mixed","MELIACEAE","Unknown","unknown mixed",155,10.3,"CP"
"24D","NR","Buchanania sessilifolia","ANACARDIACEAE","Buchanania","sessilifolia",260,18.7,"CP"
"24D","NR","Aporusa frutescens","PHYLLANTHACEAE","Aporusa","frutescens",129,9.7,"CP"
"24D","NR","Alangium javanicum","ALANGIACEAE","Alangium","javanicum",153,12.3,"CP"
"24D","NR","Hopea sangal","DIPTEROCARPACEAE","Hopea","sangal",263,19.5,"CP"
"24D","NR","Diospyros frutescens","EBENACEAE","Diospyros","frutescens",111,11,"CP"
"24D","NR","Croton argyratus","EUPHORBIACEAE","Croton","argyratus",198,8.6,"CP"
"24D","NR","Pometia pinnata","SAPINDACEAE","Pometia","pinnata",290,17,"CP"
"24D","NR","Leea aculeata","LEEACEAE","Leea","aculeata",108,4,"CP"
"24D","NR","Pterospermum javanicum","MALVACEAE","Pterospermum","javanicum",438,10.9,"CP"
"24D","NR","Pterospermum javanicum","MALVACEAE","Pterospermum","javanicum",136,10.9,"CP"
"24D","NR","Croton argyratus","EUPHORBIACEAE","Croton","argyratus",143,10.3,"CP"
"24D","NR","Pterospermum javanicum","MALVACEAE","Pterospermum","javanicum",164,10.6,"CP"
"24D","NR","Pterospermum javanicum","MALVACEAE","Pterospermum","javanicum",126,10.6,"CP"
"24D","NR","Glochidion elmari","PHYLLANTHACEAE","Glochidion","elmari",122,6.1,"CP"
"24D","NR","Alangium javanicum","ALANGIACEAE","Alangium","javanicum",106,9,"CP"
"24D","NR","Paranephelium xestophyllum","SAPINDACEAE","Paranephelium","xestophyllum",105,6.6,"CP"
"24D","NR","Hopea nervosa","DIPTEROCARPACEAE","Hopea","nervosa",103,8.1,"CP"
"24D","NR","Dryobalanops lanceolata","DIPTEROCARPACEAE","Dryobalanops","lanceolata",722,27.9,"CP"
"24D","NR","Canarium odontophyllum","BURSERACEAE","Canarium","odontophyllum",200,13.1,"CP"
"24D","NR","Croton argyratus","EUPHORBIACEAE","Croton","argyratus",129,13.4,"CP"
"24D","NR","Macaranga hypoleuca","EUPHORBIACEAE","Macaranga","hypoleuca",113,5.6,"CP"
"24D","NR","Macaranga hypoleuca","EUPHORBIACEAE","Macaranga","hypoleuca",199,8.1,"CP"
"24D","NR","Lithocarpus unknown mixed","FAGACEAE","Lithocarpus","unknown mixed",459,26.7,"CP"
"24D","NR","Canarium denticulatum","BURSERACEAE","Canarium","denticulatum",170,13.4,"CP"
"24D","NR","Pterospermum javanicum","MALVACEAE","Pterospermum","javanicum",310,16.3,"CP"
"24D","NR","Chisocheton unknown mixed","MELIACEAE","Chisocheton","unknown mixed",360,22.1,"CP"
"24D","NR","Dysoxylum cyrtobotryum","MELIACEAE","Dysoxylum","cyrtobotryum",148,12.4,"CP"
"24D","NR","Pterospermum javanicum","MALVACEAE","Pterospermum","javanicum",215,9.5,"CP"
"24D","NR","Pterospermum javanicum","MALVACEAE","Pterospermum","javanicum",255,17.5,"CP"
"24D","NR","Pterospermum javanicum","MALVACEAE","Pterospermum","javanicum",175,15.6,"CP"
"24D","NR","Pterospermum javanicum","MALVACEAE","Pterospermum","javanicum",162,15.5,"CP"
"24D","NR","Unknown unknown mixed","MELIACEAE","Unknown","unknown mixed",507,25,"CP"
"24D","NR","Aglaia unknown mixed","MELIACEAE","Aglaia","unknown mixed",191,12.1,"CP"
"24D","NR","Mallotus species 1","EUPHORBIACEAE","Mallotus","species 1",126,9.2,"CP"
"24D","NR","Hopea sangal","DIPTEROCARPACEAE","Hopea","sangal",161,14.9,"CP"
"24D","NR","Blumeodendron tokbrai","EUPHORBIACEAE","Blumeodendron","tokbrai",205,17.4,"CP"
"24D","NR","Pometia pinnata","SAPINDACEAE","Pometia","pinnata",410,21.8,"CP"
"24D","NR","Melicope  unknown mixed","RUTACEAE","Melicope ","unknown mixed",173,9.9,"CP"
"24D","NR","Ficus unknown mixed","MORACEAE","Ficus","unknown mixed",685,22.4,"CP"
"24D","NR","Canarium denticulatum","BURSERACEAE","Canarium","denticulatum",501,35.3,"CP"
"24D","NR","Shorea johorensis","DIPTEROCARPACEAE","Shorea","johorensis",418,23.9,"CP"
"24D","NR","Dehaasia incrassata","LAURACEAE","Dehaasia","incrassata",127,12,"CP"
"24D","NR","Melicope  unknown mixed","RUTACEAE","Melicope ","unknown mixed",135,11.5,"CP"
"24D","NR","Dacryodes unknown mixed","BURSERACEAE","Dacryodes","unknown mixed",265,20.9,"CP"
"24D","NR","Pterospermum javanicum","MALVACEAE","Pterospermum","javanicum",683,38.2,"CP"
"24D","NR","Shorea unknown mixed","DIPTEROCARPACEAE","Shorea","unknown mixed",433,33.6,"CP"
"24D","NR","Unknown unknown mixed","LAURACEAE","Unknown","unknown mixed",194,12.7,"CP"
"24D","NR","Paranephelium xestophyllum","SAPINDACEAE","Paranephelium","xestophyllum",103,12.3,"CP"
"24D","NR","Paranephelium xestophyllum","SAPINDACEAE","Paranephelium","xestophyllum",205,20,"CP"
"24D","NR","Unknown unknown mixed","MELIACEAE","Unknown","unknown mixed",108,7.3,"CP"
"24D","NR","Diospyros andamanica","EBENACEAE","Diospyros","andamanica",802,18.1,"CP"
"25D","NR","Koilodepas longifolium","EUPHORBIACEAE","Koilodepas","longifolium",139,10.5,"CP"
"25D","NR","Lophopetalum javanicum","CELASTRACEAE","Lophopetalum","javanicum",409,39.9,"CP"
"25D","NR","Koilodepas longifolium","EUPHORBIACEAE","Koilodepas","longifolium",135,14.3,"CP"
"25D","NR","Dipterocarpus caudiferus","DIPTEROCARPACEAE","Dipterocarpus","caudiferus",295,21.3,"CP"
"25D","NR","Neoscortechinia kingii","EUPHORBIACEAE","Neoscortechinia","kingii",268,19.6,"CP"
"25D","NR","Barringtonia macrostachya","BARRINGTONIACEAE","Barringtonia","macrostachya",260,17,"CP"
"25D","NR","Aporusa falcifera","PHYLLANTHACEAE","Aporusa","falcifera",136,12.7,"CP"
"25D","NR","Koilodepas longifolium","EUPHORBIACEAE","Koilodepas","longifolium",105,8.6,"CP"
"25D","NR","Xanthophyllum unknown mixed","POLYGALACEAE","Xanthophyllum","unknown mixed",110,8.1,"CP"
"25D","NR","Mallotus wrayi","EUPHORBIACEAE","Mallotus","wrayi",102,5.4,"CP"
"25D","NR","Xanthophyllum unknown mixed","POLYGALACEAE","Xanthophyllum","unknown mixed",255,14.9,"CP"
"25D","NR","Dipterocarpus caudiferus","DIPTEROCARPACEAE","Dipterocarpus","caudiferus",632,30.3,"CP"
"25D","NR","Aporusa falcifera","PHYLLANTHACEAE","Aporusa","falcifera",244,16.7,"CP"
"25D","NR","Shorea parvifolia","DIPTEROCARPACEAE","Shorea","parvifolia",146,15.5,"CP"
"25D","NR","Koilodepas longifolium","EUPHORBIACEAE","Koilodepas","longifolium",135,14.1,"CP"
"25D","NR","Lithocarpus unknown mixed","FAGACEAE","Lithocarpus","unknown mixed",410,27.9,"CP"
"25D","NR","Xanthophyllum unknown mixed","POLYGALACEAE","Xanthophyllum","unknown mixed",194,17.4,"CP"
"25D","NR","Dipterocarpus caudiferus","DIPTEROCARPACEAE","Dipterocarpus","caudiferus",458,29.5,"CP"
"25D","NR","Madhuca korthalsii","SAPOTACEAE","Madhuca","korthalsii",176,16.6,"CP"
"25D","NR","Shorea parvifolia","DIPTEROCARPACEAE","Shorea","parvifolia",334,19.8,"CP"
"25D","NR","Dipterocarpus caudiferus","DIPTEROCARPACEAE","Dipterocarpus","caudiferus",605,24.9,"CP"
"25D","NR","Dipterocarpus caudiferus","DIPTEROCARPACEAE","Dipterocarpus","caudiferus",745,25.1,"CP"
"25D","NR","Dipterocarpus caudiferus","DIPTEROCARPACEAE","Dipterocarpus","caudiferus",164,19,"CP"
"25D","NR","Mallotus wrayi","EUPHORBIACEAE","Mallotus","wrayi",110,11.9,"CP"
"25D","NR","Reinwardtiodendron humile","MELIACEAE","Reinwardtiodendron","humile",136,16,"CP"
"25D","NR","Xanthophyllum unknown mixed","POLYGALACEAE","Xanthophyllum","unknown mixed",428,22,"CP"
"25D","NR","Shorea parvifolia","DIPTEROCARPACEAE","Shorea","parvifolia",253,21.8,"CP"
"25D","NR","Canarium denticulatum","BURSERACEAE","Canarium","denticulatum",885,44.5,"CP"
"25D","NR","Barringtonia macrostachya","BARRINGTONIACEAE","Barringtonia","macrostachya",244,20.1,"CP"
"25D","NR","Dimorphocalyx murinus","EUPHORBIACEAE","Dimorphocalyx","murinus",103,8.9,"CP"
"25D","NR","Reinwardtiodendron humile","MELIACEAE","Reinwardtiodendron","humile",281,14.9,"CP"
"25D","NR","Parashorea malaanonan","DIPTEROCARPACEAE","Parashorea","malaanonan",237,23.1,"CP"
"25D","NR","Koilodepas longifolium","EUPHORBIACEAE","Koilodepas","longifolium",120,6.7,"CP"
"25D","NR","Glochidion rubrum","PHYLLANTHACEAE","Glochidion","rubrum",133,14.6,"CP"
"25D","NR","Shorea ovalis","DIPTEROCARPACEAE","Shorea","ovalis",1125,43,"CP"
"25D","NR","Aporusa falcifera","PHYLLANTHACEAE","Aporusa","falcifera",143,16.8,"CP"
"25D","NR","Dipterocarpus caudiferus","DIPTEROCARPACEAE","Dipterocarpus","caudiferus",114,14.1,"CP"
"25D","NR","Horsfieldia polyspherula","MYRISTICACEAE","Horsfieldia","polyspherula",101,9.2,"CP"
"25D","NR","Aglaia silvestris","MELIACEAE","Aglaia","silvestris",209,16.3,"CP"
"25D","NR","Koilodepas longifolium","EUPHORBIACEAE","Koilodepas","longifolium",116,7.1,"CP"
"25D","NR","Mangifera unknown mixed","ANACARDIACEAE","Mangifera","unknown mixed",220,18.3,"CP"
"25D","NR","Lophopetalum javanicum","CELASTRACEAE","Lophopetalum","javanicum",154,12.1,"CP"
"25D","NR","Koilodepas longifolium","EUPHORBIACEAE","Koilodepas","longifolium",104,7,"CP"
"25D","NR","Canarium denticulatum","BURSERACEAE","Canarium","denticulatum",138,13.3,"CP"
"25D","NR","Litsea unknown mixed","LAURACEAE","Litsea","unknown mixed",258,18.8,"CP"
"25D","NR","Koilodepas longifolium","EUPHORBIACEAE","Koilodepas","longifolium",108,8,"CP"
"25D","NR","Aporusa elmeri","PHYLLANTHACEAE","Aporusa","elmeri",175,14.2,"CP"
"25D","NR","Canarium denticulatum","BURSERACEAE","Canarium","denticulatum",553,22.4,"CP"
"25D","NR","Lophopetalum javanicum","CELASTRACEAE","Lophopetalum","javanicum",320,20.4,"CP"
"25D","NR","Koilodepas longifolium","EUPHORBIACEAE","Koilodepas","longifolium",105,8.8,"CP"
"25D","NR","Mallotus wrayi","EUPHORBIACEAE","Mallotus","wrayi",107,9.9,"CP"
"25D","NR","Fordia brachybotrys","FABACEAE","Fordia","brachybotrys",131,8.5,"CP"
"25D","NR","Dipterocarpus caudiferus","DIPTEROCARPACEAE","Dipterocarpus","caudiferus",108,10.5,"CP"
"25D","NR","Dimorphocalyx murinus","EUPHORBIACEAE","Dimorphocalyx","murinus",100,13.6,"CP"
"25D","NR","Barringtonia macrostachya","BARRINGTONIACEAE","Barringtonia","macrostachya",207,10.6,"CP"
"25D","NR","Mallotus wrayi","EUPHORBIACEAE","Mallotus","wrayi",111,7.4,"CP"
"25D","NR","Aporusa falcifera","PHYLLANTHACEAE","Aporusa","falcifera",132,11,"CP"
"25D","NR","Macaranga pearsonii","EUPHORBIACEAE","Macaranga","pearsonii",380,30.6,"CP"
"25D","NR","Lithocarpus unknown mixed","FAGACEAE","Lithocarpus","unknown mixed",285,19.6,"CP"
"25D","NR","Macaranga hypoleuca","EUPHORBIACEAE","Macaranga","hypoleuca",162,18.6,"CP"
"25D","NR","Macaranga pearsonii","EUPHORBIACEAE","Macaranga","pearsonii",469,19.1,"CP"
"25D","NR","Macaranga pearsonii","EUPHORBIACEAE","Macaranga","pearsonii",317,17.1,"CP"
"25D","NR","Glochidion rubrum","PHYLLANTHACEAE","Glochidion","rubrum",158,11,"CP"
"25D","NR","Dimorphocalyx murinus","EUPHORBIACEAE","Dimorphocalyx","murinus",108,11.5,"CP"
"25D","NR","Lophopetalum javanicum","CELASTRACEAE","Lophopetalum","javanicum",146,8.8,"CP"
"25D","NR","Dipterocarpus caudiferus","DIPTEROCARPACEAE","Dipterocarpus","caudiferus",496,30.7,"CP"
"25D","NR","Lophopetalum javanicum","CELASTRACEAE","Lophopetalum","javanicum",144,11.5,"CP"
"25D","NR","Lithocarpus gracilis","FAGACEAE","Lithocarpus","gracilis",165,17.8,"CP"
"25D","NR","Lophopetalum javanicum","CELASTRACEAE","Lophopetalum","javanicum",109,9.9,"CP"
"25D","NR","Mangifera foetida","ANACARDIACEAE","Mangifera","foetida",465,23.2,"CP"
"25D","NR","Shorea leprosula","DIPTEROCARPACEAE","Shorea","leprosula",151,16.5,"CP"
"25D","NR","Shorea johorensis","DIPTEROCARPACEAE","Shorea","johorensis",102,13.1,"CP"
"25D","NR","Glochidion elmari","PHYLLANTHACEAE","Glochidion","elmari",113,10.5,"CP"
"25D","NR","Syzygium unknown mixed","MYRTACEAE","Syzygium","unknown mixed",137,10.1,"CP"
"25D","NR","Knema latericia","MYRISTICACEAE","Knema","latericia",113,8.3,"CP"
"25D","NR","Microcos ossea","MALVACEAE","Microcos","ossea",164,12.5,"CP"
"25D","NR","Lophopetalum javanicum","CELASTRACEAE","Lophopetalum","javanicum",211,20.4,"CP"
"25D","NR","Syzygium unknown mixed","MYRTACEAE","Syzygium","unknown mixed",105,14.9,"CP"
"25D","NR","Shorea parvifolia","DIPTEROCARPACEAE","Shorea","parvifolia",634,52.5,"CP"
"25D","NR","Syzygium unknown mixed","MYRTACEAE","Syzygium","unknown mixed",380,22.8,"CP"
"25D","NR","Lithocarpus ewyckii","FAGACEAE","Lithocarpus","ewyckii",131,14.8,"CP"
"25D","NR","Reinwardtiodendron humile","MELIACEAE","Reinwardtiodendron","humile",144,13.1,"CP"
"25D","NR","Adenanthera kostermansii","FABACEAE","Adenanthera","kostermansii",253,32.6,"CP"
"25D","NR","Mallotus wrayi","EUPHORBIACEAE","Mallotus","wrayi",105,13.2,"CP"
"25D","NR","Parashorea tomentella","DIPTEROCARPACEAE","Parashorea","tomentella",195,22.8,"CP"
"25D","NR","Shorea parvifolia","DIPTEROCARPACEAE","Shorea","parvifolia",489,52.9,"CP"
"25D","NR","Baccaurea tetrandra","PHYLLANTHACEAE","Baccaurea","tetrandra",146,7.7,"CP"
"25D","NR","Canarium unknown mixed","BURSERACEAE","Canarium","unknown mixed",250,23.5,"CP"
"25D","NR","Castanopsis motleyana","FAGACEAE","Castanopsis","motleyana",207,36.4,"CP"
"25D","NR","Neoscortechinia kingii","EUPHORBIACEAE","Neoscortechinia","kingii",104,7.1,"CP"
"25D","NR","Alangium javanicum","ALANGIACEAE","Alangium","javanicum",402,19.6,"CP"
"25D","NR","Lophopetalum javanicum","CELASTRACEAE","Lophopetalum","javanicum",237,25.2,"CP"
"25D","NR","Aporusa elmeri","PHYLLANTHACEAE","Aporusa","elmeri",234,24.2,"CP"
"25D","NR","Lophopetalum javanicum","CELASTRACEAE","Lophopetalum","javanicum",209,25.5,"CP"
"25D","NR","Dipterocarpus caudiferus","DIPTEROCARPACEAE","Dipterocarpus","caudiferus",133,14.7,"CP"
"25D","NR","Shorea parvifolia","DIPTEROCARPACEAE","Shorea","parvifolia",726,44.6,"CP"
"25D","NR","Lithocarpus gracilis","FAGACEAE","Lithocarpus","gracilis",240,17.7,"CP"
"25D","NR","Anisophyllea cornerii","ANISOPHYLLEACEAE","Anisophyllea","cornerii",213,17.5,"CP"
"25D","NR","Koilodepas longifolium","EUPHORBIACEAE","Koilodepas","longifolium",143,12.1,"CP"
"25D","NR","Shorea parvifolia","DIPTEROCARPACEAE","Shorea","parvifolia",367,38.3,"CP"
"25D","NR","Dimorphocalyx murinus","EUPHORBIACEAE","Dimorphocalyx","murinus",113,11.8,"CP"
"25D","NR","Shorea parvifolia","DIPTEROCARPACEAE","Shorea","parvifolia",221,29.5,"CP"
"25D","NR","Shorea johorensis","DIPTEROCARPACEAE","Shorea","johorensis",206,18.5,"CP"
"25D","NR","Shorea argentifolia","DIPTEROCARPACEAE","Shorea","argentifolia",378,27.7,"CP"
"25D","NR","Cleistanthus unknown mixed","PHYLLANTHACEAE","Cleistanthus","unknown mixed",105,4.4,"CP"
"25D","NR","Koilodepas longifolium","EUPHORBIACEAE","Koilodepas","longifolium",178,12,"CP"
"25D","NR","Shorea parvifolia","DIPTEROCARPACEAE","Shorea","parvifolia",164,18.3,"CP"
"25D","NR","Lithocarpus gracilis","FAGACEAE","Lithocarpus","gracilis",217,11.9,"CP"
"25D","NR","Castanopsis hypophoenicea","FAGACEAE","Castanopsis","hypophoenicea",246,10,"CP"
"25D","NR","Shorea parvifolia","DIPTEROCARPACEAE","Shorea","parvifolia",194,12.5,"CP"
"25D","NR","Lithocarpus gracilis","FAGACEAE","Lithocarpus","gracilis",209,12.2,"CP"
"25D","NR","Hopea nervosa","DIPTEROCARPACEAE","Hopea","nervosa",107,8.6,"CP"
"25D","NR","Lithocarpus gracilis","FAGACEAE","Lithocarpus","gracilis",225,15,"CP"
"25D","NR","Dipterocarpus unknown mixed","DIPTEROCARPACEAE","Dipterocarpus","unknown mixed",211,15.1,"CP"
"25D","NR","Shorea parvifolia","DIPTEROCARPACEAE","Shorea","parvifolia",171,17.6,"CP"
"25D","NR","Koilodepas longifolium","EUPHORBIACEAE","Koilodepas","longifolium",104,7.6,"CP"
"25D","NR","Xanthophyllum unknown mixed","POLYGALACEAE","Xanthophyllum","unknown mixed",340,19.8,"CP"
"25D","NR","Dipterocarpus caudiferus","DIPTEROCARPACEAE","Dipterocarpus","caudiferus",781,38.4,"CP"
"25D","NR","Glochidion lanceisepalum","PHYLLANTHACEAE","Glochidion","lanceisepalum",107,9.3,"CP"
"25D","NR","Macaranga pearsonii","EUPHORBIACEAE","Macaranga","pearsonii",379,17.4,"CP"
"25D","NR","Dillenia species 1","DILLENIACEAE","Dillenia","species 1",120,6.4,"CP"
"25D","NR","Pternandra coerulescens","MELASTOMATACEAE","Pternandra","coerulescens",107,6.8,"CP"
"25D","NR","Dipterocarpus caudiferus","DIPTEROCARPACEAE","Dipterocarpus","caudiferus",342,25.3,"CP"
"25D","NR","Shorea argentifolia","DIPTEROCARPACEAE","Shorea","argentifolia",264,13.6,"CP"
"25D","NR","Shorea argentifolia","DIPTEROCARPACEAE","Shorea","argentifolia",317,21.9,"CP"
"25D","NR","Dipterocarpus caudiferus","DIPTEROCARPACEAE","Dipterocarpus","caudiferus",262,28.8,"CP"
"25D","NR","Knema elmeri","MYRISTICACEAE","Knema","elmeri",190,15.7,"CP"
"25D","NR","Neoscortechinia kingii","EUPHORBIACEAE","Neoscortechinia","kingii",195,18.6,"CP"
"25D","NR","Lithocarpus gracilis","FAGACEAE","Lithocarpus","gracilis",226,13.1,"CP"
"25D","NR","Dipterocarpus caudiferus","DIPTEROCARPACEAE","Dipterocarpus","caudiferus",488,23.9,"CP"
"25D","NR","Peltophorum racemosum","FABACEAE","Peltophorum","racemosum",293,19.4,"CP"
"25D","NR","Glochidion rubrum","PHYLLANTHACEAE","Glochidion","rubrum",133,14.4,"CP"
"25D","NR","Shorea argentifolia","DIPTEROCARPACEAE","Shorea","argentifolia",136,14.8,"CP"
"25D","NR","Pternandra coerulescens","MELASTOMATACEAE","Pternandra","coerulescens",114,8.2,"CP"
"25D","NR","Pternandra coerulescens","MELASTOMATACEAE","Pternandra","coerulescens",122,10.2,"CP"
"25D","NR","Shorea leprosula","DIPTEROCARPACEAE","Shorea","leprosula",229,14.6,"CP"
"25D","NR","Pternandra coerulescens","MELASTOMATACEAE","Pternandra","coerulescens",102,7.3,"CP"
"25D","NR","Pternandra coerulescens","MELASTOMATACEAE","Pternandra","coerulescens",162,9.2,"CP"
"25D","NR","Phaleria  capitata","THYMELAEACEAE","Phaleria ","capitata",124,10.9,"CP"
"26D","NR","Gironniera nervosa","ULMACEAE","Gironniera","nervosa",115,14.3,"CP"
"26D","NR","Alangium javanicum","ALANGIACEAE","Alangium","javanicum",478,30.2,"CP"
"26D","NR","Alangium javanicum","ALANGIACEAE","Alangium","javanicum",580,20.2,"CP"
"26D","NR","Gironniera nervosa","ULMACEAE","Gironniera","nervosa",169,12.1,"CP"
"26D","NR","Calophyllum soulattri","CALOPHYLLACEAE","Calophyllum","soulattri",146,17.8,"CP"
"26D","NR","Koilodepas longifolium","EUPHORBIACEAE","Koilodepas","longifolium",139,11.2,"CP"
"26D","NR","Knema pectinata","MYRISTICACEAE","Knema","pectinata",110,12.4,"CP"
"26D","NR","Dipterocarpus caudiferus","DIPTEROCARPACEAE","Dipterocarpus","caudiferus",113,14.7,"CP"
"26D","NR","Dipterocarpus caudiferus","DIPTEROCARPACEAE","Dipterocarpus","caudiferus",570,36.5,"CP"
"26D","NR","Pentace laxiflora","MALVACEAE","Pentace","laxiflora",328,24,"CP"
"26D","NR","Reinwardtiodendron humile","MELIACEAE","Reinwardtiodendron","humile",204,23.8,"CP"
"26D","NR","Shorea fallax","DIPTEROCARPACEAE","Shorea","fallax",893,31,"CP"
"26D","NR","Litsea unknown mixed","LAURACEAE","Litsea","unknown mixed",218,14.2,"CP"
"26D","NR","Parashorea malaanonan","DIPTEROCARPACEAE","Parashorea","malaanonan",205,24.1,"CP"
"26D","NR","Mallotus wrayi","EUPHORBIACEAE","Mallotus","wrayi",113,14.3,"CP"
"26D","NR","Gironniera nervosa","ULMACEAE","Gironniera","nervosa",215,15.6,"CP"
"26D","NR","Parashorea malaanonan","DIPTEROCARPACEAE","Parashorea","malaanonan",257,21.1,"CP"
"26D","NR","Mallotus wrayi","EUPHORBIACEAE","Mallotus","wrayi",129,11,"CP"
"26D","NR","Mallotus wrayi","EUPHORBIACEAE","Mallotus","wrayi",124,9.5,"CP"
"26D","NR","Xanthophyllum unknown mixed","POLYGALACEAE","Xanthophyllum","unknown mixed",107,10.6,"CP"
"26D","NR","Dimorphocalyx murinus","EUPHORBIACEAE","Dimorphocalyx","murinus",177,16.4,"CP"
"26D","NR","Pentace laxiflora","MALVACEAE","Pentace","laxiflora",587,32.1,"CP"
"26D","NR","Microcos crassifolia","MALVACEAE","Microcos","crassifolia",225,16.1,"CP"
"26D","NR","Syzygium unknown mixed","MYRTACEAE","Syzygium","unknown mixed",234,16.9,"CP"
"26D","NR","Canarium unknown mixed","BURSERACEAE","Canarium","unknown mixed",243,21,"CP"
"26D","NR","Canarium odontophyllum","BURSERACEAE","Canarium","odontophyllum",529,32.1,"CP"
"26D","NR","Koilodepas longifolium","EUPHORBIACEAE","Koilodepas","longifolium",115,10.3,"CP"
"26D","NR","Diospyros elliptifolia","EBENACEAE","Diospyros","elliptifolia",112,20.2,"CP"
"26D","NR","Koilodepas longifolium","EUPHORBIACEAE","Koilodepas","longifolium",123,12.7,"CP"
"26D","NR","Lithocarpus gracilis","FAGACEAE","Lithocarpus","gracilis",240,18.5,"CP"
"26D","NR","Dipterocarpus caudiferus","DIPTEROCARPACEAE","Dipterocarpus","caudiferus",217,23.8,"CP"
"26D","NR","Koilodepas longifolium","EUPHORBIACEAE","Koilodepas","longifolium",150,12.5,"CP"
"26D","NR","Scorodocarpus borneensis","OLACACEAE","Scorodocarpus","borneensis",259,14.4,"CP"
"26D","NR","Canarium denticulatum","BURSERACEAE","Canarium","denticulatum",487,30.2,"CP"
"26D","NR","Unknown unknown mixed","LAURACEAE","Unknown","unknown mixed",584,22,"CP"
"26D","NR","Scorodocarpus borneensis","OLACACEAE","Scorodocarpus","borneensis",178,16.3,"CP"
"26D","NR","Xanthophyllum unknown mixed","POLYGALACEAE","Xanthophyllum","unknown mixed",145,10.9,"CP"
"26D","NR","Dimorphocalyx murinus","EUPHORBIACEAE","Dimorphocalyx","murinus",104,13.1,"CP"
"26D","NR","Shorea pauciflora","DIPTEROCARPACEAE","Shorea","pauciflora",537,28.1,"CP"
"26D","NR","Mallotus wrayi","EUPHORBIACEAE","Mallotus","wrayi",100,7.5,"CP"
"26D","NR","Syzygium unknown mixed","MYRTACEAE","Syzygium","unknown mixed",133,14,"CP"
"26D","NR","Syzygium unknown mixed","MYRTACEAE","Syzygium","unknown mixed",161,9.8,"CP"
"26D","NR","Unknown unknown mixed","ANNONACEAE","Unknown","unknown mixed",106,12.6,"CP"
"26D","NR","Unknown unknown mixed","MELIACEAE","Unknown","unknown mixed",116,11.8,"CP"
"26D","NR","Shorea parvifolia","DIPTEROCARPACEAE","Shorea","parvifolia",319,27.4,"CP"
"26D","NR","Shorea parvifolia","DIPTEROCARPACEAE","Shorea","parvifolia",337,26,"CP"
"26D","NR","Lophopetalum javanicum","CELASTRACEAE","Lophopetalum","javanicum",148,13.1,"CP"
"26D","NR","Taulama gitingensis","MAGNOLIACEAE","Taulama","gitingensis",165,16.4,"CP"
"26D","NR","Alangium javanicum","ALANGIACEAE","Alangium","javanicum",164,17.1,"CP"
"26D","NR","Nothaphoebe umbelliflora","LAURACEAE","Nothaphoebe","umbelliflora",290,19,"CP"
"26D","NR","Syzygium unknown mixed","MYRTACEAE","Syzygium","unknown mixed",320,22.1,"CP"
"26D","NR","Pentace laxiflora","MALVACEAE","Pentace","laxiflora",132,27.8,"CP"
"26D","NR","Barringtonia lanceolata","BARRINGTONIACEAE","Barringtonia","lanceolata",133,11.1,"CP"
"26D","NR","Microcos ossea","MALVACEAE","Microcos","ossea",190,10.6,"CP"
"26D","NR","Xanthophyllum unknown mixed","POLYGALACEAE","Xanthophyllum","unknown mixed",107,9.8,"CP"
"26D","NR","Payena unknown mixed","SAPOTACEAE","Payena","unknown mixed",122,10.1,"CP"
"26D","NR","Gironniera nervosa","ULMACEAE","Gironniera","nervosa",120,12.9,"CP"
"26D","NR","Walsura pinnata","MELIACEAE","Walsura","pinnata",162,12.8,"CP"
"26D","NR","Shorea parvifolia","DIPTEROCARPACEAE","Shorea","parvifolia",988,38.4,"CP"
"26D","NR","Gironniera nervosa","ULMACEAE","Gironniera","nervosa",140,12.8,"CP"
"26D","NR","Gironniera nervosa","ULMACEAE","Gironniera","nervosa",124,6.6,"CP"
"26D","NR","Gironniera nervosa","ULMACEAE","Gironniera","nervosa",156,9.7,"CP"
"26D","NR","Madhuca korthalsii","SAPOTACEAE","Madhuca","korthalsii",112,8.5,"CP"
"26D","NR","Shorea fallax","DIPTEROCARPACEAE","Shorea","fallax",340,18.9,"CP"
"26D","NR","Hydnocarpus anomalus","ACHARIACEAE","Hydnocarpus","anomalus",234,28,"CP"
"26D","NR","Syzygium unknown mixed","MYRTACEAE","Syzygium","unknown mixed",107,12.1,"CP"
"26D","NR","Scaphium macropodum","MALVACEAE","Scaphium","macropodum",167,17.5,"CP"
"26D","NR","Hopea nervosa","DIPTEROCARPACEAE","Hopea","nervosa",379,31.2,"CP"
"26D","NR","Barringtonia lanceolata","BARRINGTONIACEAE","Barringtonia","lanceolata",265,17.3,"CP"
"26D","NR","Hopea nervosa","DIPTEROCARPACEAE","Hopea","nervosa",242,22,"CP"
"26D","NR","Barringtonia macrostachya","BARRINGTONIACEAE","Barringtonia","macrostachya",120,8,"CP"
"26D","NR","Walsura pinnata","MELIACEAE","Walsura","pinnata",199,18.4,"CP"
"26D","NR","Koilodepas longifolium","EUPHORBIACEAE","Koilodepas","longifolium",172,17.8,"CP"
"26D","NR","Shorea fallax","DIPTEROCARPACEAE","Shorea","fallax",632,26.9,"CP"
"26D","NR","Hopea nervosa","DIPTEROCARPACEAE","Hopea","nervosa",130,16.7,"CP"
"26D","NR","Syzygium unknown mixed","MYRTACEAE","Syzygium","unknown mixed",318,27.9,"CP"
"26D","NR","Koilodepas longifolium","EUPHORBIACEAE","Koilodepas","longifolium",108,8,"CP"
"26D","NR","Dimorphocalyx murinus","EUPHORBIACEAE","Dimorphocalyx","murinus",126,11.2,"CP"
"26D","NR","Shorea parvifolia","DIPTEROCARPACEAE","Shorea","parvifolia",837,40.1,"CP"
"26D","NR","Pternandra coerulescens","MELASTOMATACEAE","Pternandra","coerulescens",151,5.8,"CP"
"26D","NR","Unknown unknown mixed","LIANA","Unknown","unknown mixed",127,11.2,"CP"
"26D","NR","Koilodepas longifolium","EUPHORBIACEAE","Koilodepas","longifolium",107,9,"CP"
"26D","NR","Hubera rumphii","ANNONACEAE","Hubera","rumphii",171,13.9,"CP"
"26D","NR","Mallotus species 1","EUPHORBIACEAE","Mallotus","species 1",161,12,"CP"
"26D","NR","Lophopetalum javanicum","CELASTRACEAE","Lophopetalum","javanicum",398,30.9,"CP"
"26D","NR","Koilodepas longifolium","EUPHORBIACEAE","Koilodepas","longifolium",147,10.5,"CP"
"26D","NR","Santiria laevigata","BURSERACEAE","Santiria","laevigata",108,11.8,"CP"
"26D","NR","Shorea parvifolia","DIPTEROCARPACEAE","Shorea","parvifolia",203,18.1,"CP"
"26D","NR","Lophopetalum javanicum","CELASTRACEAE","Lophopetalum","javanicum",131,12.9,"CP"
"26D","NR","Unknown unknown mixed","MELIACEAE","Unknown","unknown mixed",225,14.2,"CP"
"26D","NR","Koilodepas longifolium","EUPHORBIACEAE","Koilodepas","longifolium",105,7.2,"CP"
"26D","NR","Mallotus stipularis","EUPHORBIACEAE","Mallotus","stipularis",111,6.4,"CP"
"26D","NR","Knema pectinata","MYRISTICACEAE","Knema","pectinata",120,8.2,"CP"
"26D","NR","Diospyros cauliflora","EBENACEAE","Diospyros","cauliflora",137,9.2,"CP"
"26D","NR","Madhuca korthalsii","SAPOTACEAE","Madhuca","korthalsii",127,14.6,"CP"
"26D","NR","Neoscortechinia kingii","EUPHORBIACEAE","Neoscortechinia","kingii",161,10.9,"CP"
"26D","NR","Knema pectinata","MYRISTICACEAE","Knema","pectinata",124,8.7,"CP"
"26D","NR","Scaphium macropodum","MALVACEAE","Scaphium","macropodum",374,28.1,"CP"
"26D","NR","Koilodepas longifolium","EUPHORBIACEAE","Koilodepas","longifolium",139,8.4,"CP"
"26D","NR","Hopea nervosa","DIPTEROCARPACEAE","Hopea","nervosa",192,23.1,"CP"
"26D","NR","Koilodepas longifolium","EUPHORBIACEAE","Koilodepas","longifolium",118,10.6,"CP"
"26D","NR","Barringtonia macrostachya","BARRINGTONIACEAE","Barringtonia","macrostachya",440,21,"CP"
"26D","NR","Mallotus stipularis","EUPHORBIACEAE","Mallotus","stipularis",155,19.7,"CP"
"26D","NR","Lophopetalum javanicum","CELASTRACEAE","Lophopetalum","javanicum",211,22.1,"CP"
"26D","NR","Mallotus stipularis","EUPHORBIACEAE","Mallotus","stipularis",182,15.9,"CP"
"26D","NR","Pentace laxiflora","MALVACEAE","Pentace","laxiflora",215,26,"CP"
"26D","NR","Aporusa falcifera","PHYLLANTHACEAE","Aporusa","falcifera",160,12.9,"CP"
"26D","NR","Mallotus stipularis","EUPHORBIACEAE","Mallotus","stipularis",120,16.2,"CP"
"27D","AR","Mallotus species 1","EUPHORBIACEAE","Mallotus","species 1",122,10.8,"CP"
"27D","AR","Duabanga moluccana","SONNERATIACEAE","Duabanga","moluccana",680,35.7,"CP"
"27D","AR","Glochidion pubicapsa","PHYLLANTHACEAE","Glochidion","pubicapsa",219,17.3,"CP"
"27D","AR","Parashorea tomentella","DIPTEROCARPACEAE","Parashorea","tomentella",177,14.2,"CP"
"27D","AR","Mallotus lackeyi","EUPHORBIACEAE","Mallotus","lackeyi",112,9.7,"CP"
"27D","AR","Pterospermum javanicum","MALVACEAE","Pterospermum","javanicum",363,13.7,"CP"
"27D","AR","Canarium denticulatum","BURSERACEAE","Canarium","denticulatum",107,12.1,"CP"
"27D","AR","Pterospermum javanicum","MALVACEAE","Pterospermum","javanicum",283,14.2,"CP"
"27D","AR","Diospyros elliptifolia","EBENACEAE","Diospyros","elliptifolia",111,4.2,"CP"
"27D","AR","Diospyros tuberculata","EBENACEAE","Diospyros","tuberculata",118,7.7,"CP"
"27D","AR","Pterospermum javanicum","MALVACEAE","Pterospermum","javanicum",278,15.6,"CP"
"27D","AR","Litsea oppositifolia","LAURACEAE","Litsea","oppositifolia",149,13.1,"CP"
"27D","AR","Chisocheton macranthus","MELIACEAE","Chisocheton","macranthus",123,8.3,"CP"
"27D","AR","Chisocheton macranthus","MELIACEAE","Chisocheton","macranthus",186,12.9,"CP"
"27D","AR","Octomeles sumatrana","TETRAMELACEAE","Octomeles","sumatrana",1000,49.4,"CP"
"27D","AR","Dryobalanops lanceolata","DIPTEROCARPACEAE","Dryobalanops","lanceolata",1029,50,"CP"
"27D","AR","Chisocheton macranthus","MELIACEAE","Chisocheton","macranthus",182,12.7,"CP"
"27D","AR","Leea aculeata","LEEACEAE","Leea","aculeata",112,10.8,"CP"
"27D","AR","Diospyros tuberculata","EBENACEAE","Diospyros","tuberculata",127,13.8,"CP"
"27D","AR","Parashorea malaanonan","DIPTEROCARPACEAE","Parashorea","malaanonan",191,12.6,"CP"
"27D","AR","Octomeles sumatrana","TETRAMELACEAE","Octomeles","sumatrana",943,49,"CP"
"27D","AR","Octomeles sumatrana","TETRAMELACEAE","Octomeles","sumatrana",567,30,"CP"
"27D","AR","Chisocheton macranthus","MELIACEAE","Chisocheton","macranthus",200,9.4,"CP"
"27D","AR","Chisocheton macranthus","MELIACEAE","Chisocheton","macranthus",182,5,"CP"
"27D","AR","Chisocheton macranthus","MELIACEAE","Chisocheton","macranthus",151,14,"CP"
"27D","AR","Dimocarpus dentatus","SAPINDACEAE","Dimocarpus","dentatus",157,8.4,"CP"
"27D","AR","Dimocarpus dentatus","SAPINDACEAE","Dimocarpus","dentatus",110,6.3,"CP"
"27D","AR","Diospyros tuberculata","EBENACEAE","Diospyros","tuberculata",135,18.9,"CP"
"27D","AR","Octomeles sumatrana","TETRAMELACEAE","Octomeles","sumatrana",674,48.6,"CP"
"27D","AR","Octomeles sumatrana","TETRAMELACEAE","Octomeles","sumatrana",399,25.4,"CP"
"27D","AR","Chisocheton macranthus","MELIACEAE","Chisocheton","macranthus",397,15.6,"CP"
"27D","AR","Chisocheton macranthus","MELIACEAE","Chisocheton","macranthus",185,13.8,"CP"
"27D","AR","Chisocheton macranthus","MELIACEAE","Chisocheton","macranthus",141,6.9,"CP"
"27D","AR","Chisocheton macranthus","MELIACEAE","Chisocheton","macranthus",177,9.6,"CP"
"27D","AR","Chisocheton macranthus","MELIACEAE","Chisocheton","macranthus",122,7.1,"CP"
"27D","AR","Chisocheton macranthus","MELIACEAE","Chisocheton","macranthus",146,7.5,"CP"
"27D","AR","Ardisia  unknown mixed","PRIMULACEAE","Ardisia ","unknown mixed",199,11.5,"CP"
"27D","AR","Chisocheton macranthus","MELIACEAE","Chisocheton","macranthus",160,7,"CP"
"27D","AR","Chisocheton macranthus","MELIACEAE","Chisocheton","macranthus",115,6.8,"CP"
"27D","AR","Unknown unknown mixed","MELIACEAE","Unknown","unknown mixed",109,6.5,"CP"
"27D","AR","Brownlowia peltata","MALVACEAE","Brownlowia","peltata",110,6,"CP"
"27D","AR","Octomeles sumatrana","TETRAMELACEAE","Octomeles","sumatrana",751,31.4,"CP"
"27D","AR","Chisocheton macranthus","MELIACEAE","Chisocheton","macranthus",323,12.7,"CP"
"27D","AR","Chisocheton macranthus","MELIACEAE","Chisocheton","macranthus",320,15.9,"CP"
"27D","AR","Chisocheton macranthus","MELIACEAE","Chisocheton","macranthus",231,13.8,"CP"
"27D","AR","Chisocheton macranthus","MELIACEAE","Chisocheton","macranthus",229,11.1,"CP"
"27D","AR","Chisocheton macranthus","MELIACEAE","Chisocheton","macranthus",195,8.1,"CP"
"27D","AR","Chisocheton macranthus","MELIACEAE","Chisocheton","macranthus",119,8,"CP"
"27D","AR","Dimocarpus dentatus","SAPINDACEAE","Dimocarpus","dentatus",148,9.4,"CP"
"27D","AR","Dimocarpus dentatus","SAPINDACEAE","Dimocarpus","dentatus",146,7.5,"CP"
"27D","AR","Dimocarpus dentatus","SAPINDACEAE","Dimocarpus","dentatus",138,13.3,"CP"
"27D","AR","Dimocarpus dentatus","SAPINDACEAE","Dimocarpus","dentatus",117,6.9,"CP"
"27D","AR","Dimocarpus dentatus","SAPINDACEAE","Dimocarpus","dentatus",119,10.8,"CP"
"27D","AR","Chisocheton macranthus","MELIACEAE","Chisocheton","macranthus",204,9.2,"CP"
"27D","AR","Ardisia  colorata","PRIMULACEAE","Ardisia ","colorata",109,12.3,"CP"
"27D","AR","Pterospermum javanicum","MALVACEAE","Pterospermum","javanicum",397,28.7,"CP"
"27D","AR","Mallotus species 1","EUPHORBIACEAE","Mallotus","species 1",150,16,"CP"
"27D","AR","Mallotus species 1","EUPHORBIACEAE","Mallotus","species 1",142,15.3,"CP"
"27D","AR","Lansium domesticum","MELIACEAE","Lansium","domesticum",123,13.3,"CP"
"27D","AR","Parashorea malaanonan","DIPTEROCARPACEAE","Parashorea","malaanonan",262,18.6,"CP"
"27D","AR","Baccaurea tetrandra","PHYLLANTHACEAE","Baccaurea","tetrandra",164,14.2,"CP"
"27D","AR","Octomeles sumatrana","TETRAMELACEAE","Octomeles","sumatrana",789,43.2,"CP"
"27D","AR","Octomeles sumatrana","TETRAMELACEAE","Octomeles","sumatrana",451,31.8,"CP"
"27D","AR","Chisocheton macranthus","MELIACEAE","Chisocheton","macranthus",215,19.5,"CP"
"27D","AR","Dehaasia incrassata","LAURACEAE","Dehaasia","incrassata",253,15.1,"CP"
"27D","AR","Microcos crassifolia","MALVACEAE","Microcos","crassifolia",223,23.1,"CP"
"27D","AR","Parashorea malaanonan","DIPTEROCARPACEAE","Parashorea","malaanonan",160,16.4,"CP"
"27D","AR","Azadirachta excelsa","MELIACEAE","Azadirachta","excelsa",245,28.7,"CP"
"27D","AR","Dimocarpus longan","SAPINDACEAE","Dimocarpus","longan",274,16.3,"CP"
"27D","AR","Diospyros tuberculata","EBENACEAE","Diospyros","tuberculata",111,9.2,"CP"
"27D","AR","Parashorea malaanonan","DIPTEROCARPACEAE","Parashorea","malaanonan",1273,54,"CP"
"27D","AR","Barringtonia macrostachya","BARRINGTONIACEAE","Barringtonia","macrostachya",163,7.4,"CP"
"27D","AR","Chisocheton macranthus","MELIACEAE","Chisocheton","macranthus",233,9.1,"CP"
"27D","AR","Chisocheton macranthus","MELIACEAE","Chisocheton","macranthus",173,4.8,"CP"
"27D","AR","Pterospermum javanicum","MALVACEAE","Pterospermum","javanicum",200,8.3,"CP"
"27D","AR","Diospyros andamanica","EBENACEAE","Diospyros","andamanica",166,11.8,"CP"
"27D","AR","Nothaphoebe umbelliflora","LAURACEAE","Nothaphoebe","umbelliflora",166,5.8,"CP"
"27D","AR","Dimocarpus dentatus","SAPINDACEAE","Dimocarpus","dentatus",105,11.9,"CP"
"27D","AR","Dimocarpus dentatus","SAPINDACEAE","Dimocarpus","dentatus",100,11.3,"CP"
"27D","AR","Barringtonia macrostachya","BARRINGTONIACEAE","Barringtonia","macrostachya",144,9.6,"CP"
"27D","AR","Canarium denticulatum","BURSERACEAE","Canarium","denticulatum",129,10.7,"CP"
"27D","AR","Chisocheton macranthus","MELIACEAE","Chisocheton","macranthus",118,10.8,"CP"
"27D","AR","Chisocheton macranthus","MELIACEAE","Chisocheton","macranthus",118,11.5,"CP"
"27D","AR","Pleiocarpidia sandakanica","RUBIACEAE","Pleiocarpidia","sandakanica",133,9.5,"CP"
"27D","AR","Pleiocarpidia sandakanica","RUBIACEAE","Pleiocarpidia","sandakanica",165,7.5,"CP"
"27D","AR","Chisocheton macranthus","MELIACEAE","Chisocheton","macranthus",133,10.3,"CP"
"27D","AR","Chisocheton macranthus","MELIACEAE","Chisocheton","macranthus",134,7.9,"CP"
"27D","AR","Glochidion elmari","PHYLLANTHACEAE","Glochidion","elmari",114,9.2,"CP"
"27D","AR","Dysoxylum cyrtobotryum","MELIACEAE","Dysoxylum","cyrtobotryum",120,7.6,"CP"
"27D","AR","Unknown unknown mixed","LAURACEAE","Unknown","unknown mixed",280,10.4,"CP"
"27D","AR","Chisocheton macranthus","MELIACEAE","Chisocheton","macranthus",132,10.5,"CP"
"27D","AR","Pleiocarpidia sandakanica","RUBIACEAE","Pleiocarpidia","sandakanica",173,10.9,"CP"
"27D","AR","Chisocheton macranthus","MELIACEAE","Chisocheton","macranthus",160,8.7,"CP"
"27D","AR","Litsea unknown mixed","LAURACEAE","Litsea","unknown mixed",119,6.9,"CP"
"27D","AR","Chisocheton macranthus","MELIACEAE","Chisocheton","macranthus",118,9.7,"CP"
"27D","AR","Diospyros tuberculata","EBENACEAE","Diospyros","tuberculata",149,10.6,"CP"
"27D","AR","Planchonia brevistipitata","BARRINGTONIACEAE","Planchonia","brevistipitata",134,12.6,"CP"
"27D","AR","Octomeles sumatrana","TETRAMELACEAE","Octomeles","sumatrana",1125,50.8,"CP"
"27D","AR","Sterculia cordata","MALVACEAE","Sterculia","cordata",112,14,"CP"
"27D","AR","Litsea angulata","LAURACEAE","Litsea","angulata",124,9.3,"CP"
"27D","AR","Pentace unknown mixed","MALVACEAE","Pentace","unknown mixed",200,11.2,"CP"
"27D","AR","Unknown unknown mixed","MELIACEAE","Unknown","unknown mixed",100,3,"CP"
"27D","AR","Canarium denticulatum","BURSERACEAE","Canarium","denticulatum",129,10.4,"CP"
"27D","AR","Pleiocarpidia sandakanica","RUBIACEAE","Pleiocarpidia","sandakanica",115,10.2,"CP"
"27D","AR","Mallotus lackeyi","EUPHORBIACEAE","Mallotus","lackeyi",114,4.6,"CP"
"27D","AR","Unknown unknown mixed","LAURACEAE","Unknown","unknown mixed",120,7.2,"CP"
"27D","AR","Canarium denticulatum","BURSERACEAE","Canarium","denticulatum",137,5.4,"CP"
"27D","AR","Canarium denticulatum","BURSERACEAE","Canarium","denticulatum",101,8.9,"CP"
"27D","AR","Pterospermum javanicum","MALVACEAE","Pterospermum","javanicum",249,10.4,"CP"
"27D","AR","Chisocheton macranthus","MELIACEAE","Chisocheton","macranthus",165,16.9,"CP"
"27D","AR","Pleiocarpidia sandakanica","RUBIACEAE","Pleiocarpidia","sandakanica",107,6.2,"CP"
"27D","AR","Pleiocarpidia sandakanica","RUBIACEAE","Pleiocarpidia","sandakanica",200,12,"CP"
"27D","AR","Diospyros tuberculata","EBENACEAE","Diospyros","tuberculata",154,14.1,"CP"
"27D","AR","Diospyros tuberculata","EBENACEAE","Diospyros","tuberculata",135,12,"CP"
"28D","AR","Aglaia unknown mixed","MELIACEAE","Aglaia","unknown mixed",118,13.1,"CP"
"28D","AR","Macaranga hypoleuca","EUPHORBIACEAE","Macaranga","hypoleuca",435,22.9,"CP"
"28D","AR","Nephelium ramboutan-ake","SAPINDACEAE","Nephelium","ramboutan-ake",178,13.7,"CP"
"28D","AR","Nephelium ramboutan-ake","SAPINDACEAE","Nephelium","ramboutan-ake",234,17,"CP"
"28D","AR","Pleiocarpidia sandakanica","RUBIACEAE","Pleiocarpidia","sandakanica",122,12.6,"CP"
"28D","AR","Pleiocarpidia sandakanica","RUBIACEAE","Pleiocarpidia","sandakanica",133,9,"CP"
"28D","AR","Pleiocarpidia sandakanica","RUBIACEAE","Pleiocarpidia","sandakanica",110,10.9,"CP"
"28D","AR","Pleiocarpidia sandakanica","RUBIACEAE","Pleiocarpidia","sandakanica",130,10.7,"CP"
"28D","AR","Pleiocarpidia sandakanica","RUBIACEAE","Pleiocarpidia","sandakanica",107,9.3,"CP"
"28D","AR","Symplocos unknown mixed","SYMPLOCACEAE","Symplocos","unknown mixed",105,10.4,"CP"
"28D","AR","Guioa pleuropteris","SAPINDACEAE","Guioa","pleuropteris",120,11.7,"CP"
"28D","AR","Pleiocarpidia sandakanica","RUBIACEAE","Pleiocarpidia","sandakanica",135,10.6,"CP"
"28D","AR","Pleiocarpidia sandakanica","RUBIACEAE","Pleiocarpidia","sandakanica",130,11.4,"CP"
"28D","AR","Neolamarckia cadamba","RUBIACEAE","Neolamarckia","cadamba",571,29.4,"CP"
"28D","AR","Endospermum diadenum","EUPHORBIACEAE","Endospermum","diadenum",318,20.1,"CP"
"28D","AR","Diospyros toposia","EBENACEAE","Diospyros","toposia",120,10.8,"CP"
"28D","AR","Glochidion rubrum","PHYLLANTHACEAE","Glochidion","rubrum",184,15.8,"CP"
"28D","AR","Pleiocarpidia sandakanica","RUBIACEAE","Pleiocarpidia","sandakanica",168,15.7,"CP"
"28D","AR","Pleiocarpidia sandakanica","RUBIACEAE","Pleiocarpidia","sandakanica",164,14.6,"CP"
"28D","AR","Macaranga gigantea","EUPHORBIACEAE","Macaranga","gigantea",161,16.8,"CP"
"28D","AR","Macaranga gigantea","EUPHORBIACEAE","Macaranga","gigantea",345,22.8,"CP"
"28D","AR","Macaranga gigantea","EUPHORBIACEAE","Macaranga","gigantea",309,19.8,"CP"
"28D","AR","Pleiocarpidia sandakanica","RUBIACEAE","Pleiocarpidia","sandakanica",118,12.3,"CP"
"28D","AR","Nephelium ramboutan-ake","SAPINDACEAE","Nephelium","ramboutan-ake",398,21.1,"CP"
"28D","AR","Taulama gitingensis","MAGNOLIACEAE","Taulama","gitingensis",140,13.1,"CP"
"28D","AR","Reinwardtiodendron humile","MELIACEAE","Reinwardtiodendron","humile",190,15.1,"CP"
"28D","AR","Shorea parvifolia","DIPTEROCARPACEAE","Shorea","parvifolia",189,20.2,"CP"
"28D","AR","Shorea johorensis","DIPTEROCARPACEAE","Shorea","johorensis",144,12.3,"CP"
"28D","AR","Teijsmanniodendron unknown mixed","LAMIACEAE","Teijsmanniodendron","unknown mixed",138,11,"CP"
"28D","AR","Macaranga pearsonii","EUPHORBIACEAE","Macaranga","pearsonii",433,16.8,"CP"
"28D","AR","Shorea agamii","DIPTEROCARPACEAE","Shorea","agamii",135,11.4,"CP"
"28D","AR","Macaranga hypoleuca","EUPHORBIACEAE","Macaranga","hypoleuca",328,22,"CP"
"28D","AR","Glochidion unknown mixed","PHYLLANTHACEAE","Glochidion","unknown mixed",142,13,"CP"
"28D","AR","Shorea parvifolia","DIPTEROCARPACEAE","Shorea","parvifolia",565,33.8,"CP"
"28D","AR","Ixora grandifolia","RUBIACEAE","Ixora","grandifolia",125,13.6,"CP"
"28D","AR","Macaranga gigantea","EUPHORBIACEAE","Macaranga","gigantea",502,22.1,"CP"
"28D","AR","Endospermum diadenum","EUPHORBIACEAE","Endospermum","diadenum",108,16.1,"CP"
"28D","AR","Parashorea malaanonan","DIPTEROCARPACEAE","Parashorea","malaanonan",188,17,"CP"
"28D","AR","Macaranga pearsonii","EUPHORBIACEAE","Macaranga","pearsonii",640,26,"CP"
"28D","AR","Parashorea malaanonan","DIPTEROCARPACEAE","Parashorea","malaanonan",120,21.8,"CP"
"28D","AR","Litsea angulata","LAURACEAE","Litsea","angulata",100,12,"CP"
"28D","AR","Madhuca kingiana","SAPOTACEAE","Madhuca","kingiana",173,12.2,"CP"
"28D","AR","Chionanthus pluriflorus","OLEACEAE","Chionanthus","pluriflorus",200,18.7,"CP"
"28D","AR","Shorea superba","DIPTEROCARPACEAE","Shorea","superba",151,19.9,"CP"
"28D","AR","Unknown unknown mixed","LAURACEAE","Unknown","unknown mixed",202,20.4,"CP"
"28D","AR","Reinwardtiodendron humile","MELIACEAE","Reinwardtiodendron","humile",106,8.8,"CP"
"28D","AR","Ludekia borneensis","RUBIACEAE","Ludekia","borneensis",729,41.7,"CP"
"28D","AR","Endospermum diadenum","EUPHORBIACEAE","Endospermum","diadenum",116,12,"CP"
"28D","AR","Cryptocarya erectinervia","LAURACEAE","Cryptocarya","erectinervia",374,27.2,"CP"
"28D","AR","Unknown unknown mixed","LAURACEAE","Unknown","unknown mixed",138,15.9,"CP"
"28D","AR","Shorea fallax","DIPTEROCARPACEAE","Shorea","fallax",110,12.1,"CP"
"28D","AR","Macaranga hypoleuca","EUPHORBIACEAE","Macaranga","hypoleuca",464,27.6,"CP"
"28D","AR","Pleiocarpidia sandakanica","RUBIACEAE","Pleiocarpidia","sandakanica",127,14.5,"CP"
"28D","AR","Shorea johorensis","DIPTEROCARPACEAE","Shorea","johorensis",186,24.5,"CP"
"28D","AR","Neonauclea sp1","RUBIACEAE","Neonauclea","sp1",198,15.2,"CP"
"28D","AR","Lithocarpus gracilis","FAGACEAE","Lithocarpus","gracilis",144,25.2,"CP"
"28D","AR","Dipterocarpus unknown mixed","DIPTEROCARPACEAE","Dipterocarpus","unknown mixed",605,32.9,"CP"
"28D","AR","Shorea parvifolia","DIPTEROCARPACEAE","Shorea","parvifolia",108,16.1,"CP"
"28D","AR","Paranephelium xestophyllum","SAPINDACEAE","Paranephelium","xestophyllum",126,19.8,"CP"
"28D","AR","Shorea parvifolia","DIPTEROCARPACEAE","Shorea","parvifolia",291,24,"CP"
"28D","AR","Alstonia angustifolia","APOCYNACEAE","Alstonia","angustifolia",201,16.1,"CP"
"28D","AR","Barringtonia lanceolata","BARRINGTONIACEAE","Barringtonia","lanceolata",161,15.1,"CP"
"28D","AR","Xanthophyllum affine","POLYGALACEAE","Xanthophyllum","affine",116,11.4,"CP"
"28D","AR","Mallotus species 1","EUPHORBIACEAE","Mallotus","species 1",200,17.4,"CP"
"28D","AR","Knema elmeri","MYRISTICACEAE","Knema","elmeri",200,18.1,"CP"
"28D","AR","Shorea fallax","DIPTEROCARPACEAE","Shorea","fallax",141,15.8,"CP"
"28D","AR","Shorea superba","DIPTEROCARPACEAE","Shorea","superba",161,18.1,"CP"
"28D","AR","Macaranga pearsonii","EUPHORBIACEAE","Macaranga","pearsonii",527,24.4,"CP"
"28D","AR","Shorea parvifolia","DIPTEROCARPACEAE","Shorea","parvifolia",210,20.7,"CP"
"28D","AR","Lithocarpus nieuwenhuisii","FAGACEAE","Lithocarpus","nieuwenhuisii",115,13.1,"CP"
"28D","AR","Glochidion elmari","PHYLLANTHACEAE","Glochidion","elmari",120,13,"CP"
"28D","AR","Glochidion elmari","PHYLLANTHACEAE","Glochidion","elmari",131,12.8,"CP"
"28D","AR","Diospyros macrophylla","EBENACEAE","Diospyros","macrophylla",490,30.4,"CP"
"28D","AR","Antidesma unknown mixed","PHYLLANTHACEAE","Antidesma","unknown mixed",157,13.9,"CP"
"28D","AR","Xylopia ferruginea","ANNONACEAE","Xylopia","ferruginea",107,10.9,"CP"
"28D","AR","Shorea leprosula","DIPTEROCARPACEAE","Shorea","leprosula",110,18.9,"CP"
"28D","AR","Calophyllum gracilipes","CALOPHYLLACEAE","Calophyllum","gracilipes",125,9.2,"CP"
"28D","AR","Shorea johorensis","DIPTEROCARPACEAE","Shorea","johorensis",116,12.4,"CP"
"28D","AR","Teijsmanniodendron unknown mixed","LAMIACEAE","Teijsmanniodendron","unknown mixed",119,7.6,"CP"
"28D","AR","Canarium denticulatum","BURSERACEAE","Canarium","denticulatum",512,30.2,"CP"
"28D","AR","Dipterocarpus unknown mixed","DIPTEROCARPACEAE","Dipterocarpus","unknown mixed",394,24.4,"CP"
"28D","AR","Shorea johorensis","DIPTEROCARPACEAE","Shorea","johorensis",123,15.6,"CP"
"28D","AR","Chisocheton unknown mixed","MELIACEAE","Chisocheton","unknown mixed",109,8,"CP"
"28D","AR","Unknown unknown mixed","EUPHORBIACEAE","Unknown","unknown mixed",141,17.3,"CP"
"28D","AR","Pleiocarpidia sandakanica","RUBIACEAE","Pleiocarpidia","sandakanica",120,10.6,"CP"
"28D","AR","Syzygium unknown mixed","MYRTACEAE","Syzygium","unknown mixed",779,23.9,"CP"
"28D","AR","Taulama gitingensis","MAGNOLIACEAE","Taulama","gitingensis",247,18.3,"CP"
"28D","AR","Aporusa grandistipula","PHYLLANTHACEAE","Aporusa","grandistipula",123,12.1,"CP"
"28D","AR","Shorea johorensis","DIPTEROCARPACEAE","Shorea","johorensis",267,22.9,"CP"
"28D","AR","Dimocarpus longan","SAPINDACEAE","Dimocarpus","longan",105,10.5,"CP"
"28D","AR","Meiogyne virgata","ANNONACEAE","Meiogyne","virgata",317,20.9,"CP"
"28D","AR","Orophea myriantha","ANNONACEAE","Orophea","myriantha",132,13.3,"CP"
"28D","AR","Shorea fallax","DIPTEROCARPACEAE","Shorea","fallax",277,18.4,"CP"
"28D","AR","Cleistanthus hirsutulus","PHYLLANTHACEAE","Cleistanthus","hirsutulus",113,9.8,"CP"
"28D","AR","Unknown unknown mixed","EUPHORBIACEAE","Unknown","unknown mixed",181,21.7,"CP"
"28D","AR","Orophea myriantha","ANNONACEAE","Orophea","myriantha",158,15.1,"CP"
"28D","AR","Unknown unknown mixed","LAURACEAE","Unknown","unknown mixed",109,12.4,"CP"
"28D","AR","Nephelium ramboutan-ake","SAPINDACEAE","Nephelium","ramboutan-ake",342,20.4,"CP"
"28D","AR","Pseuduvaria reticulata","ANNONACEAE","Pseuduvaria","reticulata",209,15.8,"CP"
"28D","AR","Shorea johorensis","DIPTEROCARPACEAE","Shorea","johorensis",214,19,"CP"
"28D","AR","Pterospermum javanicum","MALVACEAE","Pterospermum","javanicum",186,18.5,"CP"
"28D","AR","Anisophyllea cornerii","ANISOPHYLLEACEAE","Anisophyllea","cornerii",172,11.9,"CP"
"28D","AR","Unknown unknown mixed","MELIACEAE","Unknown","unknown mixed",578,28.2,"CP"
"28D","AR","Unknown unknown mixed","MELIACEAE","Unknown","unknown mixed",249,13.7,"CP"
"28D","AR","Paranephelium xestophyllum","SAPINDACEAE","Paranephelium","xestophyllum",207,18.1,"CP"
"28D","AR","Ziziphus angustifolius","RHAMNACEAE","Ziziphus","angustifolius",114,13.3,"CP"
"28D","AR","Beilschmiedia unknown mixed","LAURACEAE","Beilschmiedia","unknown mixed",160,13,"CP"
"28D","AR","Aglaia odoratissima","MELIACEAE","Aglaia","odoratissima",130,9.4,"CP"
"28D","AR","Pterospermum javanicum","MALVACEAE","Pterospermum","javanicum",253,20,"CP"
"28D","AR","Unknown unknown mixed","EUPHORBIACEAE","Unknown","unknown mixed",157,13.1,"CP"
"28D","AR","Pterospermum javanicum","MALVACEAE","Pterospermum","javanicum",335,25.3,"CP"
"28D","AR","Pterospermum javanicum","MALVACEAE","Pterospermum","javanicum",330,16.2,"CP"
"28D","AR","Canarium denticulatum","BURSERACEAE","Canarium","denticulatum",231,9.6,"CP"
"28D","AR","Neonauclea sp","RUBIACEAE","Neonauclea","sp",138,6,"CP"
"28D","AR","Pleiocarpidia sandakanica","RUBIACEAE","Pleiocarpidia","sandakanica",210,11,"CP"
"28D","AR","Pleiocarpidia sandakanica","RUBIACEAE","Pleiocarpidia","sandakanica",145,10.2,"CP"
"28D","AR","Pleiocarpidia sandakanica","RUBIACEAE","Pleiocarpidia","sandakanica",142,8.8,"CP"
"28D","AR","Pleiocarpidia sandakanica","RUBIACEAE","Pleiocarpidia","sandakanica",150,8,"CP"
"28D","AR","Pleiocarpidia sandakanica","RUBIACEAE","Pleiocarpidia","sandakanica",195,11.7,"CP"
"28D","AR","Pterospermum javanicum","MALVACEAE","Pterospermum","javanicum",289,17.8,"CP"
"28D","AR","Pterospermum javanicum","MALVACEAE","Pterospermum","javanicum",241,9.7,"CP"
"28D","AR","Pterospermum javanicum","MALVACEAE","Pterospermum","javanicum",402,21,"CP"
"28D","AR","Shorea johorensis","DIPTEROCARPACEAE","Shorea","johorensis",108,9.8,"CP"
"28D","AR","Shorea johorensis","DIPTEROCARPACEAE","Shorea","johorensis",336,20.6,"CP"
"28D","AR","Unknown unknown mixed","EUPHORBIACEAE","Unknown","unknown mixed",152,15.7,"CP"
"28D","AR","Shorea superba","DIPTEROCARPACEAE","Shorea","superba",323,24.8,"CP"
"28D","AR","Pterospermum javanicum","MALVACEAE","Pterospermum","javanicum",230,20.9,"CP"
"28D","AR","Pleiocarpidia sandakanica","RUBIACEAE","Pleiocarpidia","sandakanica",115,16.5,"CP"
"28D","AR","Pleiocarpidia sandakanica","RUBIACEAE","Pleiocarpidia","sandakanica",111,12.1,"CP"
"28D","AR","Leea aculeata","LEEACEAE","Leea","aculeata",110,11.3,"CP"
"28D","AR","Leea aculeata","LEEACEAE","Leea","aculeata",103,8.4,"CP"
"28D","AR","Neolamarckia cadamba","RUBIACEAE","Neolamarckia","cadamba",403,32.2,"CP"
"28D","AR","Nephelium ramboutan-ake","SAPINDACEAE","Nephelium","ramboutan-ake",190,18,"CP"
"28D","AR","Pleiocarpidia sandakanica","RUBIACEAE","Pleiocarpidia","sandakanica",133,13.4,"CP"
"28D","AR","Pleiocarpidia sandakanica","RUBIACEAE","Pleiocarpidia","sandakanica",162,9,"CP"
"28D","AR","Pleiocarpidia sandakanica","RUBIACEAE","Pleiocarpidia","sandakanica",121,6.7,"CP"
"28D","AR","Neonauclea sp","RUBIACEAE","Neonauclea","sp",125,9.9,"CP"
"28D","AR","Neonauclea sp","RUBIACEAE","Neonauclea","sp",180,17.4,"CP"
"28D","AR","Pleiocarpidia sandakanica","RUBIACEAE","Pleiocarpidia","sandakanica",144,10.6,"CP"
"28D","AR","Pleiocarpidia sandakanica","RUBIACEAE","Pleiocarpidia","sandakanica",123,12.2,"CP"
"28D","AR","Pleiocarpidia sandakanica","RUBIACEAE","Pleiocarpidia","sandakanica",163,14,"CP"
"28D","AR","Pleiocarpidia sandakanica","RUBIACEAE","Pleiocarpidia","sandakanica",149,11.1,"CP"
"28D","AR","Intsia palembanica","FABACEAE","Intsia","palembanica",263,17.4,"CP"
"28D","AR","Neolamarckia cadamba","RUBIACEAE","Neolamarckia","cadamba",607,30.5,"CP"
"28D","AR","Neolamarckia cadamba","RUBIACEAE","Neolamarckia","cadamba",500,27.6,"CP"
"28D","AR","Pleiocarpidia sandakanica","RUBIACEAE","Pleiocarpidia","sandakanica",122,11.5,"CP"
"28D","AR","Pleiocarpidia sandakanica","RUBIACEAE","Pleiocarpidia","sandakanica",190,14.6,"CP"
"28D","AR","Duabanga moluccana","SONNERATIACEAE","Duabanga","moluccana",587,29.7,"CP"
"28D","AR","Pleiocarpidia sandakanica","RUBIACEAE","Pleiocarpidia","sandakanica",103,7.6,"CP"
"28D","AR","Neonauclea sp1","RUBIACEAE","Neonauclea","sp1",156,13.7,"CP"
"28D","AR","Shorea johorensis","DIPTEROCARPACEAE","Shorea","johorensis",165,10.7,"CP"
"28D","AR","Neonauclea sp","RUBIACEAE","Neonauclea","sp",170,16.1,"CP"
"28D","AR","Pleiocarpidia sandakanica","RUBIACEAE","Pleiocarpidia","sandakanica",155,9.6,"CP"
"28D","AR","Pleiocarpidia sandakanica","RUBIACEAE","Pleiocarpidia","sandakanica",105,8.6,"CP"
"28D","AR","Pleiocarpidia sandakanica","RUBIACEAE","Pleiocarpidia","sandakanica",125,13,"CP"
"28D","AR","Neolamarckia cadamba","RUBIACEAE","Neolamarckia","cadamba",635,43.8,"CP"
"28D","AR","Pleiocarpidia sandakanica","RUBIACEAE","Pleiocarpidia","sandakanica",160,12.9,"CP"
"28D","AR","Pleiocarpidia sandakanica","RUBIACEAE","Pleiocarpidia","sandakanica",136,7.4,"CP"
"28D","AR","Neonauclea sp","RUBIACEAE","Neonauclea","sp",155,6.8,"CP"
"29D","AR","Beilschmiedia tawaensis","LAURACEAE","Beilschmiedia","tawaensis",248,30,"CP"
"29D","AR","Neolamarckia cadamba","RUBIACEAE","Neolamarckia","cadamba",476,40.6,"CP"
"29D","AR","Baccaurea tetrandra","PHYLLANTHACEAE","Baccaurea","tetrandra",166,10,"CP"
"29D","AR","Cleistanthus hirsutulus","PHYLLANTHACEAE","Cleistanthus","hirsutulus",125,9.6,"CP"
"29D","AR","Parashorea malaanonan","DIPTEROCARPACEAE","Parashorea","malaanonan",220,20.7,"CP"
"29D","AR","Sympetalandra unijug","FABACEAE","Sympetalandra","unijug",129,9.8,"CP"
"29D","AR","Microcos crassifolia","MALVACEAE","Microcos","crassifolia",119,11.7,"CP"
"29D","AR","Shorea faguetiana","DIPTEROCARPACEAE","Shorea","faguetiana",185,19.4,"CP"
"29D","AR","Monoon hookerianum","ANNONACEAE","Monoon","hookerianum",400,46.9,"CP"
"29D","AR","Unknown unknown mixed","MELIACEAE","Unknown","unknown mixed",105,10.8,"CP"
"29D","AR","Parashorea malaanonan","DIPTEROCARPACEAE","Parashorea","malaanonan",145,18.7,"CP"
"29D","AR","Lansium domesticum","MELIACEAE","Lansium","domesticum",633,22,"CP"
"29D","AR","Canarium odontophyllum","BURSERACEAE","Canarium","odontophyllum",129,15,"CP"
"29D","AR","Sympetalandra unijug","FABACEAE","Sympetalandra","unijug",368,18.5,"CP"
"29D","AR","Macaranga pearsonii","EUPHORBIACEAE","Macaranga","pearsonii",455,19.1,"CP"
"29D","AR","Melicope  lunu-ankenda","RUTACEAE","Melicope ","lunu-ankenda",124,12.6,"CP"
"29D","AR","Macaranga pearsonii","EUPHORBIACEAE","Macaranga","pearsonii",563,27.2,"CP"
"29D","AR","Macaranga pearsonii","EUPHORBIACEAE","Macaranga","pearsonii",260,25.3,"CP"
"29D","AR","Lithocarpus gracilis","FAGACEAE","Lithocarpus","gracilis",162,12.6,"CP"
"29D","AR","Parashorea malaanonan","DIPTEROCARPACEAE","Parashorea","malaanonan",136,20,"CP"
"29D","AR","Shorea johorensis","DIPTEROCARPACEAE","Shorea","johorensis",921,62.5,"CP"
"29D","AR","Parashorea malaanonan","DIPTEROCARPACEAE","Parashorea","malaanonan",181,22.3,"CP"
"29D","AR","Macaranga pearsonii","EUPHORBIACEAE","Macaranga","pearsonii",496,20.4,"CP"
"29D","AR","Drypetes longifolia","PUTRANJIVACEAE","Drypetes","longifolia",114,7.1,"CP"
"29D","AR","Leea aculeata","LEEACEAE","Leea","aculeata",106,6.3,"CP"
"29D","AR","Bridelia penangensis","PHYLLANTHACEAE","Bridelia","penangensis",107,11.2,"CP"
"29D","AR","Unknown unknown mixed","LIANA","Unknown","unknown mixed",238,57.6,"CP"
"29D","AR","Shorea faguetiana","DIPTEROCARPACEAE","Shorea","faguetiana",315,15.5,"CP"
"29D","AR","Hydnocarpus anomalus","ACHARIACEAE","Hydnocarpus","anomalus",399,31.5,"CP"
"29D","AR","Caryodaphnopsis tonkinensis","LAURACEAE","Caryodaphnopsis","tonkinensis",320,21,"CP"
"29D","AR","Monoon grandiflorum","ANNONACEAE","Monoon","grandiflorum",163,15.6,"CP"
"29D","AR","Shorea faguetiana","DIPTEROCARPACEAE","Shorea","faguetiana",167,18.7,"CP"
"29D","AR","Glochidion elmari","PHYLLANTHACEAE","Glochidion","elmari",157,12.5,"CP"
"29D","AR","Diospyros muricata","EBENACEAE","Diospyros","muricata",129,9.4,"CP"
"29D","AR","Canarium denticulatum","BURSERACEAE","Canarium","denticulatum",155,17.8,"CP"
"29D","AR","Xylopia ferruginea","ANNONACEAE","Xylopia","ferruginea",170,23.3,"CP"
"29D","AR","Shorea leprosula","DIPTEROCARPACEAE","Shorea","leprosula",357,38.4,"CP"
"29D","AR","Shorea leprosula","DIPTEROCARPACEAE","Shorea","leprosula",113,13.4,"CP"
"29D","AR","Canarium decumanum","BURSERACEAE","Canarium","decumanum",190,16.1,"CP"
"29D","AR","Glochidion elmari","PHYLLANTHACEAE","Glochidion","elmari",127,13.2,"CP"
"29D","AR","Endospermum diadenum","EUPHORBIACEAE","Endospermum","diadenum",176,17.5,"CP"
"29D","AR","Shorea parvifolia","DIPTEROCARPACEAE","Shorea","parvifolia",480,39.1,"CP"
"29D","AR","Shorea faguetiana","DIPTEROCARPACEAE","Shorea","faguetiana",160,14.9,"CP"
"29D","AR","Dehaasia caesia","LAURACEAE","Dehaasia","caesia",677,15.6,"CP"
"29D","AR","Mallotus korthalsii","EUPHORBIACEAE","Mallotus","korthalsii",132,12.7,"CP"
"29D","AR","Shorea leprosula","DIPTEROCARPACEAE","Shorea","leprosula",185,20.9,"CP"
"29D","AR","Diospyros andamanica","EBENACEAE","Diospyros","andamanica",286,21.6,"CP"
"29D","AR","Shorea faguetiana","DIPTEROCARPACEAE","Shorea","faguetiana",101,8.2,"CP"
"29D","AR","Shorea faguetiana","DIPTEROCARPACEAE","Shorea","faguetiana",270,22.5,"CP"
"29D","AR","Mangifera unknown mixed","ANACARDIACEAE","Mangifera","unknown mixed",118,10.8,"CP"
"29D","AR","Diospyros pilosanthera","EBENACEAE","Diospyros","pilosanthera",128,10.6,"CP"
"29D","AR","Unknown unknown mixed","LIANA","Unknown","unknown mixed",881,30.6,"CP"
"29D","AR","Dillenia excelsa","DILLENIACEAE","Dillenia","excelsa",210,15.9,"CP"
"29D","AR","Phaeanthus splendens","ANNONACEAE","Phaeanthus","splendens",127,12.5,"CP"
"29D","AR","Shorea seminis","DIPTEROCARPACEAE","Shorea","seminis",174,19.9,"CP"
"29D","AR","Aporusa grandistipula","PHYLLANTHACEAE","Aporusa","grandistipula",115,11.2,"CP"
"29D","AR","Shorea johorensis","DIPTEROCARPACEAE","Shorea","johorensis",188,15,"CP"
"29D","AR","Syzygium unknown mixed","MYRTACEAE","Syzygium","unknown mixed",124,11.3,"CP"
"29D","AR","Unknown unknown mixed","LIANA","Unknown","unknown mixed",1423,43.4,"CP"
"29D","AR","Macaranga pearsonii","EUPHORBIACEAE","Macaranga","pearsonii",319,15.7,"CP"
"29D","AR","Macaranga pearsonii","EUPHORBIACEAE","Macaranga","pearsonii",183,12.4,"CP"
"29D","AR","Lophopetalum javanicum","CELASTRACEAE","Lophopetalum","javanicum",142,12.7,"CP"
"29D","AR","Glochidion lanceisepalum","PHYLLANTHACEAE","Glochidion","lanceisepalum",184,18.1,"CP"
"29D","AR","Macaranga pearsonii","EUPHORBIACEAE","Macaranga","pearsonii",573,22.1,"CP"
"29D","AR","Diospyros cauliflora","EBENACEAE","Diospyros","cauliflora",120,16.1,"CP"
"29D","AR","Macaranga hypoleuca","EUPHORBIACEAE","Macaranga","hypoleuca",328,18.4,"CP"
"29D","AR","Mallotus species 1","EUPHORBIACEAE","Mallotus","species 1",116,12.3,"CP"
"29D","AR","Macaranga pearsonii","EUPHORBIACEAE","Macaranga","pearsonii",609,28.4,"CP"
"29D","AR","Endospermum diadenum","EUPHORBIACEAE","Endospermum","diadenum",199,16.4,"CP"
"29D","AR","Endospermum diadenum","EUPHORBIACEAE","Endospermum","diadenum",145,8.5,"CP"
"29D","AR","Shorea seminis","DIPTEROCARPACEAE","Shorea","seminis",220,17.2,"CP"
"29D","AR","Melicope  lunu-ankenda","RUTACEAE","Melicope ","lunu-ankenda",149,14,"CP"
"29D","AR","Leea aculeata","LEEACEAE","Leea","aculeata",101,10,"CP"
"29D","AR","Macaranga pearsonii","EUPHORBIACEAE","Macaranga","pearsonii",624,25.9,"CP"
"29D","AR","Shorea leprosula","DIPTEROCARPACEAE","Shorea","leprosula",285,28.4,"CP"
"29D","AR","Dacryodes rostrata","BURSERACEAE","Dacryodes","rostrata",111,13.5,"CP"
"29D","AR","Syzygium unknown mixed","MYRTACEAE","Syzygium","unknown mixed",172,18.9,"CP"
"29D","AR","Pterospermum javanicum","MALVACEAE","Pterospermum","javanicum",238,17.6,"CP"
"29D","AR","Parashorea malaanonan","DIPTEROCARPACEAE","Parashorea","malaanonan",230,23.7,"CP"
"29D","AR","Baccaurea tetrandra","PHYLLANTHACEAE","Baccaurea","tetrandra",113,8.3,"CP"
"29D","AR","Shorea faguetiana","DIPTEROCARPACEAE","Shorea","faguetiana",126,10.5,"CP"
"29D","AR","Knema elmeri","MYRISTICACEAE","Knema","elmeri",233,21.3,"CP"
"29D","AR","Shorea johorensis","DIPTEROCARPACEAE","Shorea","johorensis",176,19.9,"CP"
"29D","AR","Diospyros euphlebia","EBENACEAE","Diospyros","euphlebia",121,14.1,"CP"
"29D","AR","Cyathocalyx magnifructus","ANNONACEAE","Cyathocalyx","magnifructus",168,14.9,"CP"
"29D","AR","Syzygium unknown mixed","MYRTACEAE","Syzygium","unknown mixed",186,14.3,"CP"
"29D","AR","Shorea johorensis","DIPTEROCARPACEAE","Shorea","johorensis",247,18.8,"CP"
"29D","AR","Diospyros muricata","EBENACEAE","Diospyros","muricata",259,17.1,"CP"
"29D","AR","Phaeanthus splendens","ANNONACEAE","Phaeanthus","splendens",109,15,"CP"
"29D","AR","Microcos crassifolia","MALVACEAE","Microcos","crassifolia",207,15.5,"CP"
"29D","AR","Dendrocnide elliptica","URTICACEAE","Dendrocnide","elliptica",110,7.7,"CP"
"29D","AR","Barringtonia macrostachya","BARRINGTONIACEAE","Barringtonia","macrostachya",114,10.5,"CP"
"29D","AR","Canarium decumanum","BURSERACEAE","Canarium","decumanum",120,12.1,"CP"
"29D","AR","Baccaurea tetrandra","PHYLLANTHACEAE","Baccaurea","tetrandra",138,9.9,"CP"
"29D","AR","Canarium decumanum","BURSERACEAE","Canarium","decumanum",171,14.7,"CP"
"29D","AR","Mallotus species 1","EUPHORBIACEAE","Mallotus","species 1",223,12.6,"CP"
"29D","AR","Microcos latistipulata","MALVACEAE","Microcos","latistipulata",166,16,"CP"
"29D","AR","Diospyros muricata","EBENACEAE","Diospyros","muricata",286,20.5,"CP"
"29D","AR","Hydnocarpus anomalus","ACHARIACEAE","Hydnocarpus","anomalus",135,17.1,"CP"
"29D","AR","Diospyros pilosanthera","EBENACEAE","Diospyros","pilosanthera",191,20,"CP"
"29D","AR","Shorea faguetiana","DIPTEROCARPACEAE","Shorea","faguetiana",539,34.7,"CP"
"29D","AR","Intsia palembanica","FABACEAE","Intsia","palembanica",383,28.5,"CP"
"29D","AR","Canarium odontophyllum","BURSERACEAE","Canarium","odontophyllum",136,12.4,"CP"
"29D","AR","Pterospermum javanicum","MALVACEAE","Pterospermum","javanicum",433,30.1,"CP"
"29D","AR","Aporusa illustris","PHYLLANTHACEAE","Aporusa","illustris",109,12.1,"CP"
"29D","AR","Shorea johorensis","DIPTEROCARPACEAE","Shorea","johorensis",432,22.6,"CP"
"29D","AR","Unknown unknown mixed","MELIACEAE","Unknown","unknown mixed",118,11.6,"CP"
"29D","AR","Syzygium unknown mixed","MYRTACEAE","Syzygium","unknown mixed",116,9.4,"CP"
"29D","AR","Mallotus species 1","EUPHORBIACEAE","Mallotus","species 1",177,13,"CP"
"29D","AR","Macaranga gigantea","EUPHORBIACEAE","Macaranga","gigantea",324,17.3,"CP"
"29D","AR","Diospyros andamanica","EBENACEAE","Diospyros","andamanica",390,19.1,"CP"
"29D","AR","Diospyros andamanica","EBENACEAE","Diospyros","andamanica",338,20.3,"CP"
"29D","AR","Diospyros andamanica","EBENACEAE","Diospyros","andamanica",258,20.6,"CP"
"29D","AR","Diospyros andamanica","EBENACEAE","Diospyros","andamanica",119,13.5,"CP"
"29D","AR","Spathiostemon javensis","EUPHORBIACEAE","Spathiostemon","javensis",230,17,"CP"
"29D","AR","Shorea johorensis","DIPTEROCARPACEAE","Shorea","johorensis",339,22.9,"CP"
"29D","AR","Diospyros cauliflora","EBENACEAE","Diospyros","cauliflora",105,6.7,"CP"
"29D","AR","Aglaia silvestris","MELIACEAE","Aglaia","silvestris",114,10.9,"CP"
"29D","AR","Brownlowia peltata","MALVACEAE","Brownlowia","peltata",117,8.9,"CP"
"29D","AR","Cleistanthus podopixys","PHYLLANTHACEAE","Cleistanthus","podopixys",101,5.4,"CP"
"29D","AR","Cleistanthus podopixys","PHYLLANTHACEAE","Cleistanthus","podopixys",186,8.3,"CP"
"29D","AR","Aglaia silvestris","MELIACEAE","Aglaia","silvestris",100,14.9,"CP"
"29D","AR","Mallotus species 1","EUPHORBIACEAE","Mallotus","species 1",111,14,"CP"
"29D","AR","Leea aculeata","LEEACEAE","Leea","aculeata",107,13.3,"CP"
"29D","AR","Shorea faguetiana","DIPTEROCARPACEAE","Shorea","faguetiana",160,15.9,"CP"
"29D","AR","Hydnocarpus borneensis","ACHARIACEAE","Hydnocarpus","borneensis",181,18.1,"CP"
"29D","AR","Sympetalandra unijug","FABACEAE","Sympetalandra","unijug",180,16.6,"CP"
"29D","AR","Shorea faguetiana","DIPTEROCARPACEAE","Shorea","faguetiana",614,43.3,"CP"
"29D","AR","Shorea johorensis","DIPTEROCARPACEAE","Shorea","johorensis",234,19.8,"CP"
"29D","AR","Brownlowia peltata","MALVACEAE","Brownlowia","peltata",140,13.5,"CP"
"29D","AR","Syzygium unknown mixed","MYRTACEAE","Syzygium","unknown mixed",190,15.3,"CP"
"29D","AR","Phaeanthus splendens","ANNONACEAE","Phaeanthus","splendens",106,10.1,"CP"
"29D","AR","Shorea johorensis","DIPTEROCARPACEAE","Shorea","johorensis",566,31.7,"CP"
"29D","AR","Parashorea malaanonan","DIPTEROCARPACEAE","Parashorea","malaanonan",183,11.5,"CP"
"29D","AR","Teijsmanniodendron unknown mixed","LAMIACEAE","Teijsmanniodendron","unknown mixed",206,14.2,"CP"
"29D","AR","Dendrocnide elliptica","URTICACEAE","Dendrocnide","elliptica",127,3,"CP"
"29D","AR","Endospermum diadenum","EUPHORBIACEAE","Endospermum","diadenum",248,16.5,"CP"
"29D","AR","Lophopetalum javanicum","CELASTRACEAE","Lophopetalum","javanicum",172,18.5,"CP"
"29D","AR","Canarium odontophyllum","BURSERACEAE","Canarium","odontophyllum",192,11,"CP"
"29D","AR","Dillenia excelsa","DILLENIACEAE","Dillenia","excelsa",118,12.3,"CP"
"29D","AR","Actinodaphne unknown mixed","LAURACEAE","Actinodaphne","unknown mixed",156,11.4,"CP"
"29D","AR","Dehaasia caesia","LAURACEAE","Dehaasia","caesia",238,14.6,"CP"
"30D","AR","Alangium javanicum","ALANGIACEAE","Alangium","javanicum",162,18.8,"CP"
"30D","AR","Octomeles sumatrana","TETRAMELACEAE","Octomeles","sumatrana",785,34.3,"CP"
"30D","AR","Barringtonia macrostachya","BARRINGTONIACEAE","Barringtonia","macrostachya",115,14.6,"CP"
"30D","AR","Microcos crassifolia","MALVACEAE","Microcos","crassifolia",169,13.6,"CP"
"30D","AR","Syzygium unknown mixed","MYRTACEAE","Syzygium","unknown mixed",113,10.3,"CP"
"30D","AR","Aglaia unknown mixed","MELIACEAE","Aglaia","unknown mixed",100,10.5,"CP"
"30D","AR","Pleiocarpidia sandakanica","RUBIACEAE","Pleiocarpidia","sandakanica",184,8.7,"CP"
"30D","AR","Microcos fibrocarpa","MALVACEAE","Microcos","fibrocarpa",193,17,"CP"
"30D","AR","Sympetalandra unijug","FABACEAE","Sympetalandra","unijug",675,33,"CP"
"30D","AR","Microcos fibrocarpa","MALVACEAE","Microcos","fibrocarpa",215,14.8,"CP"
"30D","AR","Parashorea malaanonan","DIPTEROCARPACEAE","Parashorea","malaanonan",283,23.9,"CP"
"30D","AR","Ziziphus angustifolius","RHAMNACEAE","Ziziphus","angustifolius",135,11.3,"CP"
"30D","AR","Ficus unknown mixed","MORACEAE","Ficus","unknown mixed",293,11.7,"CP"
"30D","AR","Ptychopyxis arborea","EUPHORBIACEAE","Ptychopyxis","arborea",119,9.5,"CP"
"30D","AR","Symplocos fasciculata","SYMPLOCACEAE","Symplocos","fasciculata",254,16.7,"CP"
"30D","AR","Aglaia unknown mixed","MELIACEAE","Aglaia","unknown mixed",146,7.8,"CP"
"30D","AR","Syzygium unknown mixed","MYRTACEAE","Syzygium","unknown mixed",315,18.2,"CP"
"30D","AR","Pleiocarpidia sandakanica","RUBIACEAE","Pleiocarpidia","sandakanica",151,10.8,"CP"
"30D","AR","Pleiocarpidia sandakanica","RUBIACEAE","Pleiocarpidia","sandakanica",199,14.7,"CP"
"30D","AR","Parashorea malaanonan","DIPTEROCARPACEAE","Parashorea","malaanonan",711,32.8,"CP"
"30D","AR","Parashorea malaanonan","DIPTEROCARPACEAE","Parashorea","malaanonan",201,22.7,"CP"
"30D","AR","Paranephelium xestophyllum","SAPINDACEAE","Paranephelium","xestophyllum",151,16.1,"CP"
"30D","AR","Paranephelium xestophyllum","SAPINDACEAE","Paranephelium","xestophyllum",142,16.9,"CP"
"30D","AR","Paranephelium xestophyllum","SAPINDACEAE","Paranephelium","xestophyllum",103,8.7,"CP"
"30D","AR","Chisocheton macranthus","MELIACEAE","Chisocheton","macranthus",425,24.3,"CP"
"30D","AR","Microcos crassifolia","MALVACEAE","Microcos","crassifolia",113,11.3,"CP"
"30D","AR","Paranephelium xestophyllum","SAPINDACEAE","Paranephelium","xestophyllum",178,14.4,"CP"
"30D","AR","Pternandra coerulescens","MELASTOMATACEAE","Pternandra","coerulescens",150,8.8,"CP"
"30D","AR","Glochidion elmari","PHYLLANTHACEAE","Glochidion","elmari",170,11.7,"CP"
"30D","AR","Pleiocarpidia sandakanica","RUBIACEAE","Pleiocarpidia","sandakanica",195,14.8,"CP"
"30D","AR","Pleiocarpidia sandakanica","RUBIACEAE","Pleiocarpidia","sandakanica",168,11.7,"CP"
"30D","AR","Pleiocarpidia sandakanica","RUBIACEAE","Pleiocarpidia","sandakanica",250,11.9,"CP"
"30D","AR","Unknown unknown mixed","MELIACEAE","Unknown","unknown mixed",199,14.7,"CP"
"30D","AR","Microcos fibrocarpa","MALVACEAE","Microcos","fibrocarpa",290,15.9,"CP"
"30D","AR","Garcinia forbesii","CLUSIACEAE","Garcinia","forbesii",130,10.8,"CP"
"30D","AR","Pternandra coerulescens","MELASTOMATACEAE","Pternandra","coerulescens",105,8.4,"CP"
"30D","AR","Pleiocarpidia sandakanica","RUBIACEAE","Pleiocarpidia","sandakanica",293,20.2,"CP"
"30D","AR","Canarium denticulatum","BURSERACEAE","Canarium","denticulatum",161,14.2,"CP"
"30D","AR","Dehaasia caesia","LAURACEAE","Dehaasia","caesia",129,9.7,"CP"
"30D","AR","Pternandra coerulescens","MELASTOMATACEAE","Pternandra","coerulescens",150,10.1,"CP"
"30D","AR","Paranephelium xestophyllum","SAPINDACEAE","Paranephelium","xestophyllum",191,13.4,"CP"
"30D","AR","Paranephelium xestophyllum","SAPINDACEAE","Paranephelium","xestophyllum",114,9.4,"CP"
"30D","AR","Diospyros curranii","EBENACEAE","Diospyros","curranii",125,11,"CP"
"30D","AR","Diospyros elliptifolia","EBENACEAE","Diospyros","elliptifolia",219,19.9,"CP"
"30D","AR","Macaranga pearsonii","EUPHORBIACEAE","Macaranga","pearsonii",459,19.8,"CP"
"30D","AR","Macaranga pearsonii","EUPHORBIACEAE","Macaranga","pearsonii",641,29,"CP"
"30D","AR","Lithocarpus unknown mixed","FAGACEAE","Lithocarpus","unknown mixed",275,22,"CP"
"30D","AR","Glochidion elmari","PHYLLANTHACEAE","Glochidion","elmari",115,10.4,"CP"
"30D","AR","Aglaia silvestris","MELIACEAE","Aglaia","silvestris",144,11.5,"CP"
"30D","AR","Pleiocarpidia sandakanica","RUBIACEAE","Pleiocarpidia","sandakanica",118,7,"CP"
"30D","AR","Microcos latistipulata","MALVACEAE","Microcos","latistipulata",233,16.2,"CP"
"30D","AR","Pleiocarpidia sandakanica","RUBIACEAE","Pleiocarpidia","sandakanica",211,8,"CP"
"30D","AR","Shorea leprosula","DIPTEROCARPACEAE","Shorea","leprosula",252,20.1,"CP"
"30D","AR","Symplocos fasciculata","SYMPLOCACEAE","Symplocos","fasciculata",115,7.5,"CP"
"30D","AR","Pleiocarpidia sandakanica","RUBIACEAE","Pleiocarpidia","sandakanica",110,10.7,"CP"
"30D","AR","Pleiocarpidia sandakanica","RUBIACEAE","Pleiocarpidia","sandakanica",105,9.8,"CP"
"30D","AR","Pleiocarpidia sandakanica","RUBIACEAE","Pleiocarpidia","sandakanica",113,7.5,"CP"
"30D","AR","Parashorea malaanonan","DIPTEROCARPACEAE","Parashorea","malaanonan",206,21.4,"CP"
"30D","AR","Canarium decumanum","BURSERACEAE","Canarium","decumanum",131,12.8,"CP"
"30D","AR","Pleiocarpidia sandakanica","RUBIACEAE","Pleiocarpidia","sandakanica",259,8.9,"CP"
"30D","AR","Pleiocarpidia sandakanica","RUBIACEAE","Pleiocarpidia","sandakanica",184,8.6,"CP"
"30D","AR","Pleiocarpidia sandakanica","RUBIACEAE","Pleiocarpidia","sandakanica",116,5.1,"CP"
"30D","AR","Parashorea malaanonan","DIPTEROCARPACEAE","Parashorea","malaanonan",111,4.6,"CP"
"30D","AR","Diospyros andamanica","EBENACEAE","Diospyros","andamanica",102,7.4,"CP"
"30D","AR","Coelostegia borneensis","MALVACEAE","Coelostegia","borneensis",298,20.8,"CP"
"30D","AR","Diospyros macrophylla","EBENACEAE","Diospyros","macrophylla",205,16.8,"CP"
"30D","AR","Parashorea tomentella","DIPTEROCARPACEAE","Parashorea","tomentella",990,47.5,"CP"
"30D","AR","Neo-uvaria acuminatissima","ANNONACEAE","Neo-uvaria","acuminatissima",111,5.6,"CP"
"30D","AR","Mangifera pajang","ANACARDIACEAE","Mangifera","pajang",220,19.8,"CP"
"30D","AR","Shorea johorensis","DIPTEROCARPACEAE","Shorea","johorensis",312,22.5,"CP"
"30D","AR","Lithocarpus unknown mixed","FAGACEAE","Lithocarpus","unknown mixed",139,12.2,"CP"
"30D","AR","Sympetalandra unijug","FABACEAE","Sympetalandra","unijug",511,32.5,"CP"
"30D","AR","Diospyros macrophylla","EBENACEAE","Diospyros","macrophylla",290,32.8,"CP"
"30D","AR","Unknown unknown mixed","MELIACEAE","Unknown","unknown mixed",123,17,"CP"
"30D","AR","Unknown unknown mixed","MYRISTICACEAE","Unknown","unknown mixed",130,16,"CP"
"30D","AR","Lithocarpus unknown mixed","FAGACEAE","Lithocarpus","unknown mixed",458,31.2,"CP"
"30D","AR","Diospyros elliptifolia","EBENACEAE","Diospyros","elliptifolia",105,10.9,"CP"
"30D","AR","Microcos latistipulata","MALVACEAE","Microcos","latistipulata",192,20.9,"CP"
"30D","AR","Pseuduvaria reticulata","ANNONACEAE","Pseuduvaria","reticulata",104,9,"CP"
"30D","AR","Nothaphoebe umbelliflora","LAURACEAE","Nothaphoebe","umbelliflora",275,30.4,"CP"
"30D","AR","Unknown unknown mixed","LAURACEAE","Unknown","unknown mixed",312,24.6,"CP"
"30D","AR","Microcos crassifolia","MALVACEAE","Microcos","crassifolia",129,17.3,"CP"
"30D","AR","Barringtonia macrostachya","BARRINGTONIACEAE","Barringtonia","macrostachya",147,2.3,"CP"
"30D","AR","Walsura pinnata","MELIACEAE","Walsura","pinnata",180,13.7,"CP"
"30D","AR","Pterospermum javanicum","MALVACEAE","Pterospermum","javanicum",515,37.3,"CP"
"30D","AR","Knema latericia","MYRISTICACEAE","Knema","latericia",140,11,"CP"
"30D","AR","Diospyros andamanica","EBENACEAE","Diospyros","andamanica",157,17.8,"CP"
"30D","AR","Knema latericia","MYRISTICACEAE","Knema","latericia",162,13.5,"CP"
"30D","AR","Diospyros elliptifolia","EBENACEAE","Diospyros","elliptifolia",211,14.7,"CP"
"30D","AR","Nephelium maingayi","SAPINDACEAE","Nephelium","maingayi",261,34.2,"CP"
"30D","AR","Pterospermum javanicum","MALVACEAE","Pterospermum","javanicum",480,31.8,"CP"
"30D","AR","Microcos latistipulata","MALVACEAE","Microcos","latistipulata",151,12.4,"CP"
"30D","AR","Ixora blumei","RUBIACEAE","Ixora","blumei",111,9.8,"CP"
"30D","AR","Maasia sumatrana","ANNONACEAE","Maasia","sumatrana",143,8.5,"CP"
"30D","AR","Callicarpa unknown mixed","LAMIACEAE","Callicarpa","unknown mixed",444,15.7,"CP"
"30D","AR","Pleiocarpidia sandakanica","RUBIACEAE","Pleiocarpidia","sandakanica",179,11.4,"CP"
"30D","AR","Lepisanthes senegalensis","SAPINDACEAE","Lepisanthes","senegalensis",105,10.1,"CP"
"30D","AR","Microcos ossea","MALVACEAE","Microcos","ossea",116,12,"CP"
"30D","AR","Elaeocarpus unknown mixed","ELAEOCARPACEAE","Elaeocarpus","unknown mixed",374,25.4,"CP"
"30D","AR","Canarium decumanum","BURSERACEAE","Canarium","decumanum",424,23.6,"CP"
"30D","AR","Diospyros macrophylla","EBENACEAE","Diospyros","macrophylla",123,19.6,"CP"
"30D","AR","Parashorea malaanonan","DIPTEROCARPACEAE","Parashorea","malaanonan",114,13.9,"CP"
"30D","AR","Shorea leprosula","DIPTEROCARPACEAE","Shorea","leprosula",166,18.9,"CP"
"30D","AR","Shorea johorensis","DIPTEROCARPACEAE","Shorea","johorensis",361,31.4,"CP"
"30D","AR","Ludekia borneensis","RUBIACEAE","Ludekia","borneensis",183,9.2,"CP"
"30D","AR","Canarium odontophyllum","BURSERACEAE","Canarium","odontophyllum",142,11.3,"CP"
"30D","AR","Parashorea malaanonan","DIPTEROCARPACEAE","Parashorea","malaanonan",179,18.4,"CP"
"30D","AR","Blumeodendron tokbrai","EUPHORBIACEAE","Blumeodendron","tokbrai",125,10.7,"CP"
"31D","NR","Symplocos fasciculata","SYMPLOCACEAE","Symplocos","fasciculata",109,11.9,"CP"
"31D","NR","Unknown unknown mixed","RUBIACEAE","Unknown","unknown mixed",665,31,"CP"
"31D","NR","Brownlowia stipulata","MALVACEAE","Brownlowia","stipulata",136,6.1,"CP"
"31D","NR","Callicarpa pentandra","LAMIACEAE","Callicarpa","pentandra",120,12.9,"CP"
"31D","NR","Callicarpa pentandra","LAMIACEAE","Callicarpa","pentandra",104,5.2,"CP"
"31D","NR","Callicarpa pentandra","LAMIACEAE","Callicarpa","pentandra",202,16.7,"CP"
"31D","NR","Pterospermum javanicum","MALVACEAE","Pterospermum","javanicum",395,13.1,"CP"
"31D","NR","Symplocos fasciculata","SYMPLOCACEAE","Symplocos","fasciculata",114,5.8,"CP"
"31D","NR","Shorea leprosula","DIPTEROCARPACEAE","Shorea","leprosula",111,6.4,"CP"
"31D","NR","Shorea leprosula","DIPTEROCARPACEAE","Shorea","leprosula",158,11,"CP"
"31D","NR","Symplocos fasciculata","SYMPLOCACEAE","Symplocos","fasciculata",137,7.8,"CP"
"31D","NR","Ficus unknown mixed","MORACEAE","Ficus","unknown mixed",104,3.5,"CP"
"31D","NR","Ficus unknown mixed","MORACEAE","Ficus","unknown mixed",107,4.2,"CP"
"31D","NR","Semecarpus bunburyana","ANACARDIACEAE","Semecarpus","bunburyana",147,3.9,"CP"
"31D","NR","Pleiocarpidia sandakanica","RUBIACEAE","Pleiocarpidia","sandakanica",183,10.1,"CP"
"31D","NR","Symplocos fasciculata","SYMPLOCACEAE","Symplocos","fasciculata",197,9.8,"CP"
"31D","NR","Pleiocarpidia sandakanica","RUBIACEAE","Pleiocarpidia","sandakanica",174,7.7,"CP"
"31D","NR","Pleiocarpidia sandakanica","RUBIACEAE","Pleiocarpidia","sandakanica",131,12.5,"CP"
"31D","NR","Symplocos fasciculata","SYMPLOCACEAE","Symplocos","fasciculata",155,12,"CP"
"31D","NR","Symplocos fasciculata","SYMPLOCACEAE","Symplocos","fasciculata",153,13.8,"CP"
"31D","NR","Symplocos fasciculata","SYMPLOCACEAE","Symplocos","fasciculata",177,7.3,"CP"
"31D","NR","Pleiocarpidia sandakanica","RUBIACEAE","Pleiocarpidia","sandakanica",127,8.3,"CP"
"31D","NR","Octomeles sumatrana","TETRAMELACEAE","Octomeles","sumatrana",756,20.9,"CP"
"31D","NR","Pleiocarpidia sandakanica","RUBIACEAE","Pleiocarpidia","sandakanica",215,7.5,"CP"
"31D","NR","Pleiocarpidia sandakanica","RUBIACEAE","Pleiocarpidia","sandakanica",107,8.6,"CP"
"31D","NR","Pleiocarpidia sandakanica","RUBIACEAE","Pleiocarpidia","sandakanica",181,10,"CP"
"31D","NR","Ficus variegata","MORACEAE","Ficus","variegata",160,8.7,"CP"
"31D","NR","Pterospermum javanicum","MALVACEAE","Pterospermum","javanicum",238,10.3,"CP"
"31D","NR","Pleiocarpidia sandakanica","RUBIACEAE","Pleiocarpidia","sandakanica",154,10,"CP"
"31D","NR","Glochidion elmari","PHYLLANTHACEAE","Glochidion","elmari",133,7.2,"CP"
"31D","NR","Dillenia excelsa","DILLENIACEAE","Dillenia","excelsa",132,8.8,"CP"
"31D","NR","Ficus unknown mixed","MORACEAE","Ficus","unknown mixed",160,4.1,"CP"
"31D","NR","Glochidion elmari","PHYLLANTHACEAE","Glochidion","elmari",106,4.8,"CP"
"31D","NR","Diospyros curranii","EBENACEAE","Diospyros","curranii",108,8.4,"CP"
"31D","NR","Diospyros macrophylla","EBENACEAE","Diospyros","macrophylla",135,12.5,"CP"
"31D","NR","Shorea leprosula","DIPTEROCARPACEAE","Shorea","leprosula",197,6,"CP"
"32D","NR","Syzygium unknown mixed","MYRTACEAE","Syzygium","unknown mixed",143,9.7,"CP"
"32D","NR","Diospyros unknown mixed","EBENACEAE","Diospyros","unknown mixed",124,6.3,"CP"
"32D","NR","Alangium javanicum","ALANGIACEAE","Alangium","javanicum",108,12.4,"CP"
"32D","NR","Shorea pauciflora","DIPTEROCARPACEAE","Shorea","pauciflora",857,27.1,"CP"
"32D","NR","Barringtonia lanceolata","BARRINGTONIACEAE","Barringtonia","lanceolata",163,9.5,"CP"
"32D","NR","Litsea unknown mixed","LAURACEAE","Litsea","unknown mixed",102,9.8,"CP"
"32D","NR","Knema laurina","MYRISTICACEAE","Knema","laurina",104,8.8,"CP"
"32D","NR","Santiria laevigata","BURSERACEAE","Santiria","laevigata",107,7.8,"CP"
"32D","NR","Pentace laxiflora","MALVACEAE","Pentace","laxiflora",134,8.1,"CP"
"32D","NR","Pentace laxiflora","MALVACEAE","Pentace","laxiflora",137,5.3,"CP"
"32D","NR","Canarium odontophyllum","BURSERACEAE","Canarium","odontophyllum",121,8.6,"CP"
"32D","NR","Parashorea malaanonan","DIPTEROCARPACEAE","Parashorea","malaanonan",594,20.6,"CP"
"32D","NR","Pentace laxiflora","MALVACEAE","Pentace","laxiflora",155,18.8,"CP"
"32D","NR","Pentace laxiflora","MALVACEAE","Pentace","laxiflora",109,9.4,"CP"
"32D","NR","Shorea fallax","DIPTEROCARPACEAE","Shorea","fallax",117,9.6,"CP"
"32D","NR","Nephelium ramboutan-ake","SAPINDACEAE","Nephelium","ramboutan-ake",169,9.1,"CP"
"32D","NR","Barringtonia lanceolata","BARRINGTONIACEAE","Barringtonia","lanceolata",128,12.7,"CP"
"32D","NR","Beilschmiedia micrantha","LAURACEAE","Beilschmiedia","micrantha",178,12.2,"CP"
"32D","NR","Alangium javanicum","ALANGIACEAE","Alangium","javanicum",147,12.2,"CP"
"32D","NR","Beilschmiedia cuadrae","LAURACEAE","Beilschmiedia","cuadrae",375,23,"CP"
"32D","NR","Chisocheton sarawakensis","MELIACEAE","Chisocheton","sarawakensis",303,17.5,"CP"
"32D","NR","Maasia sumatrana","ANNONACEAE","Maasia","sumatrana",178,20.4,"CP"
"32D","NR","Shorea johorensis","DIPTEROCARPACEAE","Shorea","johorensis",281,20.7,"CP"
"32D","NR","Knema elmeri","MYRISTICACEAE","Knema","elmeri",209,19.6,"CP"
"32D","NR","Unknown unknown mixed","SAPINDACEAE","Unknown","unknown mixed",222,17.8,"CP"
"32D","NR","Barringtonia lanceolata","BARRINGTONIACEAE","Barringtonia","lanceolata",284,10.5,"CP"
"32D","NR","Meiogyne virgata","ANNONACEAE","Meiogyne","virgata",263,22.9,"CP"
"32D","NR","Unknown unknown mixed","MELIACEAE","Unknown","unknown mixed",120,6.4,"CP"
"32D","NR","Diospyros elliptifolia","EBENACEAE","Diospyros","elliptifolia",327,25.6,"CP"
"32D","NR","Shorea johorensis","DIPTEROCARPACEAE","Shorea","johorensis",297,17.2,"CP"
"32D","NR","Parashorea malaanonan","DIPTEROCARPACEAE","Parashorea","malaanonan",475,27.5,"CP"
"32D","NR","Horsfieldia polyspherula","MYRISTICACEAE","Horsfieldia","polyspherula",158,17.6,"CP"
"32D","NR","Baccaurea tetrandra","PHYLLANTHACEAE","Baccaurea","tetrandra",200,20,"CP"
"32D","NR","Knema latericia","MYRISTICACEAE","Knema","latericia",121,12.8,"CP"
"32D","NR","Ardisia  colorata","PRIMULACEAE","Ardisia ","colorata",130,12.9,"CP"
"32D","NR","Barringtonia macrostachya","BARRINGTONIACEAE","Barringtonia","macrostachya",122,11.9,"CP"
"32D","NR","Diospyros elliptifolia","EBENACEAE","Diospyros","elliptifolia",155,15,"CP"
"32D","NR","Dysoxylum cyrtobotryum","MELIACEAE","Dysoxylum","cyrtobotryum",423,20.1,"CP"
"32D","NR","Parashorea malaanonan","DIPTEROCARPACEAE","Parashorea","malaanonan",600,33.4,"CP"
"32D","NR","Pentace laxiflora","MALVACEAE","Pentace","laxiflora",458,28.4,"CP"
"32D","NR","Baccaurea lanceolata","PHYLLANTHACEAE","Baccaurea","lanceolata",125,11,"CP"
"32D","NR","Neoscortechinia kingii","EUPHORBIACEAE","Neoscortechinia","kingii",220,18.4,"CP"
"32D","NR","Pentace laxiflora","MALVACEAE","Pentace","laxiflora",591,24.5,"CP"
"32D","NR","Pentace laxiflora","MALVACEAE","Pentace","laxiflora",239,9.6,"CP"
"32D","NR","Chisocheton sarawakensis","MELIACEAE","Chisocheton","sarawakensis",225,16.9,"CP"
"32D","NR","Diospyros elliptifolia","EBENACEAE","Diospyros","elliptifolia",152,10.6,"CP"
"32D","NR","Knema latericia","MYRISTICACEAE","Knema","latericia",117,11.5,"CP"
"32D","NR","Pentace laxiflora","MALVACEAE","Pentace","laxiflora",115,10.9,"CP"
"32D","NR","Sindora irpicina","FABACEAE","Sindora","irpicina",134,11.2,"CP"
"32D","NR","Pentace laxiflora","MALVACEAE","Pentace","laxiflora",148,12.1,"CP"
"32D","NR","Lansium domesticum","MELIACEAE","Lansium","domesticum",143,14.9,"CP"
"32D","NR","Unknown unknown mixed","ANNONACEAE","Unknown","unknown mixed",130,10,"CP"
"32D","NR","Pentace laxiflora","MALVACEAE","Pentace","laxiflora",377,15.4,"CP"
"32D","NR","Unknown species 8","ANNONACEAE","Unknown","species 8",111,13.2,"CP"
"32D","NR","Mallotus wrayi","EUPHORBIACEAE","Mallotus","wrayi",114,8.2,"CP"
"32D","NR","Barringtonia lanceolata","BARRINGTONIACEAE","Barringtonia","lanceolata",134,12.6,"CP"
"32D","NR","Scaphium macropodum","MALVACEAE","Scaphium","macropodum",634,30.3,"CP"
"32D","NR","Shorea seminis","DIPTEROCARPACEAE","Shorea","seminis",303,19.5,"CP"
"32D","NR","Unknown unknown mixed","ANNONACEAE","Unknown","unknown mixed",188,15.5,"CP"
"32D","NR","Parashorea malaanonan","DIPTEROCARPACEAE","Parashorea","malaanonan",817,35.2,"CP"
"32D","NR","Barringtonia lanceolata","BARRINGTONIACEAE","Barringtonia","lanceolata",131,17.6,"CP"
"32D","NR","Drypetes unknown mixed","PUTRANJIVACEAE","Drypetes","unknown mixed",140,14,"CP"
"32D","NR","Unknown unknown mixed","MELIACEAE","Unknown","unknown mixed",472,20.7,"CP"
"32D","NR","Nephelium cuspidatum","SAPINDACEAE","Nephelium","cuspidatum",268,11.9,"CP"
"32D","NR","Parashorea malaanonan","DIPTEROCARPACEAE","Parashorea","malaanonan",155,13,"CP"
"32D","NR","Aglaia unknown mixed","MELIACEAE","Aglaia","unknown mixed",105,9.4,"CP"
"32D","NR","Pentace laxiflora","MALVACEAE","Pentace","laxiflora",133,9.9,"CP"
"32D","NR","Actinodaphne unknown mixed","LAURACEAE","Actinodaphne","unknown mixed",209,12.5,"CP"
"32D","NR","Neoscortechinia kingii","EUPHORBIACEAE","Neoscortechinia","kingii",133,17.8,"CP"
"32D","NR","Madhuca korthalsii","SAPOTACEAE","Madhuca","korthalsii",240,24.8,"CP"
"32D","NR","Pentace laxiflora","MALVACEAE","Pentace","laxiflora",555,29.4,"CP"
"32D","NR","Pentace laxiflora","MALVACEAE","Pentace","laxiflora",194,10,"CP"
"32D","NR","Horsfieldia polyspherula","MYRISTICACEAE","Horsfieldia","polyspherula",272,16.6,"CP"
"32D","NR","Knema latericia","MYRISTICACEAE","Knema","latericia",122,16.6,"CP"
"32D","NR","Chisocheton macranthus","MELIACEAE","Chisocheton","macranthus",564,26.1,"CP"
"32D","NR","Unknown unknown mixed","LIANA","Unknown","unknown mixed",110,22,"CP"
"32D","NR","Santiria laevigata","BURSERACEAE","Santiria","laevigata",102,10.4,"CP"
"32D","NR","Garcinia forbesii","CLUSIACEAE","Garcinia","forbesii",175,12.9,"CP"
"32D","NR","Shorea fallax","DIPTEROCARPACEAE","Shorea","fallax",306,30.4,"CP"
"32D","NR","Shorea fallax","DIPTEROCARPACEAE","Shorea","fallax",840,33,"CP"
"32D","NR","Dehaasia caesia","LAURACEAE","Dehaasia","caesia",203,15.4,"CP"
"32D","NR","Litsea caulocarpa","LAURACEAE","Litsea","caulocarpa",146,5.6,"CP"
"32D","NR","Litsea caulocarpa","LAURACEAE","Litsea","caulocarpa",105,12.4,"CP"
"32D","NR","Chionanthus pluriflorus","OLEACEAE","Chionanthus","pluriflorus",150,9.1,"CP"
"32D","NR","Pentace laxiflora","MALVACEAE","Pentace","laxiflora",130,9.8,"CP"
"32D","NR","Alangium javanicum","ALANGIACEAE","Alangium","javanicum",106,8.2,"CP"
"32D","NR","Lithocarpus unknown mixed","FAGACEAE","Lithocarpus","unknown mixed",138,14.8,"CP"
"32D","NR","Shorea parvifolia","DIPTEROCARPACEAE","Shorea","parvifolia",244,19.1,"CP"
"32D","NR","Shorea seminis","DIPTEROCARPACEAE","Shorea","seminis",1095,22.6,"CP"
"32D","NR","Shorea fallax","DIPTEROCARPACEAE","Shorea","fallax",768,35.8,"CP"
"32D","NR","Shorea gibbosa","DIPTEROCARPACEAE","Shorea","gibbosa",214,4.2,"CP"
"32D","NR","Madhuca korthalsii","SAPOTACEAE","Madhuca","korthalsii",159,11.6,"CP"
"32D","NR","Shorea seminis","DIPTEROCARPACEAE","Shorea","seminis",132,8.6,"CP"
"32D","NR","Hopea nervosa","DIPTEROCARPACEAE","Hopea","nervosa",240,15,"CP"
"32D","NR","Neesia synandra","MALVACEAE","Neesia","synandra",158,8.1,"CP"
"32D","NR","Shorea gibbosa","DIPTEROCARPACEAE","Shorea","gibbosa",810,34.9,"CP"
"32D","NR","Parashorea malaanonan","DIPTEROCARPACEAE","Parashorea","malaanonan",319,19.5,"CP"
"32D","NR","Syzygium unknown mixed","MYRTACEAE","Syzygium","unknown mixed",166,16.6,"CP"
"32D","NR","Dehaasia unknown mixed","LAURACEAE","Dehaasia","unknown mixed",155,15.1,"CP"
"33D","NR","Macaranga gigantea","EUPHORBIACEAE","Macaranga","gigantea",227,22.1,"CP"
"33D","NR","Macaranga pearsonii","EUPHORBIACEAE","Macaranga","pearsonii",432,25.2,"CP"
"33D","NR","Macaranga gigantea","EUPHORBIACEAE","Macaranga","gigantea",190,17.3,"CP"
"33D","NR","Shorea fallax","DIPTEROCARPACEAE","Shorea","fallax",170,12.1,"CP"
"33D","NR","Unknown unknown mixed","RUBIACEAE","Unknown","unknown mixed",238,19.8,"CP"
"33D","NR","Shorea macroptera","DIPTEROCARPACEAE","Shorea","macroptera",139,11.6,"CP"
"33D","NR","Barringtonia lanceolata","BARRINGTONIACEAE","Barringtonia","lanceolata",363,34.9,"CP"
"33D","NR","Shorea gibbosa","DIPTEROCARPACEAE","Shorea","gibbosa",175,12.1,"CP"
"33D","NR","Knema elmeri","MYRISTICACEAE","Knema","elmeri",126,10.9,"CP"
"33D","NR","Scaphium macropodum","MALVACEAE","Scaphium","macropodum",300,21.7,"CP"
"33D","NR","Shorea gibbosa","DIPTEROCARPACEAE","Shorea","gibbosa",117,14.6,"CP"
"33D","NR","Macaranga gigantea","EUPHORBIACEAE","Macaranga","gigantea",381,21.8,"CP"
"33D","NR","Shorea gibbosa","DIPTEROCARPACEAE","Shorea","gibbosa",561,29.5,"CP"
"33D","NR","Shorea gibbosa","DIPTEROCARPACEAE","Shorea","gibbosa",167,16.5,"CP"
"33D","NR","Koilodepas longifolium","EUPHORBIACEAE","Koilodepas","longifolium",125,4.9,"CP"
"33D","NR","Shorea gibbosa","DIPTEROCARPACEAE","Shorea","gibbosa",460,20.5,"CP"
"33D","NR","Macaranga gigantea","EUPHORBIACEAE","Macaranga","gigantea",289,10.7,"CP"
"33D","NR","Knema latericia","MYRISTICACEAE","Knema","latericia",111,9.4,"CP"
"33D","NR","Gironniera nervosa","ULMACEAE","Gironniera","nervosa",128,11.2,"CP"
"33D","NR","Ochanostachys amentacea","OLACACEAE","Ochanostachys","amentacea",267,14.2,"CP"
"33D","NR","Shorea gibbosa","DIPTEROCARPACEAE","Shorea","gibbosa",123,13,"CP"
"33D","NR","Shorea gibbosa","DIPTEROCARPACEAE","Shorea","gibbosa",197,20.1,"CP"
"33D","NR","Shorea gibbosa","DIPTEROCARPACEAE","Shorea","gibbosa",211,15,"CP"
"33D","NR","Shorea gibbosa","DIPTEROCARPACEAE","Shorea","gibbosa",343,30.4,"CP"
"33D","NR","Dehaasia unknown mixed","LAURACEAE","Dehaasia","unknown mixed",283,4.8,"CP"
"33D","NR","Alangium javanicum","ALANGIACEAE","Alangium","javanicum",281,23.4,"CP"
"33D","NR","Macaranga gigantea","EUPHORBIACEAE","Macaranga","gigantea",469,25.9,"CP"
"33D","NR","Shorea gibbosa","DIPTEROCARPACEAE","Shorea","gibbosa",225,18,"CP"
"33D","NR","Shorea gibbosa","DIPTEROCARPACEAE","Shorea","gibbosa",131,13.3,"CP"
"33D","NR","Dryobalanops lanceolata","DIPTEROCARPACEAE","Dryobalanops","lanceolata",202,18.5,"CP"
"33D","NR","Shorea gibbosa","DIPTEROCARPACEAE","Shorea","gibbosa",240,14.9,"CP"
"33D","NR","Shorea gibbosa","DIPTEROCARPACEAE","Shorea","gibbosa",143,7.4,"CP"
"33D","NR","Gironniera nervosa","ULMACEAE","Gironniera","nervosa",154,16.7,"CP"
"33D","NR","Dryobalanops lanceolata","DIPTEROCARPACEAE","Dryobalanops","lanceolata",189,18,"CP"
"33D","NR","Shorea gibbosa","DIPTEROCARPACEAE","Shorea","gibbosa",108,8,"CP"
"33D","NR","Pentace laxiflora","MALVACEAE","Pentace","laxiflora",158,8.5,"CP"
"33D","NR","Parashorea malaanonan","DIPTEROCARPACEAE","Parashorea","malaanonan",180,19.5,"CP"
"33D","NR","Shorea parvifolia","DIPTEROCARPACEAE","Shorea","parvifolia",110,11,"CP"
"33D","NR","Shorea fallax","DIPTEROCARPACEAE","Shorea","fallax",108,12.5,"CP"
"33D","NR","Shorea fallax","DIPTEROCARPACEAE","Shorea","fallax",103,12.1,"CP"
"33D","NR","Shorea fallax","DIPTEROCARPACEAE","Shorea","fallax",345,20,"CP"
"33D","NR","Triomma malaccensis","BURSERACEAE","Triomma","malaccensis",108,19.9,"CP"
"33D","NR","Shorea gibbosa","DIPTEROCARPACEAE","Shorea","gibbosa",167,15.7,"CP"
"33D","NR","Shorea fallax","DIPTEROCARPACEAE","Shorea","fallax",147,9.4,"CP"
"33D","NR","Shorea johorensis","DIPTEROCARPACEAE","Shorea","johorensis",282,23.4,"CP"
"33D","NR","Shorea parvifolia","DIPTEROCARPACEAE","Shorea","parvifolia",267,18.9,"CP"
"33D","NR","Parashorea malaanonan","DIPTEROCARPACEAE","Parashorea","malaanonan",151,17.9,"CP"
"33D","NR","Xanthophyllum unknown mixed","POLYGALACEAE","Xanthophyllum","unknown mixed",200,14.1,"CP"
"33D","NR","Parashorea malaanonan","DIPTEROCARPACEAE","Parashorea","malaanonan",253,23.8,"CP"
"33D","NR","Pometia pinnata","SAPINDACEAE","Pometia","pinnata",135,15.7,"CP"
"33D","NR","Shorea fallax","DIPTEROCARPACEAE","Shorea","fallax",208,19.5,"CP"
"33D","NR","Parashorea malaanonan","DIPTEROCARPACEAE","Parashorea","malaanonan",211,18.1,"CP"
"33D","NR","Syzygium unknown mixed","MYRTACEAE","Syzygium","unknown mixed",150,16,"CP"
"33D","NR","Shorea fallax","DIPTEROCARPACEAE","Shorea","fallax",104,15.1,"CP"
"33D","NR","Shorea fallax","DIPTEROCARPACEAE","Shorea","fallax",149,14.3,"CP"
"33D","NR","Palaquium beccarianum","SAPOTACEAE","Palaquium","beccarianum",112,10.5,"CP"
"33D","NR","Stemonurus scorpiodes","STEMONURACEAE","Stemonurus","scorpiodes",221,20.6,"CP"
"33D","NR","Unknown unknown mixed","LAURACEAE","Unknown","unknown mixed",154,12.2,"CP"
"33D","NR","Dryobalanops lanceolata","DIPTEROCARPACEAE","Dryobalanops","lanceolata",216,17.1,"CP"
"33D","NR","Mallotus wrayi","EUPHORBIACEAE","Mallotus","wrayi",120,8.4,"CP"
"33D","NR","Cryptocarya erectinervia","LAURACEAE","Cryptocarya","erectinervia",214,18.7,"CP"
"33D","NR","Drypetes unknown mixed","PUTRANJIVACEAE","Drypetes","unknown mixed",136,13.7,"CP"
"33D","NR","Neesia synandra","MALVACEAE","Neesia","synandra",187,17.3,"CP"
"33D","NR","Dryobalanops lanceolata","DIPTEROCARPACEAE","Dryobalanops","lanceolata",155,16.5,"CP"
"33D","NR","Beilschmiedia unknown mixed","LAURACEAE","Beilschmiedia","unknown mixed",212,16.8,"CP"
"33D","NR","Shorea johorensis","DIPTEROCARPACEAE","Shorea","johorensis",333,23.7,"CP"
"33D","NR","Pternandra coerulescens","MELASTOMATACEAE","Pternandra","coerulescens",107,13.2,"CP"
"33D","NR","Shorea fallax","DIPTEROCARPACEAE","Shorea","fallax",124,11.6,"CP"
"33D","NR","Beilschmiedia unknown mixed","LAURACEAE","Beilschmiedia","unknown mixed",228,17.2,"CP"
"33D","NR","Shorea fallax","DIPTEROCARPACEAE","Shorea","fallax",104,13.5,"CP"
"33D","NR","Hopea nervosa","DIPTEROCARPACEAE","Hopea","nervosa",270,16.3,"CP"
"33D","NR","Parinari unknown mixed","CHRYSOBALANACEAE","Parinari","unknown mixed",459,20.8,"CP"
"33D","NR","Beilschmiedia unknown mixed","LAURACEAE","Beilschmiedia","unknown mixed",110,10.4,"CP"
"33D","NR","Psydrax dicoccus","RUBIACEAE","Psydrax","dicoccus",118,10.2,"CP"
"33D","NR","Dryobalanops lanceolata","DIPTEROCARPACEAE","Dryobalanops","lanceolata",226,21,"CP"
"33D","NR","Dillenia excelsa","DILLENIACEAE","Dillenia","excelsa",118,11.5,"CP"
"33D","NR","Neesia unknown mixed","MALVACEAE","Neesia","unknown mixed",111,12.9,"CP"
"33D","NR","Lithocarpus gracilis","FAGACEAE","Lithocarpus","gracilis",171,14.7,"CP"
"33D","NR","Macaranga pearsonii","EUPHORBIACEAE","Macaranga","pearsonii",485,26.7,"CP"
"33D","NR","Unknown unknown mixed","LIANA","Unknown","unknown mixed",153,23.4,"CP"
"33D","NR","Macaranga pearsonii","EUPHORBIACEAE","Macaranga","pearsonii",284,21.7,"CP"
"33D","NR","Shorea parvifolia","DIPTEROCARPACEAE","Shorea","parvifolia",208,17.9,"CP"
"33D","NR","Macaranga pearsonii","EUPHORBIACEAE","Macaranga","pearsonii",318,16,"CP"
"33D","NR","Parashorea malaanonan","DIPTEROCARPACEAE","Parashorea","malaanonan",757,25.3,"CP"
"33D","NR","Macaranga hypoleuca","EUPHORBIACEAE","Macaranga","hypoleuca",261,14.2,"CP"
"33D","NR","Macaranga hypoleuca","EUPHORBIACEAE","Macaranga","hypoleuca",341,17.4,"CP"
"33D","NR","Urophyllum  glabrum","RUBIACEAE","Urophyllum ","glabrum",190,15.4,"CP"
"33D","NR","Unknown unknown mixed","RUBIACEAE","Unknown","unknown mixed",227,16.3,"CP"
"33D","NR","Shorea fallax","DIPTEROCARPACEAE","Shorea","fallax",101,12.8,"CP"
"33D","NR","Macaranga gigantea","EUPHORBIACEAE","Macaranga","gigantea",339,16.3,"CP"
"33D","NR","Neesia synandra","MALVACEAE","Neesia","synandra",121,13.1,"CP"
"33D","NR","Xanthophyllum unknown mixed","POLYGALACEAE","Xanthophyllum","unknown mixed",209,14.6,"CP"
"33D","NR","Shorea parvifolia","DIPTEROCARPACEAE","Shorea","parvifolia",299,27.1,"CP"
"33D","NR","Dryobalanops lanceolata","DIPTEROCARPACEAE","Dryobalanops","lanceolata",302,25.8,"CP"
"33D","NR","Macaranga hypoleuca","EUPHORBIACEAE","Macaranga","hypoleuca",225,9.2,"CP"
"33D","NR","Macaranga pearsonii","EUPHORBIACEAE","Macaranga","pearsonii",353,28.3,"CP"
"33D","NR","Macaranga hypoleuca","EUPHORBIACEAE","Macaranga","hypoleuca",287,17,"CP"
"33D","NR","Lithocarpus nieuwenhuisii","FAGACEAE","Lithocarpus","nieuwenhuisii",151,15.4,"CP"
"33D","NR","Macaranga hypoleuca","EUPHORBIACEAE","Macaranga","hypoleuca",242,12.9,"CP"
"33D","NR","Pternandra coerulescens","MELASTOMATACEAE","Pternandra","coerulescens",112,9.2,"CP"
"33D","NR","Unknown unknown mixed","RUBIACEAE","Unknown","unknown mixed",128,11,"CP"
"33D","NR","Macaranga hypoleuca","EUPHORBIACEAE","Macaranga","hypoleuca",422,33.2,"CP"
"33D","NR","Macaranga hypoleuca","EUPHORBIACEAE","Macaranga","hypoleuca",336,29.5,"CP"
"33D","NR","Pternandra coerulescens","MELASTOMATACEAE","Pternandra","coerulescens",110,14.1,"CP"
"33D","NR","Shorea johorensis","DIPTEROCARPACEAE","Shorea","johorensis",213,22.1,"CP"
"33D","NR","Macaranga gigantea","EUPHORBIACEAE","Macaranga","gigantea",289,18.7,"CP"
"33D","NR","Macaranga pearsonii","EUPHORBIACEAE","Macaranga","pearsonii",578,30.1,"CP"
"33D","NR","Diospyros macrophylla","EBENACEAE","Diospyros","macrophylla",142,15.1,"CP"
"33D","NR","Macaranga pearsonii","EUPHORBIACEAE","Macaranga","pearsonii",363,27.1,"CP"
"33D","NR","Macaranga pearsonii","EUPHORBIACEAE","Macaranga","pearsonii",300,29.5,"CP"
"33D","NR","Macaranga pearsonii","EUPHORBIACEAE","Macaranga","pearsonii",705,29.8,"CP"
"33D","NR","Shorea fallax","DIPTEROCARPACEAE","Shorea","fallax",161,17.9,"CP"
"33D","NR","Macaranga gigantea","EUPHORBIACEAE","Macaranga","gigantea",394,21.8,"CP"
"33D","NR","Unknown unknown mixed","RUBIACEAE","Unknown","unknown mixed",103,11.7,"CP"
"33D","NR","Macaranga hypoleuca","EUPHORBIACEAE","Macaranga","hypoleuca",304,22.3,"CP"
"33D","NR","Gironniera nervosa","ULMACEAE","Gironniera","nervosa",115,10.9,"CP"
"33D","NR","Macaranga hypoleuca","EUPHORBIACEAE","Macaranga","hypoleuca",392,18.7,"CP"
"33D","NR","Shorea macrophylla","DIPTEROCARPACEAE","Shorea","macrophylla",225,15.9,"CP"
"33D","NR","Baccaurea tetrandra","PHYLLANTHACEAE","Baccaurea","tetrandra",108,9.2,"CP"
"33D","NR","Dryobalanops lanceolata","DIPTEROCARPACEAE","Dryobalanops","lanceolata",220,31.9,"CP"
"33D","NR","Santiria laevigata","BURSERACEAE","Santiria","laevigata",123,14.5,"CP"
"33D","NR","Shorea johorensis","DIPTEROCARPACEAE","Shorea","johorensis",180,15.5,"CP"
"33D","NR","Shorea gibbosa","DIPTEROCARPACEAE","Shorea","gibbosa",234,16.9,"CP"
"33D","NR","Shorea gibbosa","DIPTEROCARPACEAE","Shorea","gibbosa",153,14,"CP"
"33D","NR","Unknown unknown mixed","MELIACEAE","Unknown","unknown mixed",128,16.3,"CP"
"33D","NR","Unknown unknown mixed","LIANA","Unknown","unknown mixed",120,14.3,"CP"
"33D","NR","Shorea gibbosa","DIPTEROCARPACEAE","Shorea","gibbosa",390,15.8,"CP"
"33D","NR","Shorea gibbosa","DIPTEROCARPACEAE","Shorea","gibbosa",200,22,"CP"
"33D","NR","Shorea gibbosa","DIPTEROCARPACEAE","Shorea","gibbosa",188,19.4,"CP"
"33D","NR","Koilodepas longifolium","EUPHORBIACEAE","Koilodepas","longifolium",130,8.2,"CP"
"33D","NR","Dillenia excelsa","DILLENIACEAE","Dillenia","excelsa",160,12.3,"CP"
"33D","NR","Chisocheton sarawakensis","MELIACEAE","Chisocheton","sarawakensis",120,13.9,"CP"
"33D","NR","Macaranga pearsonii","EUPHORBIACEAE","Macaranga","pearsonii",308,15.7,"CP"
"33D","NR","Macaranga gigantea","EUPHORBIACEAE","Macaranga","gigantea",336,16.3,"CP"
"33D","NR","Shorea parvifolia","DIPTEROCARPACEAE","Shorea","parvifolia",144,12.8,"CP"
"33D","NR","Shorea parvifolia","DIPTEROCARPACEAE","Shorea","parvifolia",173,22.8,"CP"
"33D","NR","Macaranga gigantea","EUPHORBIACEAE","Macaranga","gigantea",437,32.8,"CP"
"33D","NR","Macaranga pearsonii","EUPHORBIACEAE","Macaranga","pearsonii",487,20.8,"CP"
"33D","NR","Macaranga pearsonii","EUPHORBIACEAE","Macaranga","pearsonii",115,21,"CP"
"33D","NR","Shorea parvifolia","DIPTEROCARPACEAE","Shorea","parvifolia",380,14.9,"CP"
"34D","NR","Canarium denticulatum","BURSERACEAE","Canarium","denticulatum",108,9,"CP"
"34D","NR","Diospyros macrophylla","EBENACEAE","Diospyros","macrophylla",286,22.5,"CP"
"34D","NR","Shorea johorensis","DIPTEROCARPACEAE","Shorea","johorensis",275,17,"CP"
"34D","NR","Cleistanthus hirsutulus","PHYLLANTHACEAE","Cleistanthus","hirsutulus",102,6.4,"CP"
"34D","NR","Dipterocarpus unknown mixed","DIPTEROCARPACEAE","Dipterocarpus","unknown mixed",138,11.2,"CP"
"34D","NR","Brownlowia peltata","MALVACEAE","Brownlowia","peltata",112,5.4,"CP"
"34D","NR","Pterospermum javanicum","MALVACEAE","Pterospermum","javanicum",265,14.1,"CP"
"34D","NR","Brownlowia peltata","MALVACEAE","Brownlowia","peltata",103,4.2,"CP"
"34D","NR","Brownlowia peltata","MALVACEAE","Brownlowia","peltata",118,3.8,"CP"
"34D","NR","Pterospermum javanicum","MALVACEAE","Pterospermum","javanicum",654,24.5,"CP"
"34D","NR","Pterospermum javanicum","MALVACEAE","Pterospermum","javanicum",343,21.4,"CP"
"34D","NR","Pterospermum javanicum","MALVACEAE","Pterospermum","javanicum",289,15.7,"CP"
"34D","NR","Brownlowia peltata","MALVACEAE","Brownlowia","peltata",137,10.3,"CP"
"34D","NR","Parashorea malaanonan","DIPTEROCARPACEAE","Parashorea","malaanonan",1953,43.1,"CP"
"34D","NR","Pterospermum javanicum","MALVACEAE","Pterospermum","javanicum",164,15.3,"CP"
"34D","NR","Pterospermum javanicum","MALVACEAE","Pterospermum","javanicum",199,11.2,"CP"
"34D","NR","Pterospermum javanicum","MALVACEAE","Pterospermum","javanicum",125,9.6,"CP"
"34D","NR","Pterospermum javanicum","MALVACEAE","Pterospermum","javanicum",132,10.5,"CP"
"34D","NR","Pterospermum javanicum","MALVACEAE","Pterospermum","javanicum",103,12.8,"CP"
"34D","NR","Pterospermum javanicum","MALVACEAE","Pterospermum","javanicum",232,19.8,"CP"
"34D","NR","Pterospermum javanicum","MALVACEAE","Pterospermum","javanicum",517,24.5,"CP"
"34D","NR","Pterospermum javanicum","MALVACEAE","Pterospermum","javanicum",113,10.8,"CP"
"34D","NR","Pterospermum javanicum","MALVACEAE","Pterospermum","javanicum",290,18.1,"CP"
"34D","NR","Pterospermum javanicum","MALVACEAE","Pterospermum","javanicum",156,9.4,"CP"
"34D","NR","Pterospermum javanicum","MALVACEAE","Pterospermum","javanicum",197,13.3,"CP"
"34D","NR","Pterospermum javanicum","MALVACEAE","Pterospermum","javanicum",107,8.9,"CP"
"34D","NR","Pterospermum javanicum","MALVACEAE","Pterospermum","javanicum",250,20.8,"CP"
"34D","NR","Pterospermum javanicum","MALVACEAE","Pterospermum","javanicum",156,10.3,"CP"
"34D","NR","Parashorea tomentella","DIPTEROCARPACEAE","Parashorea","tomentella",201,18,"CP"
"34D","NR","Pterospermum javanicum","MALVACEAE","Pterospermum","javanicum",211,19,"CP"
"34D","NR","Paranephelium xestophyllum","SAPINDACEAE","Paranephelium","xestophyllum",103,10,"CP"
"34D","NR","Pterospermum javanicum","MALVACEAE","Pterospermum","javanicum",167,20.1,"CP"
"34D","NR","Duabanga moluccana","SONNERATIACEAE","Duabanga","moluccana",274,20.2,"CP"
"34D","NR","Pterospermum javanicum","MALVACEAE","Pterospermum","javanicum",304,23.2,"CP"
"34D","NR","Pterospermum javanicum","MALVACEAE","Pterospermum","javanicum",160,15,"CP"
"34D","NR","Pterospermum javanicum","MALVACEAE","Pterospermum","javanicum",204,6.6,"CP"
"34D","NR","Octomeles sumatrana","TETRAMELACEAE","Octomeles","sumatrana",730,38.4,"CP"
"34D","NR","Pterospermum javanicum","MALVACEAE","Pterospermum","javanicum",317,15.7,"CP"
"34D","NR","Pterospermum javanicum","MALVACEAE","Pterospermum","javanicum",299,13.6,"CP"
"34D","NR","Pterospermum javanicum","MALVACEAE","Pterospermum","javanicum",235,17.5,"CP"
"34D","NR","Pterospermum javanicum","MALVACEAE","Pterospermum","javanicum",142,9.2,"CP"
"34D","NR","Pterospermum javanicum","MALVACEAE","Pterospermum","javanicum",162,11.9,"CP"
"34D","NR","Pterospermum javanicum","MALVACEAE","Pterospermum","javanicum",264,18.5,"CP"
"34D","NR","Pterospermum javanicum","MALVACEAE","Pterospermum","javanicum",245,15.8,"CP"
"34D","NR","Pterospermum javanicum","MALVACEAE","Pterospermum","javanicum",130,11.9,"CP"
"34D","NR","Pterospermum javanicum","MALVACEAE","Pterospermum","javanicum",156,12.5,"CP"
"34D","NR","Pterospermum javanicum","MALVACEAE","Pterospermum","javanicum",173,13.3,"CP"
"34D","NR","Pterospermum javanicum","MALVACEAE","Pterospermum","javanicum",127,10,"CP"
"34D","NR","Pterospermum javanicum","MALVACEAE","Pterospermum","javanicum",118,9.8,"CP"
"34D","NR","Pterospermum javanicum","MALVACEAE","Pterospermum","javanicum",103,8.7,"CP"
"34D","NR","Pterospermum javanicum","MALVACEAE","Pterospermum","javanicum",249,12.1,"CP"
"34D","NR","Pterospermum javanicum","MALVACEAE","Pterospermum","javanicum",148,12.6,"CP"
"34D","NR","Pterospermum javanicum","MALVACEAE","Pterospermum","javanicum",222,18.6,"CP"
"34D","NR","Dendrocnide unknown mixed","URTICACEAE","Dendrocnide","unknown mixed",119,6.1,"CP"
"34D","NR","Pterospermum javanicum","MALVACEAE","Pterospermum","javanicum",283,22.6,"CP"
"34D","NR","Pterospermum javanicum","MALVACEAE","Pterospermum","javanicum",280,26.1,"CP"
"34D","NR","Dendrocnide unknown mixed","URTICACEAE","Dendrocnide","unknown mixed",139,10.1,"CP"
"34D","NR","Pterospermum javanicum","MALVACEAE","Pterospermum","javanicum",339,26.2,"CP"
"34D","NR","Pterospermum javanicum","MALVACEAE","Pterospermum","javanicum",318,19.9,"CP"
"34D","NR","Pterospermum javanicum","MALVACEAE","Pterospermum","javanicum",125,16.7,"CP"
"34D","NR","Pterospermum javanicum","MALVACEAE","Pterospermum","javanicum",190,7.2,"CP"
"34D","NR","Caryodaphnopsis tonkinensis","LAURACEAE","Caryodaphnopsis","tonkinensis",223,14.4,"CP"
"34D","NR","Pterospermum javanicum","MALVACEAE","Pterospermum","javanicum",147,10.2,"CP"
"34D","NR","Pterospermum javanicum","MALVACEAE","Pterospermum","javanicum",146,6.1,"CP"
"34D","NR","Pterospermum javanicum","MALVACEAE","Pterospermum","javanicum",385,12.7,"CP"
"34D","NR","Pterospermum javanicum","MALVACEAE","Pterospermum","javanicum",258,16.9,"CP"
"34D","NR","Pterospermum javanicum","MALVACEAE","Pterospermum","javanicum",325,18.3,"CP"
"34D","NR","Pterospermum javanicum","MALVACEAE","Pterospermum","javanicum",103,10,"CP"
"34D","NR","Pterospermum javanicum","MALVACEAE","Pterospermum","javanicum",112,8.1,"CP"
"34D","NR","Dimocarpus dentatus","SAPINDACEAE","Dimocarpus","dentatus",154,8.4,"CP"
"34D","NR","Dimocarpus dentatus","SAPINDACEAE","Dimocarpus","dentatus",130,6,"CP"
"34D","NR","Dimocarpus dentatus","SAPINDACEAE","Dimocarpus","dentatus",120,9.6,"CP"
"34D","NR","Pterospermum javanicum","MALVACEAE","Pterospermum","javanicum",138,9.9,"CP"
"34D","NR","Pterospermum javanicum","MALVACEAE","Pterospermum","javanicum",135,5.3,"CP"
"34D","NR","Pterospermum javanicum","MALVACEAE","Pterospermum","javanicum",115,11.8,"CP"
"34D","NR","Pterospermum javanicum","MALVACEAE","Pterospermum","javanicum",104,8,"CP"
"34D","NR","Pterospermum javanicum","MALVACEAE","Pterospermum","javanicum",365,26.2,"CP"
"34D","NR","Pterospermum javanicum","MALVACEAE","Pterospermum","javanicum",443,25.9,"CP"
"34D","NR","Pterospermum javanicum","MALVACEAE","Pterospermum","javanicum",311,20.6,"CP"
"34D","NR","Pterospermum javanicum","MALVACEAE","Pterospermum","javanicum",259,22.1,"CP"
"34D","NR","Pterospermum javanicum","MALVACEAE","Pterospermum","javanicum",283,13.9,"CP"
"34D","NR","Pterospermum javanicum","MALVACEAE","Pterospermum","javanicum",391,9.5,"CP"
"34D","NR","Pterospermum javanicum","MALVACEAE","Pterospermum","javanicum",153,11.6,"CP"
"34D","NR","Pterospermum javanicum","MALVACEAE","Pterospermum","javanicum",209,11.5,"CP"
"34D","NR","Pterospermum javanicum","MALVACEAE","Pterospermum","javanicum",125,5.5,"CP"
"34D","NR","Monoon grandiflorum","ANNONACEAE","Monoon","grandiflorum",115,5,"CP"
"34D","NR","Pterospermum javanicum","MALVACEAE","Pterospermum","javanicum",155,9.3,"CP"
"34D","NR","Pterospermum javanicum","MALVACEAE","Pterospermum","javanicum",144,10.8,"CP"
"34D","NR","Pterospermum javanicum","MALVACEAE","Pterospermum","javanicum",332,19.5,"CP"
"34D","NR","Pterospermum javanicum","MALVACEAE","Pterospermum","javanicum",154,6.8,"CP"
"34D","NR","Pterospermum javanicum","MALVACEAE","Pterospermum","javanicum",274,10.5,"CP"
"34D","NR","Pterospermum javanicum","MALVACEAE","Pterospermum","javanicum",350,21.1,"CP"
"34D","NR","Beilschmiedia unknown mixed","LAURACEAE","Beilschmiedia","unknown mixed",105,8.8,"CP"
"34D","NR","Pterospermum javanicum","MALVACEAE","Pterospermum","javanicum",240,14.6,"CP"
"34D","NR","Pterospermum javanicum","MALVACEAE","Pterospermum","javanicum",126,8.3,"CP"
"34D","NR","Pterospermum javanicum","MALVACEAE","Pterospermum","javanicum",135,16.3,"CP"
"34D","NR","Pterospermum javanicum","MALVACEAE","Pterospermum","javanicum",795,19.7,"CP"
"34D","NR","Pterospermum javanicum","MALVACEAE","Pterospermum","javanicum",404,5.6,"CP"
"34D","NR","Pterospermum javanicum","MALVACEAE","Pterospermum","javanicum",377,21.4,"CP"
"34D","NR","Pterospermum javanicum","MALVACEAE","Pterospermum","javanicum",238,14.6,"CP"
"34D","NR","Pterospermum javanicum","MALVACEAE","Pterospermum","javanicum",134,8.3,"CP"
"34D","NR","Parashorea malaanonan","DIPTEROCARPACEAE","Parashorea","malaanonan",190,10,"CP"
"34D","NR","Dipterocarpus unknown mixed","DIPTEROCARPACEAE","Dipterocarpus","unknown mixed",131,11.1,"CP"
"34D","NR","Paranephelium xestophyllum","SAPINDACEAE","Paranephelium","xestophyllum",185,11,"CP"
"34D","NR","Diospyros macrophylla","EBENACEAE","Diospyros","macrophylla",128,7.4,"CP"
"34D","NR","Pterospermum javanicum","MALVACEAE","Pterospermum","javanicum",205,11.3,"CP"
"35D","NR","Canarium decumanum","BURSERACEAE","Canarium","decumanum",141,14.7,"CP"
"35D","NR","Callicarpa pentandra","LAMIACEAE","Callicarpa","pentandra",262,13.1,"CP"
"35D","NR","Dehaasia incrassata","LAURACEAE","Dehaasia","incrassata",138,10.1,"CP"
"35D","NR","Meliosma sumatrana","SABIACEAE","Meliosma","sumatrana",127,8.4,"CP"
"35D","NR","Lepisanthes senegalensis","SAPINDACEAE","Lepisanthes","senegalensis",252,18.3,"CP"
"35D","NR","Elaeocarpus stipularis","ELAEOCARPACEAE","Elaeocarpus","stipularis",182,7.8,"CP"
"35D","NR","Sindora irpicina","FABACEAE","Sindora","irpicina",103,7.3,"CP"
"35D","NR","Paranephelium xestophyllum","SAPINDACEAE","Paranephelium","xestophyllum",114,11,"CP"
"35D","NR","Barringtonia macrostachya","BARRINGTONIACEAE","Barringtonia","macrostachya",192,10.4,"CP"
"35D","NR","Canarium decumanum","BURSERACEAE","Canarium","decumanum",119,10.2,"CP"
"35D","NR","Sindora irpicina","FABACEAE","Sindora","irpicina",125,12.2,"CP"
"35D","NR","Dehaasia caesia","LAURACEAE","Dehaasia","caesia",136,10.3,"CP"
"35D","NR","Glochidion elmari","PHYLLANTHACEAE","Glochidion","elmari",104,11.4,"CP"
"35D","NR","Meliosma sumatrana","SABIACEAE","Meliosma","sumatrana",100,10.2,"CP"
"35D","NR","Parashorea malaanonan","DIPTEROCARPACEAE","Parashorea","malaanonan",218,16.1,"CP"
"35D","NR","Canarium denticulatum","BURSERACEAE","Canarium","denticulatum",131,10.1,"CP"
"35D","NR","Diospyros macrophylla","EBENACEAE","Diospyros","macrophylla",174,10.9,"CP"
"35D","NR","Unknown unknown mixed","FABACEAE","Unknown","unknown mixed",104,9.6,"CP"
"35D","NR","Callicarpa pentandra","LAMIACEAE","Callicarpa","pentandra",259,9.3,"CP"
"35D","NR","Canarium denticulatum","BURSERACEAE","Canarium","denticulatum",124,8.6,"CP"
"35D","NR","Aglaia unknown mixed","MELIACEAE","Aglaia","unknown mixed",121,6.5,"CP"
"35D","NR","Dehaasia incrassata","LAURACEAE","Dehaasia","incrassata",124,10.4,"CP"
"35D","NR","Cryptocarya pulchrinervia","LAURACEAE","Cryptocarya","pulchrinervia",169,14,"CP"
"35D","NR","Paranephelium macrophyllum","SAPINDACEAE","Paranephelium","macrophyllum",104,10.6,"CP"
"35D","NR","Aglaia unknown mixed","MELIACEAE","Aglaia","unknown mixed",113,9.2,"CP"
"35D","NR","Aglaia unknown mixed","MELIACEAE","Aglaia","unknown mixed",137,11.6,"CP"
"35D","NR","Callicarpa pentandra","LAMIACEAE","Callicarpa","pentandra",370,17.1,"CP"
"35D","NR","Pleiocarpidia sandakanica","RUBIACEAE","Pleiocarpidia","sandakanica",162,13.3,"CP"
"35D","NR","Dendrocnide elliptica","URTICACEAE","Dendrocnide","elliptica",128,6.9,"CP"
"35D","NR","Brownlowia peltata","MALVACEAE","Brownlowia","peltata",118,6.1,"CP"
"35D","NR","Dehaasia incrassata","LAURACEAE","Dehaasia","incrassata",112,10.1,"CP"
"35D","NR","Chionanthus pluriflorus","OLEACEAE","Chionanthus","pluriflorus",114,8.3,"CP"
"35D","NR","Hydnocarpus anomalus","ACHARIACEAE","Hydnocarpus","anomalus",120,10.7,"CP"
"35D","NR","Lepisanthes senegalensis","SAPINDACEAE","Lepisanthes","senegalensis",124,10.4,"CP"
"35D","NR","Diospyros toposia","EBENACEAE","Diospyros","toposia",101,10.4,"CP"
"35D","NR","Diospyros cauliflora","EBENACEAE","Diospyros","cauliflora",204,16.9,"CP"
"35D","NR","Neo-uvaria acuminatissima","ANNONACEAE","Neo-uvaria","acuminatissima",107,10.5,"CP"
"35D","NR","Barringtonia macrostachya","BARRINGTONIACEAE","Barringtonia","macrostachya",145,9.5,"CP"
"35D","NR","Drypetes longifolia","PUTRANJIVACEAE","Drypetes","longifolia",169,16.6,"CP"
"35D","NR","Baccaurea tetrandra","PHYLLANTHACEAE","Baccaurea","tetrandra",136,4.9,"CP"
"35D","NR","Glochidion elmari","PHYLLANTHACEAE","Glochidion","elmari",161,7.3,"CP"
"35D","NR","Diospyros macrophylla","EBENACEAE","Diospyros","macrophylla",192,9.5,"CP"
"35D","NR","Cryptocarya pulchrinervia","LAURACEAE","Cryptocarya","pulchrinervia",327,22.4,"CP"
"35D","NR","Paranephelium macrophyllum","SAPINDACEAE","Paranephelium","macrophyllum",112,11.5,"CP"
"35D","NR","Diospyros macrophylla","EBENACEAE","Diospyros","macrophylla",103,13.5,"CP"
"35D","NR","Planchonia brevistipitata","BARRINGTONIACEAE","Planchonia","brevistipitata",107,10.1,"CP"
"35D","NR","Aglaia odoratissima","MELIACEAE","Aglaia","odoratissima",251,13.3,"CP"
"35D","NR","Canarium denticulatum","BURSERACEAE","Canarium","denticulatum",193,13.5,"CP"
"35D","NR","Callicarpa pentandra","LAMIACEAE","Callicarpa","pentandra",378,20,"CP"
"35D","NR","Macaranga hypoleuca","EUPHORBIACEAE","Macaranga","hypoleuca",121,11.3,"CP"
"35D","NR","Brownlowia peltata","MALVACEAE","Brownlowia","peltata",112,7.7,"CP"
"35D","NR","Canarium denticulatum","BURSERACEAE","Canarium","denticulatum",142,12.2,"CP"
"35D","NR","Dendrocnide elliptica","URTICACEAE","Dendrocnide","elliptica",114,8.4,"CP"
"35D","NR","Pleiocarpidia sandakanica","RUBIACEAE","Pleiocarpidia","sandakanica",121,9.2,"CP"
"35D","NR","Parashorea malaanonan","DIPTEROCARPACEAE","Parashorea","malaanonan",110,12.1,"CP"
"35D","NR","Diospyros macrophylla","EBENACEAE","Diospyros","macrophylla",219,15.6,"CP"
"35D","NR","Canarium denticulatum","BURSERACEAE","Canarium","denticulatum",163,12.7,"CP"
"35D","NR","Chionanthus pluriflorus","OLEACEAE","Chionanthus","pluriflorus",358,17,"CP"
"35D","NR","Parashorea tomentella","DIPTEROCARPACEAE","Parashorea","tomentella",184,7.4,"CP"
"35D","NR","Knema laurina","MYRISTICACEAE","Knema","laurina",121,10.5,"CP"
"35D","NR","Drypetes longifolia","PUTRANJIVACEAE","Drypetes","longifolia",182,18.8,"CP"
"35D","NR","Chionanthus pluriflorus","OLEACEAE","Chionanthus","pluriflorus",181,10.9,"CP"
"35D","NR","Goniothalamus uvarioides","ANNONACEAE","Goniothalamus","uvarioides",143,7.5,"CP"
"35D","NR","Shorea johorensis","DIPTEROCARPACEAE","Shorea","johorensis",322,20.6,"CP"
"35D","NR","Diospyros macrophylla","EBENACEAE","Diospyros","macrophylla",403,19.9,"CP"
"35D","NR","Pterospermum javanicum","MALVACEAE","Pterospermum","javanicum",268,25.7,"CP"
"35D","NR","Unknown unknown mixed","FABACEAE","Unknown","unknown mixed",186,16.6,"CP"
"35D","NR","Diospyros toposia","EBENACEAE","Diospyros","toposia",110,3,"CP"
"35D","NR","Brownlowia peltata","MALVACEAE","Brownlowia","peltata",155,12.6,"CP"
"35D","NR","Dimocarpus longan","SAPINDACEAE","Dimocarpus","longan",168,18.3,"CP"
"35D","NR","Pterospermum javanicum","MALVACEAE","Pterospermum","javanicum",202,18.7,"CP"
"35D","NR","Blumeodendron kurzii","EUPHORBIACEAE","Blumeodendron","kurzii",190,12.1,"CP"
"35D","NR","Nephelium ramboutan-ake","SAPINDACEAE","Nephelium","ramboutan-ake",162,11.6,"CP"
"35D","NR","Diospyros macrophylla","EBENACEAE","Diospyros","macrophylla",181,11.7,"CP"
"35D","NR","Caryodaphnopsis tonkinensis","LAURACEAE","Caryodaphnopsis","tonkinensis",159,17.7,"CP"
"35D","NR","Canarium denticulatum","BURSERACEAE","Canarium","denticulatum",169,12.1,"CP"
"35D","NR","Shorea agamii","DIPTEROCARPACEAE","Shorea","agamii",103,12.5,"CP"
"35D","NR","Castanopsis hypophoenicea","FAGACEAE","Castanopsis","hypophoenicea",111,15.4,"CP"
"35D","NR","Hydnocarpus anomalus","ACHARIACEAE","Hydnocarpus","anomalus",163,13.1,"CP"
"35D","NR","Pseuduvaria reticulata","ANNONACEAE","Pseuduvaria","reticulata",107,11.4,"CP"
"35D","NR","Palaquium beccarianum","SAPOTACEAE","Palaquium","beccarianum",558,33,"CP"
"35D","NR","Goniothalamus uvarioides","ANNONACEAE","Goniothalamus","uvarioides",199,8.4,"CP"
"35D","NR","Leea aculeata","LEEACEAE","Leea","aculeata",105,7.6,"CP"
"35D","NR","Aporusa grandistipula","PHYLLANTHACEAE","Aporusa","grandistipula",105,12.3,"CP"
"35D","NR","Unknown unknown mixed","LIANA","Unknown","unknown mixed",154,66.8,"CP"
"35D","NR","Unknown unknown mixed","LIANA","Unknown","unknown mixed",175,66.8,"CP"
"35D","NR","Shorea johorensis","DIPTEROCARPACEAE","Shorea","johorensis",1488,67.9,"CP"
"35D","NR","Nephelium ramboutan-ake","SAPINDACEAE","Nephelium","ramboutan-ake",161,12.1,"CP"
"35D","NR","Syzygium unknown mixed","MYRTACEAE","Syzygium","unknown mixed",126,10.9,"CP"
"35D","NR","Dehaasia incrassata","LAURACEAE","Dehaasia","incrassata",103,11,"CP"
"35D","NR","Lithocarpus gracilis","FAGACEAE","Lithocarpus","gracilis",112,12.3,"CP"
"35D","NR","Dimocarpus longan","SAPINDACEAE","Dimocarpus","longan",169,14.6,"CP"
"35D","NR","Dimocarpus longan","SAPINDACEAE","Dimocarpus","longan",161,17.7,"CP"
"35D","NR","Shorea johorensis","DIPTEROCARPACEAE","Shorea","johorensis",263,20.5,"CP"
"35D","NR","Lithocarpus gracilis","FAGACEAE","Lithocarpus","gracilis",242,20.3,"CP"
"35D","NR","Brownlowia peltata","MALVACEAE","Brownlowia","peltata",125,5.9,"CP"
"35D","NR","Canarium denticulatum","BURSERACEAE","Canarium","denticulatum",141,17.8,"CP"
"35D","NR","Syzygium unknown mixed","MYRTACEAE","Syzygium","unknown mixed",205,18.6,"CP"
"35D","NR","Parashorea malaanonan","DIPTEROCARPACEAE","Parashorea","malaanonan",107,11.7,"CP"
"35D","NR","Canarium denticulatum","BURSERACEAE","Canarium","denticulatum",150,17.6,"CP"
"35D","NR","Neesia synandra","MALVACEAE","Neesia","synandra",128,12.5,"CP"
"35D","NR","Monoon grandiflorum","ANNONACEAE","Monoon","grandiflorum",123,12.4,"CP"
"35D","NR","Nephelium ramboutan-ake","SAPINDACEAE","Nephelium","ramboutan-ake",214,17.5,"CP"
"35D","NR","Parashorea tomentella","DIPTEROCARPACEAE","Parashorea","tomentella",125,13.2,"CP"
"35D","NR","Sindora irpicina","FABACEAE","Sindora","irpicina",101,10.8,"CP"
"35D","NR","Canarium denticulatum","BURSERACEAE","Canarium","denticulatum",155,15.2,"CP"
"35D","NR","Aglaia unknown mixed","MELIACEAE","Aglaia","unknown mixed",175,10.2,"CP"
"35D","NR","Beilschmiedia unknown mixed","LAURACEAE","Beilschmiedia","unknown mixed",123,11,"CP"
"35D","NR","Shorea seminis","DIPTEROCARPACEAE","Shorea","seminis",261,19.3,"CP"
"35D","NR","Canarium denticulatum","BURSERACEAE","Canarium","denticulatum",206,14,"CP"
"35D","NR","Canarium denticulatum","BURSERACEAE","Canarium","denticulatum",126,16.7,"CP"
"35D","NR","Canarium denticulatum","BURSERACEAE","Canarium","denticulatum",136,20,"CP"
"35D","NR","Meliosma sumatrana","SABIACEAE","Meliosma","sumatrana",102,10.2,"CP"
"35D","NR","Payena unknown mixed","SAPOTACEAE","Payena","unknown mixed",140,12.4,"CP"
"35D","NR","Dehaasia incrassata","LAURACEAE","Dehaasia","incrassata",136,11.9,"CP"
